-- MySQL dump 10.13  Distrib 8.0.45, for Linux (x86_64)
--
-- Host: localhost    Database: dnd_character_manager
-- ------------------------------------------------------
-- Server version	8.0.45

/*!40101 SET @OLD_CHARACTER_SET_CLIENT=@@CHARACTER_SET_CLIENT */;
/*!40101 SET @OLD_CHARACTER_SET_RESULTS=@@CHARACTER_SET_RESULTS */;
/*!40101 SET @OLD_COLLATION_CONNECTION=@@COLLATION_CONNECTION */;
/*!50503 SET NAMES utf8mb4 */;
/*!40103 SET @OLD_TIME_ZONE=@@TIME_ZONE */;
/*!40103 SET TIME_ZONE='+00:00' */;
/*!40014 SET @OLD_UNIQUE_CHECKS=@@UNIQUE_CHECKS, UNIQUE_CHECKS=0 */;
/*!40014 SET @OLD_FOREIGN_KEY_CHECKS=@@FOREIGN_KEY_CHECKS, FOREIGN_KEY_CHECKS=0 */;
/*!40101 SET @OLD_SQL_MODE=@@SQL_MODE, SQL_MODE='NO_AUTO_VALUE_ON_ZERO' */;
/*!40111 SET @OLD_SQL_NOTES=@@SQL_NOTES, SQL_NOTES=0 */;

--
-- Table structure for table `active_effects`
--

DROP TABLE IF EXISTS `active_effects`;
/*!40101 SET @saved_cs_client     = @@character_set_client */;
/*!50503 SET character_set_client = utf8mb4 */;
CREATE TABLE `active_effects` (
  `id` bigint NOT NULL AUTO_INCREMENT,
  `index_name` varchar(255) COLLATE utf8mb4_unicode_ci DEFAULT NULL,
  `name` varchar(255) COLLATE utf8mb4_unicode_ci DEFAULT NULL,
  `description` text COLLATE utf8mb4_unicode_ci,
  `modifier_value` varchar(255) COLLATE utf8mb4_unicode_ci DEFAULT NULL,
  `duration` varchar(255) COLLATE utf8mb4_unicode_ci DEFAULT NULL,
  `requires_concentration` tinyint(1) NOT NULL DEFAULT '0',
  `source` varchar(255) COLLATE utf8mb4_unicode_ci DEFAULT NULL,
  `conditions` text COLLATE utf8mb4_unicode_ci,
  PRIMARY KEY (`id`),
  UNIQUE KEY `index_name` (`index_name`),
  KEY `idx_active_effects_name` (`name`)
) ENGINE=InnoDB DEFAULT CHARSET=utf8mb4 COLLATE=utf8mb4_unicode_ci;
/*!40101 SET character_set_client = @saved_cs_client */;

--
-- Dumping data for table `active_effects`
--

LOCK TABLES `active_effects` WRITE;
/*!40000 ALTER TABLE `active_effects` DISABLE KEYS */;
/*!40000 ALTER TABLE `active_effects` ENABLE KEYS */;
UNLOCK TABLES;

--
-- Table structure for table `background_bonds`
--

DROP TABLE IF EXISTS `background_bonds`;
/*!40101 SET @saved_cs_client     = @@character_set_client */;
/*!50503 SET character_set_client = utf8mb4 */;
CREATE TABLE `background_bonds` (
  `id` bigint NOT NULL AUTO_INCREMENT,
  `background_id` bigint NOT NULL,
  `bond` text COLLATE utf8mb4_unicode_ci,
  PRIMARY KEY (`id`),
  KEY `idx_background_bonds_background` (`background_id`),
  CONSTRAINT `background_bonds_ibfk_1` FOREIGN KEY (`background_id`) REFERENCES `backgrounds` (`id`) ON DELETE CASCADE
) ENGINE=InnoDB AUTO_INCREMENT=79 DEFAULT CHARSET=utf8mb4 COLLATE=utf8mb4_unicode_ci;
/*!40101 SET character_set_client = @saved_cs_client */;

--
-- Dumping data for table `background_bonds`
--

LOCK TABLES `background_bonds` WRITE;
/*!40000 ALTER TABLE `background_bonds` DISABLE KEYS */;
INSERT INTO `background_bonds` VALUES (1,1,'I would die to recover an ancient relic of my faith that was lost long ago.'),(2,1,'I will someday get revenge on the corrupt temple hierarchy who branded me a heretic.'),(3,1,'I owe my life to the priest who took me in when my parents died.'),(4,1,'Everything I do is for the common people.'),(5,1,'I will do anything to protect the temple where I served.'),(6,1,'I seek to preserve a sacred text that my enemies consider heretical and seek to destroy.'),(7,2,'I fleeced the wrong person and must work to ensure that this individual never crosses paths with me or those I care about.'),(8,2,'I owe everything to my mentor — a horrible person who\'s probably rotting in jail somewhere.'),(9,2,'Somewhere out there, I have a child who doesn\'t know me. I\'m making the world better for him or her.'),(10,2,'I come from a noble family, and one day I\'ll reclaim my lands and title from those who stole them from me.'),(11,2,'A powerful person killed someone I love. Some day soon, I\'ll have my revenge.'),(12,2,'I swindled and ruined a person who didn\'t deserve it. I seek to atone for my misdeeds but might never be able to forgive myself.'),(13,3,'I\'m trying to pay off an old debt I owe to a generous benefactor.'),(14,3,'My ill-gotten gains go to support my family.'),(15,3,'Something important was taken from me, and I aim to steal it back.'),(16,3,'I will become the greatest thief that ever lived.'),(17,3,'I\'m guilty of a terrible crime. I hope I can redeem myself for it.'),(18,3,'Someone I loved died because of a mistake I made. That will never happen again.'),(19,4,'My instrument is my most treasured possession, and it reminds me of someone I love.'),(20,4,'Someone stole my precious instrument, and someday I\'ll get it back.'),(21,4,'I want to be famous, whatever it takes.'),(22,4,'I idolize a hero of the old tales and measure my deeds against that person\'s.'),(23,4,'I will do anything to prove myself superior to my hated rival.'),(24,4,'I would do anything for the other members of my old troupe.'),(25,5,'I have a family, but I have no idea where they are. One day, I hope to see them again.'),(26,5,'I worked the land, I love the land, and I will protect the land.'),(27,5,'A proud noble once gave me a horrible beating, and I will take my revenge on any bully I encounter.'),(28,5,'My tools are symbols of my past life, and I carry them so that I will never forget my roots.'),(29,5,'I protect those who cannot protect themselves.'),(30,5,'I wish my childhood sweetheart had come with me to pursue my destiny.'),(31,6,'The workshop where I learned my trade is the most important place in the world to me.'),(32,6,'I created a great work for someone, and then found them unworthy to receive it. I\'m still looking for someone worthy.'),(33,6,'I owe my guild a great debt for forging me into the person I am today.'),(34,6,'I pursue wealth to secure someone\'s love.'),(35,6,'One day I will return to my guild and prove that I am the greatest artisan of them all.'),(36,6,'I will get revenge on the evil forces that destroyed my place of business and ruined my livelihood.'),(37,7,'Nothing is more important than the other members of my hermitage, order, or association.'),(38,7,'I entered seclusion to hide from the ones who might still be hunting me. I must someday confront them.'),(39,7,'I\'m still seeking the enlightenment I pursued in my seclusion, and it still eludes me.'),(40,7,'I entered seclusion because I loved someone I could not have.'),(41,7,'Should my discovery come to light, it could bring ruin to the world.'),(42,7,'My isolation gave me great insight into a great evil that only I can destroy.'),(43,8,'I will face any challenge to win the approval of my family.'),(44,8,'My house\'s alliance with another noble family must be sustained at all costs.'),(45,8,'Nothing is more important than the other members of my family.'),(46,8,'I am in love with the heir of a family that my family despises.'),(47,8,'My loyalty to my sovereign is unwavering.'),(48,8,'The common folk must see me as a hero of the people.'),(49,9,'My family, clan, or tribe is the most important thing in my life, even when they are far from me.'),(50,9,'An injury to the unspoiled wilderness of my home is an injury to me.'),(51,9,'I will bring terrible wrath down on the evildoers who destroyed my homeland.'),(52,9,'I am the last of my tribe, and it is up to me to ensure their names enter legend.'),(53,9,'I suffer awful visions of a coming disaster and will do anything to prevent it.'),(54,9,'It is my duty to provide children to sustain my tribe.'),(55,10,'It is my duty to protect my students.'),(56,10,'I have an ancient text that holds terrible secrets that must not fall into the wrong hands.'),(57,10,'I work to preserve a library, university, scriptorium, or monastery.'),(58,10,'My life\'s work is a series of tomes related to a specific field of lore.'),(59,10,'I\'ve been searching my whole life for the answer to a certain question.'),(60,10,'I sold my soul for knowledge. I hope to do great deeds and win it back.'),(61,11,'I\'m loyal to my captain first, everything else second.'),(62,11,'The ship is most important — crewmates and captains come and go.'),(63,11,'I\'ll always remember my first ship.'),(64,11,'In a harbor town, I have a paramour whose eyes nearly stole me from the sea.'),(65,11,'I was cheated out of my fair share of the profits, and I want to get my due.'),(66,11,'Ruthless pirates murdered my captain and crewmates, plundered our ship, and left me to die. Vengeance will be mine.'),(67,12,'I would still lay down my life for the people I served with.'),(68,12,'Someone saved my life on the battlefield. To this day, I will never leave a friend behind.'),(69,12,'My honor is my life.'),(70,12,'I\'ll never forget the crushing defeat my company suffered or the enemies who dealt it.'),(71,12,'Those who fight beside me are those worth dying for.'),(72,12,'I fight for those who cannot fight for themselves.'),(73,13,'My town or city is my home, and I\'ll fight to defend it.'),(74,13,'I sponsor an orphanage to keep others from enduring what I was forced to endure.'),(75,13,'I owe my survival to another urchin who taught me to live on the streets.'),(76,13,'I owe a debt I can never repay to the person who took pity on me.'),(77,13,'I escaped my life of poverty by robbing an important person, and I\'m wanted for it.'),(78,13,'No one else should have to suffer the way I did.');
/*!40000 ALTER TABLE `background_bonds` ENABLE KEYS */;
UNLOCK TABLES;

--
-- Table structure for table `background_flaws`
--

DROP TABLE IF EXISTS `background_flaws`;
/*!40101 SET @saved_cs_client     = @@character_set_client */;
/*!50503 SET character_set_client = utf8mb4 */;
CREATE TABLE `background_flaws` (
  `id` bigint NOT NULL AUTO_INCREMENT,
  `background_id` bigint NOT NULL,
  `flaw` text COLLATE utf8mb4_unicode_ci,
  PRIMARY KEY (`id`),
  KEY `idx_background_flaws_background` (`background_id`),
  CONSTRAINT `background_flaws_ibfk_1` FOREIGN KEY (`background_id`) REFERENCES `backgrounds` (`id`) ON DELETE CASCADE
) ENGINE=InnoDB AUTO_INCREMENT=79 DEFAULT CHARSET=utf8mb4 COLLATE=utf8mb4_unicode_ci;
/*!40101 SET character_set_client = @saved_cs_client */;

--
-- Dumping data for table `background_flaws`
--

LOCK TABLES `background_flaws` WRITE;
/*!40000 ALTER TABLE `background_flaws` DISABLE KEYS */;
INSERT INTO `background_flaws` VALUES (1,1,'I judge others harshly, and myself even more severely.'),(2,1,'I put too much trust in those who wield power within my temple\'s hierarchy.'),(3,1,'My piety sometimes leads me to blindly trust those that profess faith in my god.'),(4,1,'I am inflexible in my thinking.'),(5,1,'I am suspicious of strangers and expect the worst of them.'),(6,1,'Once I pick a goal, I become obsessed with it to the detriment of everything else in my life.'),(7,2,'I can\'t resist a pretty face.'),(8,2,'I\'m always in debt. I spend my ill-gotten gains on decadent luxuries faster than I bring them in.'),(9,2,'I\'m convinced that no one could ever fool me the way I fool others.'),(10,2,'I\'m too greedy for my own good. I can\'t resist taking a risk if there\'s money involved.'),(11,2,'I can\'t resist swindling people who are more powerful than me.'),(12,2,'I hate to admit it and will hate myself for it, but I\'ll run and preserve my own hide if the going gets tough.'),(13,3,'When I see something valuable, I can\'t think about anything but how to steal it.'),(14,3,'When faced with a choice between money and my friends, I usually choose the money.'),(15,3,'If there\'s a plan, I\'ll forget it. If I don\'t forget it, I\'ll ignore it.'),(16,3,'I have a \"tell\" that reveals when I\'m lying.'),(17,3,'I turn tail and run when things look bad.'),(18,3,'An innocent person is in prison for a crime that I committed. I\'m okay with that.'),(19,4,'I\'ll do anything to win fame and renown.'),(20,4,'I\'m a sucker for a pretty face.'),(21,4,'A scandal prevents me from ever going home again. That kind of trouble seems to follow me around.'),(22,4,'I once satirized a noble who still wants my head. It was a mistake that I will likely repeat.'),(23,4,'I have trouble keeping my true feelings hidden. My sharp tongue lands me in trouble.'),(24,4,'Despite my best efforts, I am unreliable to my friends.'),(25,5,'The tyrant who rules my land will stop at nothing to see me killed.'),(26,5,'I\'m convinced of the significance of my destiny, and blind to my own limitations and the risk of failure.'),(27,5,'The people who knew me when I was young know my shameful secret, so I can never go home again.'),(28,5,'I have a weakness for the vices of the city, especially hard drink.'),(29,5,'Secretly, I believe that things would be better if I were a tyrant lording over the land.'),(30,5,'I have trouble trusting in my allies.'),(31,6,'I\'ll do anything to get my hands on something rare or priceless.'),(32,6,'I\'m quick to assume that someone is trying to cheat me.'),(33,6,'No one must ever learn that I once stole money from guild coffers.'),(34,6,'I\'m never satisfied with what I have — I always want more.'),(35,6,'I would kill to acquire a signature piece from a famous artist.'),(36,6,'I\'m horribly jealous of anyone who can outshine my handiwork.'),(37,7,'Now that I\'ve returned to the world, I enjoy its delights a little too much.'),(38,7,'I harbor dark, bloodthirsty thoughts that my isolation and meditation failed to quell.'),(39,7,'I am dogmatic in my thoughts and philosophy.'),(40,7,'I let my need to win arguments overshadow friendships and harmony.'),(41,7,'I\'d risk too much to uncover a lost bit of knowledge.'),(42,7,'I like keeping secrets and won\'t share them with anyone.'),(43,8,'I secretly believe that everyone is beneath me.'),(44,8,'I hide a truly scandalous secret that could ruin my family forever.'),(45,8,'I too often hear veiled insults and threats in every word addressed to me, and I\'m quick to anger.'),(46,8,'I have an insatiable desire for carnal pleasures.'),(47,8,'In fact, the world does revolve around me.'),(48,8,'By my words and actions, I often bring shame to my family.'),(49,9,'I am too enamored of ale, wine, and other intoxicants.'),(50,9,'There\'s no room for caution in a life lived to the fullest.'),(51,9,'I remember every insult I\'ve received and nurse a silent resentment toward anyone who\'s ever wronged me.'),(52,9,'I am slow to trust members of other races, tribes, and societies.'),(53,9,'Violence is my answer to almost any challenge.'),(54,9,'Don\'t expect me to save those who can\'t save themselves. It is nature\'s way that the strong thrive and the weak perish.'),(55,10,'I am easily distracted by the promise of information.'),(56,10,'Most people scream and run when they see a demon. I stop and take notes on its anatomy.'),(57,10,'Unlocking an ancient mystery is worth the price of a civilization.'),(58,10,'I overlook obvious solutions in favor of complicated ones.'),(59,10,'I speak without really thinking through my words, invariably insulting others.'),(60,10,'I can\'t keep a secret to save my life, or anyone else\'s.'),(61,11,'I follow orders, even if I think they\'re wrong.'),(62,11,'I\'ll say anything to avoid having to do extra work.'),(63,11,'Once someone questions my courage, I never back down no matter how dangerous the situation.'),(64,11,'Once I start drinking, it\'s hard for me to stop.'),(65,11,'I can\'t help but pocket loose coins and other trinkets I come across.'),(66,11,'My pride will probably lead to my destruction.'),(67,12,'The monstrous enemy we faced in battle still leaves me quivering with fear.'),(68,12,'I have little respect for anyone who is not a proven warrior.'),(69,12,'I made a terrible mistake in battle that cost many lives, and I would do anything to keep that mistake secret.'),(70,12,'My hatred of my enemies is blinding and unreasoning.'),(71,12,'I obey the law, even if the law causes misery.'),(72,12,'I\'d rather eat my armor than admit when I\'m wrong.'),(73,13,'If I\'m outnumbered, I will run away from a fight.'),(74,13,'Gold seems like a lot of money to me, and I\'ll do just about anything for more of it.'),(75,13,'I will never fully trust anyone other than myself.'),(76,13,'I\'d rather kill someone in their sleep than fight fair.'),(77,13,'It\'s not stealing if I need it more than someone else.'),(78,13,'People who can\'t take care of themselves get what they deserve.');
/*!40000 ALTER TABLE `background_flaws` ENABLE KEYS */;
UNLOCK TABLES;

--
-- Table structure for table `background_ideals`
--

DROP TABLE IF EXISTS `background_ideals`;
/*!40101 SET @saved_cs_client     = @@character_set_client */;
/*!50503 SET character_set_client = utf8mb4 */;
CREATE TABLE `background_ideals` (
  `id` bigint NOT NULL AUTO_INCREMENT,
  `background_id` bigint NOT NULL,
  `ideal` text COLLATE utf8mb4_unicode_ci,
  PRIMARY KEY (`id`),
  KEY `idx_background_ideals_background` (`background_id`),
  CONSTRAINT `background_ideals_ibfk_1` FOREIGN KEY (`background_id`) REFERENCES `backgrounds` (`id`) ON DELETE CASCADE
) ENGINE=InnoDB AUTO_INCREMENT=79 DEFAULT CHARSET=utf8mb4 COLLATE=utf8mb4_unicode_ci;
/*!40101 SET character_set_client = @saved_cs_client */;

--
-- Dumping data for table `background_ideals`
--

LOCK TABLES `background_ideals` WRITE;
/*!40000 ALTER TABLE `background_ideals` DISABLE KEYS */;
INSERT INTO `background_ideals` VALUES (1,1,'Tradition. The ancient traditions of worship and sacrifice must be preserved and upheld.'),(2,1,'Charity. I always try to help those in need, no matter what the personal cost.'),(3,1,'Change. We must help bring about the changes the gods are constantly working in the world.'),(4,1,'Power. I hope to one day rise to the top of my faith\'s religious hierarchy.'),(5,1,'Faith. I trust that my deity will guide my actions. I have faith that if I work hard, things will go well.'),(6,1,'Aspiration. I seek to prove myself worthy of my god\'s favor by matching my actions against his or her teachings.'),(7,2,'Independence. I am a free spirit — no one tells me what to do.'),(8,2,'Fairness. I never target people who can\'t afford to lose a few coins.'),(9,2,'Creativity. I never run the same con twice.'),(10,2,'Friendship. Material goods come and go. Bonds of friendship last forever.'),(11,2,'Aspiration. I\'m determined to make something of myself.'),(12,2,'Redemption. I\'m trying to pay off an old debt I owe to a generous benefactor.'),(13,3,'Honor. I don\'t steal from others in the trade.'),(14,3,'Freedom. Chains are meant to be broken, as are those who would forge them.'),(15,3,'Charity. I steal from the wealthy so that I can help people in need.'),(16,3,'Greed. I will do whatever it takes to become wealthy.'),(17,3,'People. I\'m loyal to my friends, not to any ideals, and everyone else can take a trip down the Styx for all I care.'),(18,3,'Redemption. There\'s a spark of good in everyone.'),(19,4,'Beauty. When I perform, I make the world better than it was.'),(20,4,'Tradition. The stories, legends, and songs of the past must never be forgotten.'),(21,4,'Creativity. The world is in need of new ideas and bold action.'),(22,4,'Greed. I\'m only in it for the money and fame.'),(23,4,'People. I like seeing the smiles on people\'s faces when I perform.'),(24,4,'Honesty. Art should reflect the soul; it should come from within and reveal who we really are.'),(25,5,'Respect. People deserve to be treated with dignity and respect.'),(26,5,'Fairness. No one should get preferential treatment before the law, and no one is above the law.'),(27,5,'Freedom. Tyrants must not be allowed to oppress the people.'),(28,5,'Might. If I become strong, I can take what I want — what I deserve.'),(29,5,'Sincerity. There\'s no good in pretending to be something I\'m not.'),(30,5,'Destiny. Nothing and no one can steer me away from my higher calling.'),(31,6,'Community. It is the duty of all civilized people to strengthen the bonds of community and the security of civilization.'),(32,6,'Generosity. My talents were given to me so that I could use them to benefit the world.'),(33,6,'Freedom. Everyone should be free to pursue his or her own livelihood.'),(34,6,'Greed. I\'m only in it for the money.'),(35,6,'People. I\'m committed to the people I care about, not to ideals.'),(36,6,'Aspiration. I work hard to be the best there is at my craft.'),(37,7,'Greater Good. My gifts are meant to be shared with all, not used for my own benefit.'),(38,7,'Logic. Emotions must not cloud our sense of what is right and true.'),(39,7,'Free Thinking. Inquiry and curiosity are the pillars of progress.'),(40,7,'Power. Solitude and contemplation are paths toward mystical or magical power.'),(41,7,'Live and Let Live. Meddling in the affairs of others only causes trouble.'),(42,7,'Self-Knowledge. If you know yourself, there\'s nothing left to know.'),(43,8,'Respect. Respect is due to me because of my position, but all people regardless of station deserve to be treated with dignity.'),(44,8,'Responsibility. It is my duty to respect the authority of those above me, just as those below me must respect mine.'),(45,8,'Independence. I must prove that I can handle myself without the coddling of my family.'),(46,8,'Power. If I can attain more power, no one will tell me what to do.'),(47,8,'Family. Blood runs thicker than water.'),(48,8,'Noble Obligation. It is my duty to protect and care for the people beneath me.'),(49,9,'Change. Life is like the seasons, in constant change, and we must change with it.'),(50,9,'Greater Good. It is each person\'s responsibility to make the most happiness for the whole tribe.'),(51,9,'Honor. If I dishonor myself, I dishonor my whole clan.'),(52,9,'Might. The strongest are meant to rule.'),(53,9,'Nature. The natural world is more important than all the constructs of civilization.'),(54,9,'Glory. I must earn glory in battle, for myself and my clan.'),(55,10,'Knowledge. The path to power and self-improvement is through knowledge.'),(56,10,'Beauty. What is beautiful points us beyond itself toward what is true.'),(57,10,'Logic. Emotions must not cloud our logical thinking.'),(58,10,'No Limits. Nothing should fetter the infinite possibility inherent in all existence.'),(59,10,'Power. Knowledge is the path to power and domination.'),(60,10,'Self-Improvement. The goal of a life of study is the betterment of oneself.'),(61,11,'Respect. The thing that keeps a ship together is mutual respect between captain and crew.'),(62,11,'Fairness. We all do the work, so we all share in the rewards.'),(63,11,'Freedom. The sea is freedom — the freedom to go anywhere and do anything.'),(64,11,'Mastery. I\'m a predator, and the other ships on the sea are my prey.'),(65,11,'People. I\'m committed to my crewmates, not to ideals.'),(66,11,'Aspiration. Someday I\'ll own my own ship and chart my own destiny.'),(67,12,'Greater Good. Our lot is to lay down our lives in defense of others.'),(68,12,'Responsibility. I do what I must and obey just authority.'),(69,12,'Independence. When people follow orders blindly, they embrace a kind of tyranny.'),(70,12,'Might. In life as in war, the stronger force wins.'),(71,12,'Live and Let Live. Ideals aren\'t worth killing over or going to war for.'),(72,12,'Nation. My city, nation, or people are all that matter.'),(73,13,'Respect. All people, rich or poor, deserve respect.'),(74,13,'Community. We have to take care of each other, because no one else is going to do it.'),(75,13,'Change. The low are lifted up, and the high and mighty are brought down. Change is the nature of things.'),(76,13,'Retribution. The rich need to be shown what life and death are like in the gutters.'),(77,13,'People. I help the people who help me — that\'s what keeps us alive.'),(78,13,'Aspiration. I\'m going to prove that I\'m worthy of a better life.');
/*!40000 ALTER TABLE `background_ideals` ENABLE KEYS */;
UNLOCK TABLES;

--
-- Table structure for table `background_languages`
--

DROP TABLE IF EXISTS `background_languages`;
/*!40101 SET @saved_cs_client     = @@character_set_client */;
/*!50503 SET character_set_client = utf8mb4 */;
CREATE TABLE `background_languages` (
  `background_id` bigint NOT NULL,
  `language` varchar(255) COLLATE utf8mb4_unicode_ci NOT NULL,
  PRIMARY KEY (`background_id`,`language`),
  CONSTRAINT `background_languages_ibfk_1` FOREIGN KEY (`background_id`) REFERENCES `backgrounds` (`id`) ON DELETE CASCADE
) ENGINE=InnoDB DEFAULT CHARSET=utf8mb4 COLLATE=utf8mb4_unicode_ci;
/*!40101 SET character_set_client = @saved_cs_client */;

--
-- Dumping data for table `background_languages`
--

LOCK TABLES `background_languages` WRITE;
/*!40000 ALTER TABLE `background_languages` DISABLE KEYS */;
/*!40000 ALTER TABLE `background_languages` ENABLE KEYS */;
UNLOCK TABLES;

--
-- Table structure for table `background_personality_traits`
--

DROP TABLE IF EXISTS `background_personality_traits`;
/*!40101 SET @saved_cs_client     = @@character_set_client */;
/*!50503 SET character_set_client = utf8mb4 */;
CREATE TABLE `background_personality_traits` (
  `id` bigint NOT NULL AUTO_INCREMENT,
  `background_id` bigint NOT NULL,
  `trait` text COLLATE utf8mb4_unicode_ci,
  PRIMARY KEY (`id`),
  KEY `idx_background_personality_traits_background` (`background_id`),
  CONSTRAINT `background_personality_traits_ibfk_1` FOREIGN KEY (`background_id`) REFERENCES `backgrounds` (`id`) ON DELETE CASCADE
) ENGINE=InnoDB AUTO_INCREMENT=105 DEFAULT CHARSET=utf8mb4 COLLATE=utf8mb4_unicode_ci;
/*!40101 SET character_set_client = @saved_cs_client */;

--
-- Dumping data for table `background_personality_traits`
--

LOCK TABLES `background_personality_traits` WRITE;
/*!40000 ALTER TABLE `background_personality_traits` DISABLE KEYS */;
INSERT INTO `background_personality_traits` VALUES (1,1,'I idolize a particular hero of my faith, and constantly refer to that person\'s deeds and example.'),(2,1,'I can find common ground between the fiercest enemies, empathizing with them and always working toward peace.'),(3,1,'I see omens in every event and action. The gods try to speak to us, we just need to listen.'),(4,1,'Nothing can shake my optimistic attitude.'),(5,1,'I quote (or misquote) sacred texts and proverbs in almost every situation.'),(6,1,'I am tolerant (or intolerant) of other faiths and respect (or condemn) the worship of other gods.'),(7,1,'I\'ve enjoyed fine food, drink, and high society among my temple\'s elite. Rough living grates on me.'),(8,1,'I\'ve spent so long in the temple that I have little practical experience dealing with people in the outside world.'),(9,2,'I fall in and out of love easily, and am always pursuing someone.'),(10,2,'I have a joke for every occasion, especially occasions where humor is inappropriate.'),(11,2,'Flattery is my preferred trick for getting what I want.'),(12,2,'I\'m a born gambler who can\'t resist taking a risk for a potential payoff.'),(13,2,'I lie about almost everything, even when there\'s no good reason to.'),(14,2,'Sarcasm and insults are my weapons of choice.'),(15,2,'I keep multiple holy symbols on me and invoke whatever deity seems most useful at any given moment.'),(16,2,'I pocket anything I see that might have some value.'),(17,3,'I always have a plan for what to do when things go wrong.'),(18,3,'I am always calm, no matter what the situation. I never raise my voice or let my emotions control me.'),(19,3,'The first thing I do in a new place is note the locations of everything valuable — or where such things could be hidden.'),(20,3,'I would rather make a new friend than a new enemy.'),(21,3,'I am incredibly slow to trust. Those who seem the fairest often have the most to hide.'),(22,3,'I don\'t pay attention to the risks in a situation. Never tell me the odds.'),(23,3,'The best way to get me to do something is to tell me I can\'t do it.'),(24,3,'I blow up at the slightest insult.'),(25,4,'I know a story relevant to almost every situation.'),(26,4,'Whenever I come to a new place, I collect local rumors and spread gossip.'),(27,4,'I\'m a hopeless romantic, always searching for that \"special someone.\"'),(28,4,'Nobody stays angry at me or around me for long, since I can defuse any amount of tension.'),(29,4,'I love a good insult, even one directed at me.'),(30,4,'I get bitter if I\'m not the center of attention.'),(31,4,'I\'ll settle for nothing less than perfection.'),(32,4,'I change my mood or my mind as quickly as I change key in a song.'),(33,5,'I judge people by their actions, not their words.'),(34,5,'If someone is in trouble, I\'m always ready to lend help.'),(35,5,'When I set my mind to something, I follow through no matter what gets in my way.'),(36,5,'I have a strong sense of fair play and always try to find the most equitable solution to arguments.'),(37,5,'I\'m confident in my own abilities and do what I can to instill that same confidence in others.'),(38,5,'Thinking is for other people. I prefer action.'),(39,5,'I misuse long words in an attempt to sound smarter.'),(40,5,'I get bored easily. When am I going to get on with my destiny?'),(41,6,'I believe that anything worth doing is worth doing right. I can\'t help it — I\'m a perfectionist.'),(42,6,'I\'m a snob who looks down on those who can\'t appreciate fine art.'),(43,6,'I always want to know how things work and what makes people tick.'),(44,6,'I\'m full of witty aphorisms and have a proverb for every occasion.'),(45,6,'I\'m rude to people who lack my commitment to hard work and fair play.'),(46,6,'I like to talk at length about my profession.'),(47,6,'I don\'t part with my money easily and will haggle tirelessly to get the best deal possible.'),(48,6,'I\'m well known for my work, and I want to make sure everyone appreciates it.'),(49,7,'I\'ve been isolated for so long that I rarely speak, preferring gestures and the occasional grunt.'),(50,7,'I am utterly serene, even in the face of disaster.'),(51,7,'The leader of my community had something wise to say on every topic, and I am eager to share that wisdom.'),(52,7,'I feel tremendous empathy for all who suffer.'),(53,7,'I\'m oblivious to etiquette and social expectations.'),(54,7,'I connect everything that happens to me to a grand, cosmic plan.'),(55,7,'I often get lost in my own thoughts and contemplation, becoming oblivious to my surroundings.'),(56,7,'I am working on a grand philosophical theory and love sharing my ideas.'),(57,8,'My eloquent flattery makes everyone I talk to feel like the most wonderful and important person in the world.'),(58,8,'The common folk love me for my kindness and generosity.'),(59,8,'No one could doubt by looking at my regal bearing that I am a cut above the unwashed masses.'),(60,8,'I take great pains to always look my best and follow the latest fashions.'),(61,8,'I don\'t like to get dirty, and I won\'t be caught dead in unsuitable accommodations.'),(62,8,'Despite my noble birth, I do not place myself above other folk. We all have the same blood.'),(63,8,'My favor, once lost, is lost forever.'),(64,8,'If you do me an injury, I will crush you, ruin your name, and salt your fields.'),(65,9,'I\'m driven by a wanderlust that led me away from home.'),(66,9,'I watch over my friends as if they were a litter of newborn pups.'),(67,9,'I once ran twenty-five miles without stopping to warn my clan of an approaching orc horde.'),(68,9,'I have a lesson for every situation, drawn from observing nature.'),(69,9,'I place no stock in wealthy or well-mannered folk. Money and manners won\'t save you from a hungry owlbear.'),(70,9,'I\'m always picking things up, absently fiddling with them, and sometimes accidentally breaking them.'),(71,9,'I feel far more comfortable around animals than people.'),(72,9,'I was, in fact, raised by wolves.'),(73,10,'I use polysyllabic words that convey the impression of great erudition.'),(74,10,'I\'ve read every book in the world\'s greatest libraries — or I like to boast that I have.'),(75,10,'I\'m used to helping out those who aren\'t as smart as I am, and I patiently explain anything and everything to others.'),(76,10,'There\'s nothing I like more than a good mystery.'),(77,10,'I\'m willing to listen to every side of an argument before I make my own judgment.'),(78,10,'I... speak... slowly... when talking to idiots, which almost everyone is compared to me.'),(79,10,'I am horribly, horribly awkward in social situations.'),(80,10,'I\'m convinced that people are always trying to steal my secrets.'),(81,11,'My friends know they can rely on me, no matter what.'),(82,11,'I work hard so that I can play hard when the work is done.'),(83,11,'I enjoy sailing into new ports and making new friends over a flagon of ale.'),(84,11,'I stretch the truth for the sake of a good story.'),(85,11,'To me, a tavern brawl is a nice way to get to know a new city.'),(86,11,'I never pass up a friendly wager.'),(87,11,'My language is as foul as an otyugh nest.'),(88,11,'I like a job well done, especially if I can convince someone else to do it.'),(89,12,'I\'m always polite and respectful.'),(90,12,'I\'m haunted by memories of war. I wake up screaming at the terrors of my past.'),(91,12,'I\'ve lost too many friends, and I\'m slow to make new ones.'),(92,12,'I\'m full of inspiring and cautionary tales from my military experience relevant to almost every combat situation.'),(93,12,'I can stare down a hell hound without flinching.'),(94,12,'I enjoy being strong and like breaking things.'),(95,12,'I have a crude sense of humor.'),(96,12,'I face problems head-on. A simple, direct solution is the best path to success.'),(97,13,'I hide scraps of food and trinkets away in my pockets.'),(98,13,'I ask a lot of questions.'),(99,13,'I like to squeeze into small places where no one else can get to me.'),(100,13,'I sleep with my back to a wall or tree, with everything I own wrapped in a bundle in my arms.'),(101,13,'I eat like a pig and have bad manners.'),(102,13,'I think anyone who\'s nice to me is hiding evil intent.'),(103,13,'I don\'t like to bathe.'),(104,13,'I bluntly say what other people are hinting at or dancing around.');
/*!40000 ALTER TABLE `background_personality_traits` ENABLE KEYS */;
UNLOCK TABLES;

--
-- Table structure for table `background_skill_proficiencies`
--

DROP TABLE IF EXISTS `background_skill_proficiencies`;
/*!40101 SET @saved_cs_client     = @@character_set_client */;
/*!50503 SET character_set_client = utf8mb4 */;
CREATE TABLE `background_skill_proficiencies` (
  `background_id` bigint NOT NULL,
  `skill` varchar(255) COLLATE utf8mb4_unicode_ci NOT NULL,
  PRIMARY KEY (`background_id`,`skill`),
  CONSTRAINT `background_skill_proficiencies_ibfk_1` FOREIGN KEY (`background_id`) REFERENCES `backgrounds` (`id`) ON DELETE CASCADE
) ENGINE=InnoDB DEFAULT CHARSET=utf8mb4 COLLATE=utf8mb4_unicode_ci;
/*!40101 SET character_set_client = @saved_cs_client */;

--
-- Dumping data for table `background_skill_proficiencies`
--

LOCK TABLES `background_skill_proficiencies` WRITE;
/*!40000 ALTER TABLE `background_skill_proficiencies` DISABLE KEYS */;
INSERT INTO `background_skill_proficiencies` VALUES (1,'skill-insight'),(1,'skill-religion'),(2,'skill-deception'),(2,'skill-sleight-of-hand'),(3,'skill-deception'),(3,'skill-stealth'),(4,'skill-acrobatics'),(4,'skill-performance'),(5,'skill-animal-handling'),(5,'skill-survival'),(6,'skill-insight'),(6,'skill-persuasion'),(7,'skill-medicine'),(7,'skill-religion'),(8,'skill-history'),(8,'skill-persuasion'),(9,'skill-athletics'),(9,'skill-survival'),(10,'skill-arcana'),(10,'skill-history'),(11,'skill-athletics'),(11,'skill-perception'),(12,'skill-athletics'),(12,'skill-intimidation'),(13,'skill-sleight-of-hand'),(13,'skill-stealth');
/*!40000 ALTER TABLE `background_skill_proficiencies` ENABLE KEYS */;
UNLOCK TABLES;

--
-- Table structure for table `background_tool_proficiencies`
--

DROP TABLE IF EXISTS `background_tool_proficiencies`;
/*!40101 SET @saved_cs_client     = @@character_set_client */;
/*!50503 SET character_set_client = utf8mb4 */;
CREATE TABLE `background_tool_proficiencies` (
  `background_id` bigint NOT NULL,
  `tool` varchar(255) COLLATE utf8mb4_unicode_ci NOT NULL,
  PRIMARY KEY (`background_id`,`tool`),
  CONSTRAINT `background_tool_proficiencies_ibfk_1` FOREIGN KEY (`background_id`) REFERENCES `backgrounds` (`id`) ON DELETE CASCADE
) ENGINE=InnoDB DEFAULT CHARSET=utf8mb4 COLLATE=utf8mb4_unicode_ci;
/*!40101 SET character_set_client = @saved_cs_client */;

--
-- Dumping data for table `background_tool_proficiencies`
--

LOCK TABLES `background_tool_proficiencies` WRITE;
/*!40000 ALTER TABLE `background_tool_proficiencies` DISABLE KEYS */;
INSERT INTO `background_tool_proficiencies` VALUES (2,'Disguise kit'),(2,'Forgery kit'),(3,'One type of gaming set'),(3,'Thieves\' tools'),(4,'Disguise kit'),(4,'One type of musical instrument'),(5,'One type of artisan\'s tools'),(5,'Vehicles (land)'),(6,'One type of artisan\'s tools'),(7,'Herbalism kit'),(8,'One type of gaming set'),(9,'One type of musical instrument'),(11,'Navigator\'s tools'),(11,'Vehicles (water)'),(12,'One type of gaming set'),(12,'Vehicles (land)'),(13,'Disguise kit'),(13,'Thieves\' tools');
/*!40000 ALTER TABLE `background_tool_proficiencies` ENABLE KEYS */;
UNLOCK TABLES;

--
-- Table structure for table `backgrounds`
--

DROP TABLE IF EXISTS `backgrounds`;
/*!40101 SET @saved_cs_client     = @@character_set_client */;
/*!50503 SET character_set_client = utf8mb4 */;
CREATE TABLE `backgrounds` (
  `id` bigint NOT NULL AUTO_INCREMENT,
  `index_name` varchar(255) COLLATE utf8mb4_unicode_ci DEFAULT NULL,
  `name` varchar(255) COLLATE utf8mb4_unicode_ci DEFAULT NULL,
  `language_options` int NOT NULL DEFAULT '0',
  `feature` text COLLATE utf8mb4_unicode_ci,
  `feature_description` text COLLATE utf8mb4_unicode_ci,
  `description` text COLLATE utf8mb4_unicode_ci,
  PRIMARY KEY (`id`),
  UNIQUE KEY `index_name` (`index_name`),
  UNIQUE KEY `name` (`name`)
) ENGINE=InnoDB AUTO_INCREMENT=14 DEFAULT CHARSET=utf8mb4 COLLATE=utf8mb4_unicode_ci;
/*!40101 SET character_set_client = @saved_cs_client */;

--
-- Dumping data for table `backgrounds`
--

LOCK TABLES `backgrounds` WRITE;
/*!40000 ALTER TABLE `backgrounds` DISABLE KEYS */;
INSERT INTO `backgrounds` VALUES (1,'acolyte','Acolyte',0,'Shelter of the Faithful','As an acolyte, you command the respect of those who share your faith, and you can perform the religious ceremonies of your deity. You and your adventuring companions can expect to receive free healing and care at a temple, shrine, or other established presence of your faith, though you must provide any material components needed for spells. Those who share your religion will support you (but only you) at a modest lifestyle.\nYou might also have ties to a specific temple dedicated to your chosen deity or pantheon, and you have a residence there. This could be the temple where you used to serve, if you remain on good terms with it, or a temple where you have found a new home. While near your temple, you can call upon the priests for assistance, provided the assistance you ask for is not hazardous and you remain in good standing with your temple.','You have spent your life in the service of a temple to a specific god or pantheon of gods. You act as an intermediary between the realm of the holy and the mortal world, performing sacred rites and offering sacrifices in order to conduct worshipers into the presence of the divine. You are not necessarily a cleric – performing sacred rites is not the same thing as channeling divine power.\n\nChoose a god, a pantheon of gods, or some other quasi-divine being, and work with your DM to detail the nature of your religious service. Were you a lesser functionary in a temple, raised from childhood to assist the priests in the sacred rites? Or were you a high priest who suddenly experienced a call to serve your god in a different way? Perhaps you were the leader of a small cult outside of any established temple structure, or even an occult group that served a fiendish master that you now deny.'),(2,'charlatan','Charlatan',0,'False Identity','You have created a second identity that includes documentation, established acquaintances, and disguises that allow you to assume that persona. Additionally, you can forge documents including official papers and personal letters, as long as you have seen an example of the kind of document or the handwriting you are trying to copy.','You have always had a way with people. You know what makes them tick, you can tease out their conceits and worries within minutes of meeting them, and you know how to use them. It did not take you long to adopt this facilitation as a more profitable way of life. You know what people want and you deliver, or rather, you promise to deliver. Common sense should steer people away from things that seem too good to be true, but common sense seems to be a commodity you have never lacked — while your marks seemed to have lost it entirely.'),(3,'criminal','Criminal',0,'Criminal Contact','You have a reliable and trustworthy contact who acts as your liaison to a network of other criminals. You know how to get messages to and from your contact, even over great distances; specifically, you know the local messengers, corrupt caravan masters, and seedy sailors who can deliver messages for you.','You are an experienced criminal with a history of breaking the law. You have spent a lot of time among other criminals and still have contacts within the criminal underworld. You\'re far closer than most people to the world of murder, theft, and violence that pervades the underbelly of civilization, and you have survived up to this point by flouting the rules and regulations of society.'),(4,'entertainer','Entertainer',0,'By Popular Demand','You can always find a place to perform, usually in an inn or tavern but possibly with a circus, at a theater, or even in a noble\'s court. At such a place, you receive free lodging and food of a modest or comfortable standard (depending on the quality of the establishment), as long as you perform each night. In addition, your performance makes you something of a local figure. When strangers recognize you in a town where you have performed, they typically take a liking to you.','You thrive in front of an audience. You know how to entrance them, entertain them, and even inspire them. Your poetics can stir the hearts of those who hear you, awakening grief or joy, laughter or anger. Your music raises their spirits or captures their sorrow. Your dance steps captivate, your humor cuts to the quick. Whatever techniques you use, your art is your life.'),(5,'folk-hero','Folk Hero',0,'Rustic Hospitality','Since you come from the ranks of the common folk, you fit in among them with ease. You can find a place to hide, rest, or recuperate among other commoners, unless you have shown yourself to be a danger to them. They will shield you from the law or anyone else searching for you, though they will not risk their lives for you.','You come from a humble social rank, but you are destined for so much more. Already the people of your home village regard you as their champion, and your destiny calls you to stand against the tyrants and monsters that threaten the common folk everywhere.'),(6,'guild-artisan','Guild Artisan',1,'Guild Membership','As an established and respected member of a guild, you can rely on certain benefits that membership provides. Your fellow guild members will provide you with lodging and food if necessary, and pay for your funeral if needed. In some cities and towns, a guildhall offers a central place to meet other members of your profession, which can be a good place to meet potential patrons, allies, or hirelings. Guilds often wield tremendous political power. If you are accused of a crime, your guild will support you if a good case can be made for your innocence or the crime is justifiable. You can also gain access to powerful political figures through the guild, if you are a member in good standing.','You are a member of an artisan\'s guild, skilled in a particular field and closely associated with other artisans. You are a well-established part of the mercantile world, freed by talent and wealth from the constraints of a feudal social order. You learned your skills as an apprentice to a master artisan, under the sponsorship of your guild, until you became a master in your own right.'),(7,'hermit','Hermit',1,'Discovery','The quiet seclusion of your extended hermitage gave you access to a unique and powerful discovery. The exact nature of this revelation depends on the nature of your seclusion. It might be a great truth about the cosmos, the deities, the powerful beings of the outer planes, or the forces of nature. It could be a site that no one else has ever seen. You might have uncovered a fact that has long been forgotten, or unearthed some relic of the past that could rewrite history. It might be information that would be damaging to the people who or consigned you to exile, and hence the reason for your return to society.','You lived in seclusion — either in a sheltered community such as a monastery, or entirely alone — for a formative part of your life. In your time apart from the clamor of society, you found quiet, solitude, and perhaps some of the answers you were looking for.'),(8,'noble','Noble',1,'Position of Privilege','Thanks to your noble birth, people are inclined to think the best of you. You are welcome in high society, and people assume you have the right to be wherever you are. The common folk make every effort to accommodate you and avoid your displeasure, and other people of high birth treat you as a member of the same social sphere. You can secure an audience with a local noble if you need to.','You understand wealth, power, and privilege. You carry a noble title, and your family owns land, collects taxes, and wields significant political influence. You might be a pampered aristocrat unfamiliar with work or discomfort, a former merchant just elevated to the nobility, or a disinherited scoundrel with a disproportionate sense of entitlement. Or you could be an honest, hard-working landowner who cares deeply about the people who live and work on your land, keenly aware of your responsibility to them.'),(9,'outlander','Outlander',1,'Wanderer','You have an excellent memory for maps and geography, and you can always recall the general layout of terrain, settlements, and other features around you. In addition, you can find food and fresh water for yourself and up to five other people each day, provided that the land offers berries, small game, water, and so forth.','You grew up in the wilds, far from civilization and the comforts of town and technology. You\'ve witnessed the migration of herds larger than forests, survived weather more extreme than any city-dweller could comprehend, and enjoyed the solitude of being the only thinking creature for miles in any direction. The wilds are in your blood, whether you were a nomad, an explorer, a recluse, a hunter-gatherer, or even a marauder. Even in places where you don\'t know the specific features of the terrain, you know the ways of the wild.'),(10,'sage','Sage',2,'Researcher','When you attempt to learn or recall a piece of lore, if you do not know that information, you often know where and from whom you can obtain it. Usually, this information comes from a library, scriptorium, university, or a sage or other learned person or creature. Your DM might rule that the knowledge you seek is secreted away in an almost inaccessible place, or that it simply cannot be found. Unearthing the deepest secrets of the multiverse can require an adventure or even a whole campaign.','You spent years learning the lore of the multiverse. You scoured manuscripts, studied scrolls, and listened to the greatest experts on the subjects that interest you. Your efforts have made you a master of your chosen fields of study.'),(11,'sailor','Sailor',0,'Ship\'s Passage','When you need to, you can secure free passage on a sailing ship for yourself and your adventuring companions. You might sail on the ship you served on, or another ship you have good relations with (perhaps one captained by a former crewmate). Because you\'re calling in a favor, you can\'t be certain of a schedule or route that will meet your every need. Your Dungeon Master will determine how long it takes to get where you need to go. In return for your free passage, you and your companions are expected to assist the crew during the voyage.','You sailed on a seagoing vessel for years. In that time, you faced down mighty storms, monsters of the deep, and those who wanted to sink your craft to the bottomless depths. Your first love is the distant line of the horizon, but the time has come to try your hand at something new. Discuss the details of your career with your Dungeon Master. Were you a merchant sailor, a naval officer, a product of a nautical family tradition, or a pirate?'),(12,'soldier','Soldier',0,'Military Rank','You have a military rank from your career as a soldier. Soldiers loyal to your former military organization still recognize your authority and influence, and they defer to you if they are of a lower rank. You can invoke your rank to exert influence over other soldiers and requisition simple equipment or horses for temporary use. You can also usually gain access to friendly military encampments and fortresses where your rank is recognized.','War has been your life for as long as you care to remember. You trained as a youth, studied the use of weapons and armor, learned basic survival techniques, including how to stay alive on the battlefield. You might have been part of a standing national army or a mercenary company, or perhaps a member of a local militia who rose to prominence during a recent war. When the fighting is over, soldiers typically find it difficult to leave the life of combat behind.'),(13,'urchin','Urchin',0,'City Secrets','You know the secret patterns and flow to cities and can find passages through the urban sprawl that others would miss. When you are not in combat, you (and companions you lead) can travel between any two locations in the city twice as fast as your speed would normally allow.','You grew up on the streets alone, orphaned, and poor. You had no one to watch over you or to provide for you, so you learned to provide for yourself. You fought fiercely over food and kept a constant watch out for other desperate souls who might take what you had. You slept on rooftops and in alleyways, exposed to the elements, and endured sickness without the advantage of medicine or a place to recuperate. You\'ve survived despite all odds, and did so through cunning, strength, or speed. You begin your adventuring career with enough money to live modestly but securely for at least ten days. How did you come by that money? What allowed you to break free of your desperate circumstances and embark on a better life?');
/*!40000 ALTER TABLE `backgrounds` ENABLE KEYS */;
UNLOCK TABLES;

--
-- Table structure for table `character_abilities`
--

DROP TABLE IF EXISTS `character_abilities`;
/*!40101 SET @saved_cs_client     = @@character_set_client */;
/*!50503 SET character_set_client = utf8mb4 */;
CREATE TABLE `character_abilities` (
  `character_id` bigint NOT NULL,
  `ability` varchar(255) COLLATE utf8mb4_unicode_ci NOT NULL,
  `score` int NOT NULL,
  PRIMARY KEY (`character_id`,`ability`),
  CONSTRAINT `character_abilities_ibfk_1` FOREIGN KEY (`character_id`) REFERENCES `characters` (`id`) ON DELETE CASCADE
) ENGINE=InnoDB DEFAULT CHARSET=utf8mb4 COLLATE=utf8mb4_unicode_ci;
/*!40101 SET character_set_client = @saved_cs_client */;

--
-- Dumping data for table `character_abilities`
--

LOCK TABLES `character_abilities` WRITE;
/*!40000 ALTER TABLE `character_abilities` DISABLE KEYS */;
INSERT INTO `character_abilities` VALUES (47,'cha',8),(47,'con',13),(47,'dex',17),(47,'int',10),(47,'str',12),(47,'wis',14),(48,'cha',11),(48,'con',10),(48,'dex',10),(48,'int',10),(48,'str',12),(48,'wis',10),(49,'cha',11),(49,'con',10),(49,'dex',10),(49,'int',10),(49,'str',12),(49,'wis',10),(52,'cha',10),(52,'con',12),(52,'dex',9),(52,'int',10),(52,'str',13),(52,'wis',14);
/*!40000 ALTER TABLE `character_abilities` ENABLE KEYS */;
UNLOCK TABLES;

--
-- Table structure for table `character_active_effects`
--

DROP TABLE IF EXISTS `character_active_effects`;
/*!40101 SET @saved_cs_client     = @@character_set_client */;
/*!50503 SET character_set_client = utf8mb4 */;
CREATE TABLE `character_active_effects` (
  `id` bigint NOT NULL AUTO_INCREMENT,
  `character_id` bigint NOT NULL,
  `effect_id` bigint NOT NULL,
  `active` tinyint(1) NOT NULL DEFAULT '1',
  `applied_at` datetime DEFAULT NULL,
  `remaining_rounds` int DEFAULT NULL,
  `caster_level` int DEFAULT NULL,
  `notes` text COLLATE utf8mb4_unicode_ci,
  PRIMARY KEY (`id`),
  KEY `effect_id` (`effect_id`),
  KEY `idx_character_active_effects` (`character_id`),
  CONSTRAINT `character_active_effects_ibfk_1` FOREIGN KEY (`character_id`) REFERENCES `characters` (`id`) ON DELETE CASCADE,
  CONSTRAINT `character_active_effects_ibfk_2` FOREIGN KEY (`effect_id`) REFERENCES `active_effects` (`id`) ON DELETE CASCADE
) ENGINE=InnoDB DEFAULT CHARSET=utf8mb4 COLLATE=utf8mb4_unicode_ci;
/*!40101 SET character_set_client = @saved_cs_client */;

--
-- Dumping data for table `character_active_effects`
--

LOCK TABLES `character_active_effects` WRITE;
/*!40000 ALTER TABLE `character_active_effects` DISABLE KEYS */;
/*!40000 ALTER TABLE `character_active_effects` ENABLE KEYS */;
UNLOCK TABLES;

--
-- Table structure for table `character_class_resources`
--

DROP TABLE IF EXISTS `character_class_resources`;
/*!40101 SET @saved_cs_client     = @@character_set_client */;
/*!50503 SET character_set_client = utf8mb4 */;
CREATE TABLE `character_class_resources` (
  `id` bigint NOT NULL AUTO_INCREMENT,
  `character_id` bigint NOT NULL,
  `class_resource_id` bigint NOT NULL,
  `max_amount` int NOT NULL DEFAULT '0',
  `current_amount` int NOT NULL DEFAULT '0',
  PRIMARY KEY (`id`),
  KEY `class_resource_id` (`class_resource_id`),
  KEY `idx_character_class_resources` (`character_id`),
  CONSTRAINT `character_class_resources_ibfk_1` FOREIGN KEY (`character_id`) REFERENCES `characters` (`id`) ON DELETE CASCADE,
  CONSTRAINT `character_class_resources_ibfk_2` FOREIGN KEY (`class_resource_id`) REFERENCES `class_resources` (`id`) ON DELETE CASCADE
) ENGINE=InnoDB DEFAULT CHARSET=utf8mb4 COLLATE=utf8mb4_unicode_ci;
/*!40101 SET character_set_client = @saved_cs_client */;

--
-- Dumping data for table `character_class_resources`
--

LOCK TABLES `character_class_resources` WRITE;
/*!40000 ALTER TABLE `character_class_resources` DISABLE KEYS */;
/*!40000 ALTER TABLE `character_class_resources` ENABLE KEYS */;
UNLOCK TABLES;

--
-- Table structure for table `character_conditions`
--

DROP TABLE IF EXISTS `character_conditions`;
/*!40101 SET @saved_cs_client     = @@character_set_client */;
/*!50503 SET character_set_client = utf8mb4 */;
CREATE TABLE `character_conditions` (
  `id` bigint NOT NULL AUTO_INCREMENT,
  `character_id` bigint NOT NULL,
  `condition_id` bigint NOT NULL,
  `duration_rounds` int DEFAULT NULL,
  `remaining_rounds` int DEFAULT NULL,
  `has_saving_throw` tinyint(1) NOT NULL DEFAULT '0',
  `saving_throw_dc` int DEFAULT NULL,
  `saving_throw_ability` varchar(20) COLLATE utf8mb4_unicode_ci DEFAULT NULL,
  `source` varchar(255) COLLATE utf8mb4_unicode_ci DEFAULT NULL,
  `notes` text COLLATE utf8mb4_unicode_ci,
  `applied_at` datetime DEFAULT NULL,
  `active` tinyint(1) NOT NULL DEFAULT '1',
  `saving_throwdc` int DEFAULT NULL,
  PRIMARY KEY (`id`),
  KEY `condition_id` (`condition_id`),
  KEY `idx_character_conditions` (`character_id`),
  CONSTRAINT `character_conditions_ibfk_1` FOREIGN KEY (`character_id`) REFERENCES `characters` (`id`) ON DELETE CASCADE,
  CONSTRAINT `character_conditions_ibfk_2` FOREIGN KEY (`condition_id`) REFERENCES `conditions` (`id`) ON DELETE CASCADE
) ENGINE=InnoDB DEFAULT CHARSET=utf8mb4 COLLATE=utf8mb4_unicode_ci;
/*!40101 SET character_set_client = @saved_cs_client */;

--
-- Dumping data for table `character_conditions`
--

LOCK TABLES `character_conditions` WRITE;
/*!40000 ALTER TABLE `character_conditions` DISABLE KEYS */;
/*!40000 ALTER TABLE `character_conditions` ENABLE KEYS */;
UNLOCK TABLES;

--
-- Table structure for table `character_damage_relations`
--

DROP TABLE IF EXISTS `character_damage_relations`;
/*!40101 SET @saved_cs_client     = @@character_set_client */;
/*!50503 SET character_set_client = utf8mb4 */;
CREATE TABLE `character_damage_relations` (
  `id` bigint NOT NULL AUTO_INCREMENT,
  `character_id` bigint NOT NULL,
  `damage_type_id` bigint NOT NULL,
  `relation_type` enum('RESISTANCE','IMMUNITY','VULNERABILITY') COLLATE utf8mb4_unicode_ci DEFAULT NULL,
  `source` varchar(255) COLLATE utf8mb4_unicode_ci DEFAULT NULL,
  `temporary` tinyint(1) NOT NULL DEFAULT '0',
  `conditions` text COLLATE utf8mb4_unicode_ci,
  `notes` text COLLATE utf8mb4_unicode_ci,
  PRIMARY KEY (`id`),
  UNIQUE KEY `uq_character_damage` (`character_id`,`damage_type_id`,`relation_type`),
  KEY `damage_type_id` (`damage_type_id`),
  KEY `idx_character_damage_relations` (`character_id`),
  CONSTRAINT `character_damage_relations_ibfk_1` FOREIGN KEY (`character_id`) REFERENCES `characters` (`id`) ON DELETE CASCADE,
  CONSTRAINT `character_damage_relations_ibfk_2` FOREIGN KEY (`damage_type_id`) REFERENCES `damage_types` (`id`) ON DELETE CASCADE
) ENGINE=InnoDB DEFAULT CHARSET=utf8mb4 COLLATE=utf8mb4_unicode_ci;
/*!40101 SET character_set_client = @saved_cs_client */;

--
-- Dumping data for table `character_damage_relations`
--

LOCK TABLES `character_damage_relations` WRITE;
/*!40000 ALTER TABLE `character_damage_relations` DISABLE KEYS */;
/*!40000 ALTER TABLE `character_damage_relations` ENABLE KEYS */;
UNLOCK TABLES;

--
-- Table structure for table `character_equipment`
--

DROP TABLE IF EXISTS `character_equipment`;
/*!40101 SET @saved_cs_client     = @@character_set_client */;
/*!50503 SET character_set_client = utf8mb4 */;
CREATE TABLE `character_equipment` (
  `id` bigint NOT NULL AUTO_INCREMENT,
  `character_id` bigint NOT NULL,
  `main_hand_item_id` bigint DEFAULT NULL,
  `off_hand_item_id` bigint DEFAULT NULL,
  `armor_id` bigint DEFAULT NULL,
  `helmet_id` bigint DEFAULT NULL,
  `gloves_id` bigint DEFAULT NULL,
  `boots_id` bigint DEFAULT NULL,
  `cloak_id` bigint DEFAULT NULL,
  `amulet_id` bigint DEFAULT NULL,
  `ring1_id` bigint DEFAULT NULL,
  `ring2_id` bigint DEFAULT NULL,
  `belt_id` bigint DEFAULT NULL,
  PRIMARY KEY (`id`),
  UNIQUE KEY `character_id` (`character_id`),
  KEY `main_hand_item_id` (`main_hand_item_id`),
  KEY `off_hand_item_id` (`off_hand_item_id`),
  KEY `armor_id` (`armor_id`),
  KEY `helmet_id` (`helmet_id`),
  KEY `gloves_id` (`gloves_id`),
  KEY `boots_id` (`boots_id`),
  KEY `cloak_id` (`cloak_id`),
  KEY `amulet_id` (`amulet_id`),
  KEY `ring1_id` (`ring1_id`),
  KEY `ring2_id` (`ring2_id`),
  KEY `belt_id` (`belt_id`),
  KEY `idx_character_equipment` (`character_id`),
  CONSTRAINT `character_equipment_ibfk_1` FOREIGN KEY (`character_id`) REFERENCES `characters` (`id`) ON DELETE CASCADE,
  CONSTRAINT `character_equipment_ibfk_10` FOREIGN KEY (`ring1_id`) REFERENCES `items` (`id`) ON DELETE SET NULL,
  CONSTRAINT `character_equipment_ibfk_11` FOREIGN KEY (`ring2_id`) REFERENCES `items` (`id`) ON DELETE SET NULL,
  CONSTRAINT `character_equipment_ibfk_12` FOREIGN KEY (`belt_id`) REFERENCES `items` (`id`) ON DELETE SET NULL,
  CONSTRAINT `character_equipment_ibfk_2` FOREIGN KEY (`main_hand_item_id`) REFERENCES `items` (`id`) ON DELETE SET NULL,
  CONSTRAINT `character_equipment_ibfk_3` FOREIGN KEY (`off_hand_item_id`) REFERENCES `items` (`id`) ON DELETE SET NULL,
  CONSTRAINT `character_equipment_ibfk_4` FOREIGN KEY (`armor_id`) REFERENCES `items` (`id`) ON DELETE SET NULL,
  CONSTRAINT `character_equipment_ibfk_5` FOREIGN KEY (`helmet_id`) REFERENCES `items` (`id`) ON DELETE SET NULL,
  CONSTRAINT `character_equipment_ibfk_6` FOREIGN KEY (`gloves_id`) REFERENCES `items` (`id`) ON DELETE SET NULL,
  CONSTRAINT `character_equipment_ibfk_7` FOREIGN KEY (`boots_id`) REFERENCES `items` (`id`) ON DELETE SET NULL,
  CONSTRAINT `character_equipment_ibfk_8` FOREIGN KEY (`cloak_id`) REFERENCES `items` (`id`) ON DELETE SET NULL,
  CONSTRAINT `character_equipment_ibfk_9` FOREIGN KEY (`amulet_id`) REFERENCES `items` (`id`) ON DELETE SET NULL
) ENGINE=InnoDB AUTO_INCREMENT=3 DEFAULT CHARSET=utf8mb4 COLLATE=utf8mb4_unicode_ci;
/*!40101 SET character_set_client = @saved_cs_client */;

--
-- Dumping data for table `character_equipment`
--

LOCK TABLES `character_equipment` WRITE;
/*!40000 ALTER TABLE `character_equipment` DISABLE KEYS */;
/*!40000 ALTER TABLE `character_equipment` ENABLE KEYS */;
UNLOCK TABLES;

--
-- Table structure for table `character_feats`
--

DROP TABLE IF EXISTS `character_feats`;
/*!40101 SET @saved_cs_client     = @@character_set_client */;
/*!50503 SET character_set_client = utf8mb4 */;
CREATE TABLE `character_feats` (
  `id` bigint NOT NULL AUTO_INCREMENT,
  `character_id` bigint NOT NULL,
  `feat_id` bigint NOT NULL,
  `level_obtained` int NOT NULL,
  `notes` text COLLATE utf8mb4_unicode_ci,
  PRIMARY KEY (`id`),
  UNIQUE KEY `uq_character_feat` (`character_id`,`feat_id`),
  KEY `feat_id` (`feat_id`),
  KEY `idx_character_feats` (`character_id`),
  CONSTRAINT `character_feats_ibfk_1` FOREIGN KEY (`character_id`) REFERENCES `characters` (`id`) ON DELETE CASCADE,
  CONSTRAINT `character_feats_ibfk_2` FOREIGN KEY (`feat_id`) REFERENCES `feats` (`id`) ON DELETE CASCADE
) ENGINE=InnoDB DEFAULT CHARSET=utf8mb4 COLLATE=utf8mb4_unicode_ci;
/*!40101 SET character_set_client = @saved_cs_client */;

--
-- Dumping data for table `character_feats`
--

LOCK TABLES `character_feats` WRITE;
/*!40000 ALTER TABLE `character_feats` DISABLE KEYS */;
/*!40000 ALTER TABLE `character_feats` ENABLE KEYS */;
UNLOCK TABLES;

--
-- Table structure for table `character_features`
--

DROP TABLE IF EXISTS `character_features`;
/*!40101 SET @saved_cs_client     = @@character_set_client */;
/*!50503 SET character_set_client = utf8mb4 */;
CREATE TABLE `character_features` (
  `id` bigint NOT NULL AUTO_INCREMENT,
  `character_id` bigint NOT NULL,
  `class_feature_id` bigint NOT NULL,
  `level_obtained` int NOT NULL,
  `notes` text COLLATE utf8mb4_unicode_ci,
  PRIMARY KEY (`id`),
  KEY `idx_character_features_character` (`character_id`),
  KEY `idx_character_features_feature` (`class_feature_id`),
  CONSTRAINT `character_features_ibfk_1` FOREIGN KEY (`character_id`) REFERENCES `characters` (`id`) ON DELETE CASCADE,
  CONSTRAINT `character_features_ibfk_2` FOREIGN KEY (`class_feature_id`) REFERENCES `class_features` (`id`) ON DELETE CASCADE
) ENGINE=InnoDB DEFAULT CHARSET=utf8mb4 COLLATE=utf8mb4_unicode_ci;
/*!40101 SET character_set_client = @saved_cs_client */;

--
-- Dumping data for table `character_features`
--

LOCK TABLES `character_features` WRITE;
/*!40000 ALTER TABLE `character_features` DISABLE KEYS */;
/*!40000 ALTER TABLE `character_features` ENABLE KEYS */;
UNLOCK TABLES;

--
-- Table structure for table `character_inventories`
--

DROP TABLE IF EXISTS `character_inventories`;
/*!40101 SET @saved_cs_client     = @@character_set_client */;
/*!50503 SET character_set_client = utf8mb4 */;
CREATE TABLE `character_inventories` (
  `id` bigint NOT NULL AUTO_INCREMENT,
  `character_id` bigint NOT NULL,
  `item_id` bigint NOT NULL,
  `quantity` int NOT NULL DEFAULT '1',
  `equipped` tinyint(1) NOT NULL DEFAULT '0',
  `attuned` tinyint(1) NOT NULL DEFAULT '0',
  `notes` text COLLATE utf8mb4_unicode_ci,
  PRIMARY KEY (`id`),
  KEY `idx_character_inventory_character` (`character_id`),
  KEY `idx_character_inventory_item` (`item_id`),
  CONSTRAINT `character_inventories_ibfk_1` FOREIGN KEY (`character_id`) REFERENCES `characters` (`id`) ON DELETE CASCADE,
  CONSTRAINT `character_inventories_ibfk_2` FOREIGN KEY (`item_id`) REFERENCES `items` (`id`) ON DELETE CASCADE
) ENGINE=InnoDB AUTO_INCREMENT=25 DEFAULT CHARSET=utf8mb4 COLLATE=utf8mb4_unicode_ci;
/*!40101 SET character_set_client = @saved_cs_client */;

--
-- Dumping data for table `character_inventories`
--

LOCK TABLES `character_inventories` WRITE;
/*!40000 ALTER TABLE `character_inventories` DISABLE KEYS */;
INSERT INTO `character_inventories` VALUES (19,47,129,1,0,0,NULL),(20,48,1,1,0,0,NULL);
/*!40000 ALTER TABLE `character_inventories` ENABLE KEYS */;
UNLOCK TABLES;

--
-- Table structure for table `character_languages`
--

DROP TABLE IF EXISTS `character_languages`;
/*!40101 SET @saved_cs_client     = @@character_set_client */;
/*!50503 SET character_set_client = utf8mb4 */;
CREATE TABLE `character_languages` (
  `id` bigint NOT NULL AUTO_INCREMENT,
  `character_id` bigint NOT NULL,
  `language_id` bigint NOT NULL,
  `source` varchar(255) COLLATE utf8mb4_unicode_ci DEFAULT NULL,
  `notes` varchar(255) COLLATE utf8mb4_unicode_ci DEFAULT NULL,
  PRIMARY KEY (`id`),
  UNIQUE KEY `uq_character_language` (`character_id`,`language_id`),
  KEY `language_id` (`language_id`),
  KEY `idx_character_languages` (`character_id`),
  CONSTRAINT `character_languages_ibfk_1` FOREIGN KEY (`character_id`) REFERENCES `characters` (`id`) ON DELETE CASCADE,
  CONSTRAINT `character_languages_ibfk_2` FOREIGN KEY (`language_id`) REFERENCES `languages` (`id`) ON DELETE CASCADE
) ENGINE=InnoDB DEFAULT CHARSET=utf8mb4 COLLATE=utf8mb4_unicode_ci;
/*!40101 SET character_set_client = @saved_cs_client */;

--
-- Dumping data for table `character_languages`
--

LOCK TABLES `character_languages` WRITE;
/*!40000 ALTER TABLE `character_languages` DISABLE KEYS */;
/*!40000 ALTER TABLE `character_languages` ENABLE KEYS */;
UNLOCK TABLES;

--
-- Table structure for table `character_money`
--

DROP TABLE IF EXISTS `character_money`;
/*!40101 SET @saved_cs_client     = @@character_set_client */;
/*!50503 SET character_set_client = utf8mb4 */;
CREATE TABLE `character_money` (
  `id` bigint NOT NULL AUTO_INCREMENT,
  `character_id` bigint NOT NULL,
  `platinum` int NOT NULL DEFAULT '0',
  `gold` int NOT NULL DEFAULT '0',
  `electrum` int NOT NULL DEFAULT '0',
  `silver` int NOT NULL DEFAULT '0',
  `copper` int NOT NULL DEFAULT '0',
  PRIMARY KEY (`id`),
  UNIQUE KEY `character_id` (`character_id`),
  KEY `idx_character_money` (`character_id`),
  CONSTRAINT `character_money_ibfk_1` FOREIGN KEY (`character_id`) REFERENCES `characters` (`id`) ON DELETE CASCADE
) ENGINE=InnoDB DEFAULT CHARSET=utf8mb4 COLLATE=utf8mb4_unicode_ci;
/*!40101 SET character_set_client = @saved_cs_client */;

--
-- Dumping data for table `character_money`
--

LOCK TABLES `character_money` WRITE;
/*!40000 ALTER TABLE `character_money` DISABLE KEYS */;
/*!40000 ALTER TABLE `character_money` ENABLE KEYS */;
UNLOCK TABLES;

--
-- Table structure for table `character_proficiencies`
--

DROP TABLE IF EXISTS `character_proficiencies`;
/*!40101 SET @saved_cs_client     = @@character_set_client */;
/*!50503 SET character_set_client = utf8mb4 */;
CREATE TABLE `character_proficiencies` (
  `id` bigint NOT NULL AUTO_INCREMENT,
  `character_id` bigint NOT NULL,
  `proficiency_id` bigint NOT NULL,
  `source` varchar(255) COLLATE utf8mb4_unicode_ci DEFAULT NULL,
  `notes` text COLLATE utf8mb4_unicode_ci,
  PRIMARY KEY (`id`),
  UNIQUE KEY `uq_character_proficiency` (`character_id`,`proficiency_id`),
  KEY `proficiency_id` (`proficiency_id`),
  KEY `idx_character_proficiencies` (`character_id`),
  CONSTRAINT `character_proficiencies_ibfk_1` FOREIGN KEY (`character_id`) REFERENCES `characters` (`id`) ON DELETE CASCADE,
  CONSTRAINT `character_proficiencies_ibfk_2` FOREIGN KEY (`proficiency_id`) REFERENCES `proficiencies` (`id`) ON DELETE CASCADE
) ENGINE=InnoDB DEFAULT CHARSET=utf8mb4 COLLATE=utf8mb4_unicode_ci;
/*!40101 SET character_set_client = @saved_cs_client */;

--
-- Dumping data for table `character_proficiencies`
--

LOCK TABLES `character_proficiencies` WRITE;
/*!40000 ALTER TABLE `character_proficiencies` DISABLE KEYS */;
/*!40000 ALTER TABLE `character_proficiencies` ENABLE KEYS */;
UNLOCK TABLES;

--
-- Table structure for table `character_saving_throws`
--

DROP TABLE IF EXISTS `character_saving_throws`;
/*!40101 SET @saved_cs_client     = @@character_set_client */;
/*!50503 SET character_set_client = utf8mb4 */;
CREATE TABLE `character_saving_throws` (
  `id` bigint NOT NULL AUTO_INCREMENT,
  `character_id` bigint NOT NULL,
  `ability_score` varchar(10) COLLATE utf8mb4_unicode_ci NOT NULL,
  `proficient` tinyint(1) NOT NULL DEFAULT '0',
  PRIMARY KEY (`id`),
  UNIQUE KEY `uq_character_saving_throw` (`character_id`,`ability_score`),
  KEY `idx_character_saving_throws_character` (`character_id`),
  CONSTRAINT `character_saving_throws_ibfk_1` FOREIGN KEY (`character_id`) REFERENCES `characters` (`id`) ON DELETE CASCADE
) ENGINE=InnoDB AUTO_INCREMENT=313 DEFAULT CHARSET=utf8mb4 COLLATE=utf8mb4_unicode_ci;
/*!40101 SET character_set_client = @saved_cs_client */;

--
-- Dumping data for table `character_saving_throws`
--

LOCK TABLES `character_saving_throws` WRITE;
/*!40000 ALTER TABLE `character_saving_throws` DISABLE KEYS */;
INSERT INTO `character_saving_throws` VALUES (277,47,'str',1),(278,47,'dex',1),(279,47,'con',0),(280,47,'int',0),(281,47,'wis',0),(282,47,'cha',0),(283,48,'str',1),(284,48,'dex',0),(285,48,'con',1),(286,48,'int',0),(287,48,'wis',0),(288,48,'cha',0),(289,49,'str',1),(290,49,'dex',1),(291,49,'con',0),(292,49,'int',0),(293,49,'wis',0),(294,49,'cha',0),(307,52,'str',0),(308,52,'dex',1),(309,52,'con',0),(310,52,'int',0),(311,52,'wis',0),(312,52,'cha',1);
/*!40000 ALTER TABLE `character_saving_throws` ENABLE KEYS */;
UNLOCK TABLES;

--
-- Table structure for table `character_skills`
--

DROP TABLE IF EXISTS `character_skills`;
/*!40101 SET @saved_cs_client     = @@character_set_client */;
/*!50503 SET character_set_client = utf8mb4 */;
CREATE TABLE `character_skills` (
  `id` bigint NOT NULL AUTO_INCREMENT,
  `character_id` bigint NOT NULL,
  `skill_id` bigint NOT NULL,
  `proficient` tinyint(1) NOT NULL DEFAULT '0',
  `expertise` tinyint(1) NOT NULL DEFAULT '0',
  PRIMARY KEY (`id`),
  UNIQUE KEY `uq_character_skill` (`character_id`,`skill_id`),
  KEY `skill_id` (`skill_id`),
  KEY `idx_character_skills_character` (`character_id`),
  CONSTRAINT `character_skills_ibfk_1` FOREIGN KEY (`character_id`) REFERENCES `characters` (`id`) ON DELETE CASCADE,
  CONSTRAINT `character_skills_ibfk_2` FOREIGN KEY (`skill_id`) REFERENCES `skills` (`id`) ON DELETE CASCADE
) ENGINE=InnoDB AUTO_INCREMENT=937 DEFAULT CHARSET=utf8mb4 COLLATE=utf8mb4_unicode_ci;
/*!40101 SET character_set_client = @saved_cs_client */;

--
-- Dumping data for table `character_skills`
--

LOCK TABLES `character_skills` WRITE;
/*!40000 ALTER TABLE `character_skills` DISABLE KEYS */;
INSERT INTO `character_skills` VALUES (829,47,1,0,0),(830,47,2,0,0),(831,47,3,0,0),(832,47,4,0,0),(833,47,5,0,0),(834,47,6,0,0),(835,47,7,1,0),(836,47,8,0,0),(837,47,9,0,0),(838,47,10,0,0),(839,47,11,0,0),(840,47,12,0,0),(841,47,13,0,0),(842,47,14,0,0),(843,47,15,1,0),(844,47,16,0,0),(845,47,17,0,0),(846,47,18,0,0),(847,48,1,0,0),(848,48,2,0,0),(849,48,3,0,0),(850,48,4,0,0),(851,48,5,0,0),(852,48,6,0,0),(853,48,7,1,0),(854,48,8,0,0),(855,48,9,0,0),(856,48,10,0,0),(857,48,11,0,0),(858,48,12,0,0),(859,48,13,0,0),(860,48,14,0,0),(861,48,15,1,0),(862,48,16,0,0),(863,48,17,0,0),(864,48,18,0,0),(865,49,1,0,0),(866,49,2,0,0),(867,49,3,0,0),(868,49,4,0,0),(869,49,5,0,0),(870,49,6,0,0),(871,49,7,1,0),(872,49,8,0,0),(873,49,9,0,0),(874,49,10,0,0),(875,49,11,0,0),(876,49,12,0,0),(877,49,13,0,0),(878,49,14,0,0),(879,49,15,1,0),(880,49,16,0,0),(881,49,17,0,0),(882,49,18,0,0),(919,52,1,0,0),(920,52,2,0,0),(921,52,3,0,0),(922,52,4,0,0),(923,52,5,0,0),(924,52,6,0,0),(925,52,7,0,0),(926,52,8,0,0),(927,52,9,0,0),(928,52,10,1,0),(929,52,11,0,0),(930,52,12,0,0),(931,52,13,0,0),(932,52,14,0,0),(933,52,15,1,0),(934,52,16,0,0),(935,52,17,0,0),(936,52,18,0,0);
/*!40000 ALTER TABLE `character_skills` ENABLE KEYS */;
UNLOCK TABLES;

--
-- Table structure for table `character_spell_slots`
--

DROP TABLE IF EXISTS `character_spell_slots`;
/*!40101 SET @saved_cs_client     = @@character_set_client */;
/*!50503 SET character_set_client = utf8mb4 */;
CREATE TABLE `character_spell_slots` (
  `id` bigint NOT NULL AUTO_INCREMENT,
  `character_id` bigint NOT NULL,
  `spell_level` int NOT NULL,
  `max_slots` int NOT NULL DEFAULT '0',
  `used_slots` int NOT NULL DEFAULT '0',
  PRIMARY KEY (`id`),
  UNIQUE KEY `unique_character_spell_level` (`character_id`,`spell_level`),
  KEY `idx_char_spell_slots` (`character_id`),
  CONSTRAINT `character_spell_slots_ibfk_1` FOREIGN KEY (`character_id`) REFERENCES `characters` (`id`) ON DELETE CASCADE
) ENGINE=InnoDB AUTO_INCREMENT=45 DEFAULT CHARSET=utf8mb4 COLLATE=utf8mb4_unicode_ci;
/*!40101 SET character_set_client = @saved_cs_client */;

--
-- Dumping data for table `character_spell_slots`
--

LOCK TABLES `character_spell_slots` WRITE;
/*!40000 ALTER TABLE `character_spell_slots` DISABLE KEYS */;
INSERT INTO `character_spell_slots` VALUES (40,47,1,3,0),(41,49,1,3,0),(43,52,1,4,0),(44,52,2,3,0);
/*!40000 ALTER TABLE `character_spell_slots` ENABLE KEYS */;
UNLOCK TABLES;

--
-- Table structure for table `character_spells`
--

DROP TABLE IF EXISTS `character_spells`;
/*!40101 SET @saved_cs_client     = @@character_set_client */;
/*!50503 SET character_set_client = utf8mb4 */;
CREATE TABLE `character_spells` (
  `id` bigint NOT NULL AUTO_INCREMENT,
  `character_id` bigint NOT NULL,
  `spell_id` bigint NOT NULL,
  `prepared` tinyint(1) NOT NULL DEFAULT '0',
  `learned` tinyint(1) NOT NULL DEFAULT '0',
  `times_cast` int NOT NULL DEFAULT '0',
  `spell_source` varchar(20) COLLATE utf8mb4_unicode_ci DEFAULT 'CLASS',
  PRIMARY KEY (`id`),
  UNIQUE KEY `unique_character_spell` (`character_id`,`spell_id`),
  KEY `idx_character_spells_char` (`character_id`),
  KEY `idx_character_spells_spell` (`spell_id`),
  CONSTRAINT `character_spells_ibfk_1` FOREIGN KEY (`character_id`) REFERENCES `characters` (`id`) ON DELETE CASCADE,
  CONSTRAINT `character_spells_ibfk_2` FOREIGN KEY (`spell_id`) REFERENCES `spells` (`id`) ON DELETE CASCADE
) ENGINE=InnoDB AUTO_INCREMENT=96 DEFAULT CHARSET=utf8mb4 COLLATE=utf8mb4_unicode_ci;
/*!40101 SET character_set_client = @saved_cs_client */;

--
-- Dumping data for table `character_spells`
--

LOCK TABLES `character_spells` WRITE;
/*!40000 ALTER TABLE `character_spells` DISABLE KEYS */;
INSERT INTO `character_spells` VALUES (77,47,70,1,1,0,'CLASS'),(78,47,163,1,1,0,'CLASS'),(79,47,272,1,1,0,'CLASS'),(86,52,71,1,1,0,'CLASS'),(87,52,180,1,1,0,'CLASS'),(88,52,187,1,1,0,'CLASS'),(89,52,39,1,1,0,'CLASS'),(90,52,79,1,1,0,'CLASS'),(91,52,83,1,1,0,'CLASS'),(92,52,176,1,1,0,'CLASS'),(93,52,182,1,1,0,'CLASS'),(94,52,161,1,1,0,'CLASS'),(95,52,167,1,1,0,'CLASS');
/*!40000 ALTER TABLE `character_spells` ENABLE KEYS */;
UNLOCK TABLES;

--
-- Table structure for table `characters`
--

DROP TABLE IF EXISTS `characters`;
/*!40101 SET @saved_cs_client     = @@character_set_client */;
/*!50503 SET character_set_client = utf8mb4 */;
CREATE TABLE `characters` (
  `id` bigint NOT NULL AUTO_INCREMENT,
  `name` varchar(255) COLLATE utf8mb4_unicode_ci NOT NULL,
  `level` int NOT NULL DEFAULT '1',
  `user_id` bigint NOT NULL,
  `race_id` bigint DEFAULT NULL,
  `class_id` bigint DEFAULT NULL,
  `subclass_id` bigint DEFAULT NULL,
  `background_id` bigint DEFAULT NULL,
  `copper_pieces` int NOT NULL DEFAULT '0',
  `silver_pieces` int NOT NULL DEFAULT '0',
  `electrum_pieces` int NOT NULL DEFAULT '0',
  `gold_pieces` int NOT NULL DEFAULT '0',
  `platinum_pieces` int NOT NULL DEFAULT '0',
  `personality_traits` text COLLATE utf8mb4_unicode_ci,
  `ideals` text COLLATE utf8mb4_unicode_ci,
  `bonds` text COLLATE utf8mb4_unicode_ci,
  `flaws` text COLLATE utf8mb4_unicode_ci,
  `max_hp` int NOT NULL DEFAULT '0',
  `current_hp` int NOT NULL DEFAULT '0',
  `proficiency_bonus` int NOT NULL DEFAULT '2',
  `backstory` text COLLATE utf8mb4_unicode_ci,
  `alignment` varchar(255) COLLATE utf8mb4_unicode_ci DEFAULT NULL,
  `temporary_hp` int NOT NULL DEFAULT '0',
  `death_save_successes` int NOT NULL DEFAULT '0',
  `death_save_failures` int NOT NULL DEFAULT '0',
  `has_inspiration` tinyint(1) NOT NULL DEFAULT '0',
  `experience_points` int NOT NULL DEFAULT '0',
  `speed_modifier` int NOT NULL DEFAULT '0',
  `natural_armor_bonus` int DEFAULT NULL,
  `initiative_bonus` int NOT NULL DEFAULT '0',
  `available_hit_dice` int NOT NULL DEFAULT '0',
  `age` int DEFAULT NULL,
  `height` varchar(255) COLLATE utf8mb4_unicode_ci DEFAULT NULL,
  `weight` varchar(255) COLLATE utf8mb4_unicode_ci DEFAULT NULL,
  `eyes` varchar(255) COLLATE utf8mb4_unicode_ci DEFAULT NULL,
  `skin` varchar(255) COLLATE utf8mb4_unicode_ci DEFAULT NULL,
  `hair` varchar(255) COLLATE utf8mb4_unicode_ci DEFAULT NULL,
  `appearance` text COLLATE utf8mb4_unicode_ci,
  `allies_and_organizations` text COLLATE utf8mb4_unicode_ci,
  `additional_treasure` text COLLATE utf8mb4_unicode_ci,
  `character_history` text COLLATE utf8mb4_unicode_ci,
  `currenthp` int NOT NULL,
  `maxhp` int NOT NULL,
  `temporaryhp` int NOT NULL,
  `use_encumbrance` bit(1) NOT NULL,
  `subrace_id` bigint DEFAULT NULL,
  PRIMARY KEY (`id`),
  KEY `class_id` (`class_id`),
  KEY `subclass_id` (`subclass_id`),
  KEY `background_id` (`background_id`),
  KEY `idx_character_name` (`name`),
  KEY `idx_character_level` (`level`),
  KEY `idx_character_user` (`user_id`),
  KEY `idx_char_race_class` (`race_id`,`class_id`),
  KEY `FKm16wqqlrylb007kb9l1a54f2v` (`subrace_id`),
  CONSTRAINT `characters_ibfk_1` FOREIGN KEY (`user_id`) REFERENCES `users` (`id`) ON DELETE CASCADE,
  CONSTRAINT `characters_ibfk_2` FOREIGN KEY (`race_id`) REFERENCES `race` (`id`) ON DELETE SET NULL,
  CONSTRAINT `characters_ibfk_3` FOREIGN KEY (`class_id`) REFERENCES `classes` (`id`) ON DELETE SET NULL,
  CONSTRAINT `characters_ibfk_4` FOREIGN KEY (`subclass_id`) REFERENCES `subclasses` (`id`) ON DELETE SET NULL,
  CONSTRAINT `characters_ibfk_5` FOREIGN KEY (`background_id`) REFERENCES `backgrounds` (`id`) ON DELETE SET NULL,
  CONSTRAINT `FKm16wqqlrylb007kb9l1a54f2v` FOREIGN KEY (`subrace_id`) REFERENCES `subraces` (`id`)
) ENGINE=InnoDB AUTO_INCREMENT=53 DEFAULT CHARSET=utf8mb4 COLLATE=utf8mb4_unicode_ci;
/*!40101 SET character_set_client = @saved_cs_client */;

--
-- Dumping data for table `characters`
--

LOCK TABLES `characters` WRITE;
/*!40000 ALTER TABLE `characters` DISABLE KEYS */;
INSERT INTO `characters` VALUES (47,'Balagos',3,1,3,8,7,1,0,0,0,0,0,NULL,NULL,NULL,NULL,0,0,2,NULL,NULL,0,0,0,0,0,0,NULL,0,3,NULL,NULL,NULL,NULL,NULL,NULL,NULL,NULL,NULL,NULL,25,25,0,_binary '\0',NULL),(48,'CUCUC',1,1,1,5,NULL,1,0,0,0,0,0,NULL,NULL,NULL,NULL,0,0,2,NULL,NULL,0,0,0,0,0,0,NULL,0,1,NULL,NULL,NULL,NULL,NULL,NULL,NULL,NULL,NULL,NULL,10,10,0,_binary '\0',NULL),(49,'yrrt',3,1,1,8,7,1,0,0,0,0,0,NULL,NULL,NULL,NULL,0,0,2,NULL,NULL,0,0,0,0,0,0,NULL,0,3,NULL,NULL,NULL,NULL,NULL,NULL,NULL,NULL,NULL,NULL,22,22,0,_binary '\0',NULL),(52,'fdfd',4,1,9,2,14,7,0,0,0,0,0,NULL,NULL,NULL,NULL,0,0,2,NULL,NULL,0,0,0,0,0,0,NULL,0,4,NULL,NULL,NULL,NULL,NULL,NULL,NULL,NULL,NULL,NULL,27,27,0,_binary '\0',NULL);
/*!40000 ALTER TABLE `characters` ENABLE KEYS */;
UNLOCK TABLES;

--
-- Table structure for table `class_features`
--

DROP TABLE IF EXISTS `class_features`;
/*!40101 SET @saved_cs_client     = @@character_set_client */;
/*!50503 SET character_set_client = utf8mb4 */;
CREATE TABLE `class_features` (
  `id` bigint NOT NULL AUTO_INCREMENT,
  `class_id` bigint NOT NULL,
  `index_name` varchar(255) COLLATE utf8mb4_unicode_ci DEFAULT NULL,
  `name` varchar(255) COLLATE utf8mb4_unicode_ci DEFAULT NULL,
  `level` int NOT NULL,
  `description` text COLLATE utf8mb4_unicode_ci,
  `api_url` varchar(255) COLLATE utf8mb4_unicode_ci DEFAULT NULL,
  PRIMARY KEY (`id`),
  UNIQUE KEY `uq_class_feature_index_name` (`index_name`),
  KEY `idx_class_features_class_level` (`class_id`,`level`),
  CONSTRAINT `class_features_ibfk_1` FOREIGN KEY (`class_id`) REFERENCES `classes` (`id`) ON DELETE CASCADE
) ENGINE=InnoDB AUTO_INCREMENT=262 DEFAULT CHARSET=utf8mb4 COLLATE=utf8mb4_unicode_ci;
/*!40101 SET character_set_client = @saved_cs_client */;

--
-- Dumping data for table `class_features`
--

LOCK TABLES `class_features` WRITE;
/*!40000 ALTER TABLE `class_features` DISABLE KEYS */;
INSERT INTO `class_features` VALUES (1,1,'rage','Rage',1,'In battle, you fight with primal ferocity. On your turn, you can enter a rage as a bonus action. While raging, you gain the following benefits if you aren\'t wearing heavy armor:\n- You have advantage on Strength checks and Strength saving throws.\n- When you make a melee weapon Attack using Strength, you gain a +2 bonus to the damage roll. This bonus increases as you level.\n- You have Resistance to bludgeoning, piercing, and slashing damage.\nIf you are able to cast Spells, you can\'t cast them or concentrate on them while raging.\nYour rage lasts for 1 minute. It ends early if you are knocked Unconscious or if Your Turn ends and you haven\'t attacked a hostile creature since your last turn or taken damage since then. You can also end your rage on Your Turn as a Bonus Action.\nOnce you have raged the maximum number of times for your barbarian level, you must finish a Long Rest before you can rage again. You may rage 2 times at 1st level, 3 at 3rd, 4 at 6th, 5 at 12th, and 6 at 17th.','https://www.dnd5eapi.co/api/2014/features/rage'),(2,1,'barbarian-unarmored-defense','Unarmored Defense',1,'While you are not wearing any armor, your Armor Class equals 10 + your Dexterity modifier + your Constitution modifier. You can use a shield and still gain this benefit.','https://www.dnd5eapi.co/api/2014/features/barbarian-unarmored-defense'),(3,1,'reckless-attack','Reckless Attack',2,'Starting at 2nd level, you can throw aside all concern for defense to attack with fierce desperation. When you make your first attack on your turn, you can decide to attack recklessly. Doing so gives you advantage on melee weapon attack rolls using Strength during this turn, but attack rolls against you have advantage until your next turn.','https://www.dnd5eapi.co/api/2014/features/reckless-attack'),(4,1,'danger-sense','Danger Sense',2,'At 2nd level, you gain an uncanny sense of when things nearby aren\'t as they should be, giving you an edge when you dodge away from danger. You have advantage on Dexterity saving throws against effects that you can see, such as traps and spells. To gain this benefit, you can\'t be blinded, deafened, or incapacitated.','https://www.dnd5eapi.co/api/2014/features/danger-sense'),(5,1,'primal-path','Primal Path',3,'At 3rd level, you choose a path that shapes the nature of your rage. Choose the Path of the Berserker or the Path of the Totem Warrior, both detailed at the end of the class description. Your choice grants you features at 3rd level and again at 6th, 10th, and 14th levels.','https://www.dnd5eapi.co/api/2014/features/primal-path'),(6,1,'barbarian-ability-score-improvement-1','Ability Score Improvement',4,'When you reach 4th level, and again at 8th, 12th, 16th, and 19th level, you can increase one ability score of your choice by 2, or you can increase two ability scores of your choice by 1. As normal, you can\'t increase an ability score above 20 using this feature.','https://www.dnd5eapi.co/api/2014/features/barbarian-ability-score-improvement-1'),(7,1,'barbarian-extra-attack','Extra Attack',5,'Beginning at 5th level, you can attack twice, instead of once, whenever you take the Attack action on your turn.','https://www.dnd5eapi.co/api/2014/features/barbarian-extra-attack'),(8,1,'fast-movement','Fast Movement',5,'Starting at 5th level, your speed increases by 10 feet while you aren\'t wearing heavy armor.','https://www.dnd5eapi.co/api/2014/features/fast-movement'),(9,1,'primal-path-improvement-1','Path feature',6,'At 3rd level, you choose a path that shapes the nature of your rage. Choose the Path of the Berserker or the Path of the Totem Warrior, both detailed at the end of the class description. Your choice grants you features at 3rd level and again at 6th, 10th, and 14th levels.','https://www.dnd5eapi.co/api/2014/features/primal-path-improvement-1'),(10,1,'feral-instinct','Feral Instinct',7,'By 7th level, your instincts are so honed that you have advantage on initiative rolls.\nAdditionally, if you are surprised at the beginning of combat and aren\'t incapacitated, you can act normally on your first turn, but only if you enter your rage before doing anything else on that turn.','https://www.dnd5eapi.co/api/2014/features/feral-instinct'),(11,1,'barbarian-ability-score-improvement-2','Ability Score Improvement',8,'When you reach 4th level, and again at 8th, 12th, 16th, and 19th level, you can increase one ability score of your choice by 2, or you can increase two ability scores of your choice by 1. As normal, you can\'t increase an ability score above 20 using this feature.','https://www.dnd5eapi.co/api/2014/features/barbarian-ability-score-improvement-2'),(12,1,'brutal-critical-1-die','Brutal Critical (1 die)',9,'Beginning at 9th level, you can roll one additional weapon damage die when determining the extra damage for a critical hit with a melee attack. This increases to two additional dice at 13th level and three additional dice at 17th level.','https://www.dnd5eapi.co/api/2014/features/brutal-critical-1-die'),(13,1,'primal-path-improvement-2','Path feature',10,'At 3rd level, you choose a path that shapes the nature of your rage. Choose the Path of the Berserker or the Path of the Totem Warrior, both detailed at the end of the class description. Your choice grants you features at 3rd level and again at 6th, 10th, and 14th levels.','https://www.dnd5eapi.co/api/2014/features/primal-path-improvement-2'),(14,1,'relentless-rage','Relentless Rage',11,'Starting at 11th level, your rage can keep you fighting despite grievous wounds. If you drop to 0 hit points while you\'re raging and don\'t die outright, you can make a DC 10 Constitution saving throw. If you succeed, you drop to 1 hit point instead.\nEach time you use this feature after the first, the DC increases by 5. When you finish a short or long rest, the DC resets to 10.','https://www.dnd5eapi.co/api/2014/features/relentless-rage'),(15,1,'barbarian-ability-score-improvement-3','Ability Score Improvement',12,'When you reach 4th level, and again at 8th, 12th, 16th, and 19th level, you can increase one ability score of your choice by 2, or you can increase two ability scores of your choice by 1. As normal, you can\'t increase an ability score above 20 using this feature.','https://www.dnd5eapi.co/api/2014/features/barbarian-ability-score-improvement-3'),(16,1,'brutal-critical-2-dice','Brutal Critical (2 dice)',13,'Beginning at 9th level, you can roll one additional weapon damage die when determining the extra damage for a critical hit with a melee attack. This increases to two additional dice at 13th level and three additional dice at 17th level.','https://www.dnd5eapi.co/api/2014/features/brutal-critical-2-dice'),(17,1,'primal-path-improvement-3','Path feature',14,'At 3rd level, you choose a path that shapes the nature of your rage. Choose the Path of the Berserker or the Path of the Totem Warrior, both detailed at the end of the class description. Your choice grants you features at 3rd level and again at 6th, 10th, and 14th levels.','https://www.dnd5eapi.co/api/2014/features/primal-path-improvement-3'),(18,1,'persistent-rage','Persistent Rage',15,'Beginning at 15th level, your rage is so fierce that it ends early only if you fall unconscious or if you choose to end it.','https://www.dnd5eapi.co/api/2014/features/persistent-rage'),(19,1,'barbarian-ability-score-improvement-4','Ability Score Improvement',16,'When you reach 4th level, and again at 8th, 12th, 16th, and 19th level, you can increase one ability score of your choice by 2, or you can increase two ability scores of your choice by 1. As normal, you can\'t increase an ability score above 20 using this feature.','https://www.dnd5eapi.co/api/2014/features/barbarian-ability-score-improvement-4'),(20,1,'brutal-critical-3-dice','Brutal Critical (3 dice)',17,'Beginning at 9th level, you can roll one additional weapon damage die when determining the extra damage for a critical hit with a melee attack. This increases to two additional dice at 13th level and three additional dice at 17th level.','https://www.dnd5eapi.co/api/2014/features/brutal-critical-3-dice'),(21,1,'indomitable-might','Indomitable Might',18,'Beginning at 18th level, if your total for a Strength check is less than your Strength score, you can use that score in place of the total.','https://www.dnd5eapi.co/api/2014/features/indomitable-might'),(22,1,'barbarian-ability-score-improvement-5','Ability Score Improvement',19,'When you reach 4th level, and again at 8th, 12th, 16th, and 19th level, you can increase one ability score of your choice by 2, or you can increase two ability scores of your choice by 1. As normal, you can\'t increase an ability score above 20 using this feature.','https://www.dnd5eapi.co/api/2014/features/barbarian-ability-score-improvement-5'),(23,1,'primal-champion','Primal Champion',20,'At 20th level, you embody the power of the wilds. Your Strength and Constitution scores increase by 4. Your maximum for those scores is now 24.','https://www.dnd5eapi.co/api/2014/features/primal-champion'),(24,2,'spellcasting-bard','Spellcasting: Bard',1,'You have learned to untangle and reshape the fabric of reality in harmony with your wishes and music. Your spells are part of your vast repertoire, magic that you can tune to different situations.','https://www.dnd5eapi.co/api/2014/features/spellcasting-bard'),(25,2,'bardic-inspiration-d6','Bardic Inspiration (d6)',1,'You can inspire others through stirring words or music. To do so, you use a bonus action on your turn to choose one creature other than yourself within 60 feet of you who can hear you. That creature gains one Bardic Inspiration die, a d6. Once within the next 10 minutes, the creature can roll the die and add the number rolled to one ability check, attack roll, or saving throw it makes. The creature can wait until after it rolls the d20 before deciding to use the Bardic Inspiration die, but must decide before the GM says whether the roll succeeds or fails. Once the Bardic Inspiration die is rolled, it is lost. A creature can have only one Bardic Inspiration die at a time.\nYou can use this feature a number of times equal to your Charisma modifier (a minimum of once). You regain any expended uses when you finish a long rest. \nYour Bardic Inspiration die changes when you reach certain levels in this class. The die becomes a d8 at 5th level, a d10 at 10th level, and a d12 at 15th level.','https://www.dnd5eapi.co/api/2014/features/bardic-inspiration-d6'),(26,2,'jack-of-all-trades','Jack of All Trades',2,'Starting at 2nd level, you can add half your proficiency bonus, rounded down, to any ability check you make that doesn\'t already include your proficiency bonus.','https://www.dnd5eapi.co/api/2014/features/jack-of-all-trades'),(27,2,'song-of-rest-d6','Song of Rest (d6)',2,'Beginning at 2nd level, you can use soothing music or oration to help revitalize your wounded allies during a short rest. If you or any friendly creatures who can hear your performance regain hit points at the end of the short rest by spending one or more Hit Dice, each of those creatures regains an extra 1d6 hit points. \nThe extra hit points increase when you reach certain levels in this class: to 1d8 at 9th level, to 1d10 at 13th level, and to 1d12 at 17th level.','https://www.dnd5eapi.co/api/2014/features/song-of-rest-d6'),(28,2,'bard-expertise-1','Expertise',3,'At 3rd level, choose two of your skill proficiencies. Your proficiency bonus is doubled for any ability check you make that uses either of the chosen proficiencies. At 10th level, you can choose another two skill proficiencies to gain this benefit.','https://www.dnd5eapi.co/api/2014/features/bard-expertise-1'),(29,2,'bard-college','Bard College',3,'At 3rd level, you delve into the advanced techniques of a bard college of your choice, such as the College of Lore. Your choice grants you features at 3rd level and again at 6th and 14th level.','https://www.dnd5eapi.co/api/2014/features/bard-college'),(30,2,'bard-ability-score-improvement-1','Ability Score Improvement',4,'When you reach 4th level, and again at 8th, 12th, 16th, and 19th level, you can increase one ability score of your choice by 2, or you can increase two ability scores of your choice by 1. As normal, you can\'t increase an ability score above 20 using this feature.','https://www.dnd5eapi.co/api/2014/features/bard-ability-score-improvement-1'),(31,2,'bardic-inspiration-d8','Bardic Inspiration (d8)',5,'You can inspire others through stirring words or music. To do so, you use a bonus action on your turn to choose one creature other than yourself within 60 feet of you who can hear you. That creature gains one Bardic Inspiration die, a d6. Once within the next 10 minutes, the creature can roll the die and add the number rolled to one ability check, attack roll, or saving throw it makes. The creature can wait until after it rolls the d20 before deciding to use the Bardic Inspiration die, but must decide before the GM says whether the roll succeeds or fails. Once the Bardic Inspiration die is rolled, it is lost. A creature can have only one Bardic Inspiration die at a time.\nYou can use this feature a number of times equal to your Charisma modifier (a minimum of once). You regain any expended uses when you finish a long rest. \nYour Bardic Inspiration die changes when you reach certain levels in this class. The die becomes a d8 at 5th level, a d10 at 10th level, and a d12 at 15th level.','https://www.dnd5eapi.co/api/2014/features/bardic-inspiration-d8'),(32,2,'font-of-inspiration','Font of Inspiration',5,'Beginning when you reach 5th level, you regain all of your expended uses of Bardic Inspiration when you finish a short or long rest.','https://www.dnd5eapi.co/api/2014/features/font-of-inspiration'),(33,2,'countercharm','Countercharm',6,'At 6th level, you gain the ability to use musical notes or words of power to disrupt mind-influencing effects. As an action, you can start a performance that lasts until the end of your next turn. During that time, you and any friendly creatures within 30 feet of you have advantage on saving throws against being frightened or charmed. A creature must be able to hear you to gain this benefit. The performance ends early if you are incapacitated or silenced or if you voluntarily end it (no action required).','https://www.dnd5eapi.co/api/2014/features/countercharm'),(34,2,'bard-college-improvement-1','Bard College feature',6,'At 3rd level, you delve into the advanced techniques of a bard college of your choice, such as the College of Lore. Your choice grants you features at 3rd level and again at 6th and 14th level.','https://www.dnd5eapi.co/api/2014/features/bard-college-improvement-1'),(35,2,'bard-ability-score-improvement-2','Ability Score Improvement',8,'When you reach 4th level, and again at 8th, 12th, 16th, and 19th level, you can increase one ability score of your choice by 2, or you can increase two ability scores of your choice by 1. As normal, you can\'t increase an ability score above 20 using this feature.','https://www.dnd5eapi.co/api/2014/features/bard-ability-score-improvement-2'),(36,2,'song-of-rest-d8','Song of Rest (d8)',9,'Beginning at 2nd level, you can use soothing music or oration to help revitalize your wounded allies during a short rest. If you or any friendly creatures who can hear your performance regain hit points at the end of the short rest by spending one or more Hit Dice, each of those creatures regains an extra 1d6 hit points. \nThe extra hit points increase when you reach certain levels in this class: to 1d8 at 9th level, to 1d10 at 13th level, and to 1d12 at 17th level.','https://www.dnd5eapi.co/api/2014/features/song-of-rest-d8'),(37,2,'bard-expertise-2','Expertise',10,'At 3rd level, choose two of your skill proficiencies. Your proficiency bonus is doubled for any ability check you make that uses either of the chosen proficiencies. At 10th level, you can choose another two skill proficiencies to gain this benefit.','https://www.dnd5eapi.co/api/2014/features/bard-expertise-2'),(38,2,'bardic-inspiration-d10','Bardic Inspiration (d10)',10,'You can inspire others through stirring words or music. To do so, you use a bonus action on your turn to choose one creature other than yourself within 60 feet of you who can hear you. That creature gains one Bardic Inspiration die, a d6. Once within the next 10 minutes, the creature can roll the die and add the number rolled to one ability check, attack roll, or saving throw it makes. The creature can wait until after it rolls the d20 before deciding to use the Bardic Inspiration die, but must decide before the GM says whether the roll succeeds or fails. Once the Bardic Inspiration die is rolled, it is lost. A creature can have only one Bardic Inspiration die at a time.\nYou can use this feature a number of times equal to your Charisma modifier (a minimum of once). You regain any expended uses when you finish a long rest. \nYour Bardic Inspiration die changes when you reach certain levels in this class. The die becomes a d8 at 5th level, a d10 at 10th level, and a d12 at 15th level.','https://www.dnd5eapi.co/api/2014/features/bardic-inspiration-d10'),(39,2,'magical-secrets-1','Magical Secrets',10,'By 10th level, you have plundered magical knowledge from a wide spectrum of disciplines. Choose two spells from any class, including this one. A spell you choose must be of a level you can cast, as shown on the Bard table, or a cantrip. \nThe chosen spells count as bard spells for you and are included in the number in the Spells Known column of the Bard table. \nYou learn two additional spells from any class at 14th level and again at 18th level.','https://www.dnd5eapi.co/api/2014/features/magical-secrets-1'),(40,2,'bard-ability-score-improvement-3','Ability Score Improvement',12,'When you reach 4th level, and again at 8th, 12th, 16th, and 19th level, you can increase one ability score of your choice by 2, or you can increase two ability scores of your choice by 1. As normal, you can\'t increase an ability score above 20 using this feature.','https://www.dnd5eapi.co/api/2014/features/bard-ability-score-improvement-3'),(41,2,'song-of-rest-d10','Song of Rest (d10)',13,'Beginning at 2nd level, you can use soothing music or oration to help revitalize your wounded allies during a short rest. If you or any friendly creatures who can hear your performance regain hit points at the end of the short rest by spending one or more Hit Dice, each of those creatures regains an extra 1d6 hit points. \nThe extra hit points increase when you reach certain levels in this class: to 1d8 at 9th level, to 1d10 at 13th level, and to 1d12 at 17th level.','https://www.dnd5eapi.co/api/2014/features/song-of-rest-d10'),(42,2,'magical-secrets-2','Magical Secrets',14,'By 10th level, you have plundered magical knowledge from a wide spectrum of disciplines. Choose two spells from any class, including this one. A spell you choose must be of a level you can cast, as shown on the Bard table, or a cantrip. \nThe chosen spells count as bard spells for you and are included in the number in the Spells Known column of the Bard table. \nYou learn two additional spells from any class at 14th level and again at 18th level.','https://www.dnd5eapi.co/api/2014/features/magical-secrets-2'),(43,2,'bard-college-improvement-2','Bard College feature',14,'At 3rd level, you delve into the advanced techniques of a bard college of your choice, such as the College of Lore. Your choice grants you features at 3rd level and again at 6th and 14th level.','https://www.dnd5eapi.co/api/2014/features/bard-college-improvement-2'),(44,2,'bardic-inspiration-d12','Bardic Inspiration (d12)',15,'You can inspire others through stirring words or music. To do so, you use a bonus action on your turn to choose one creature other than yourself within 60 feet of you who can hear you. That creature gains one Bardic Inspiration die, a d6. Once within the next 10 minutes, the creature can roll the die and add the number rolled to one ability check, attack roll, or saving throw it makes. The creature can wait until after it rolls the d20 before deciding to use the Bardic Inspiration die, but must decide before the GM says whether the roll succeeds or fails. Once the Bardic Inspiration die is rolled, it is lost. A creature can have only one Bardic Inspiration die at a time.\nYou can use this feature a number of times equal to your Charisma modifier (a minimum of once). You regain any expended uses when you finish a long rest. \nYour Bardic Inspiration die changes when you reach certain levels in this class. The die becomes a d8 at 5th level, a d10 at 10th level, and a d12 at 15th level.','https://www.dnd5eapi.co/api/2014/features/bardic-inspiration-d12'),(45,2,'bard-ability-score-improvement-4','Ability Score Improvement',16,'When you reach 4th level, and again at 8th, 12th, 16th, and 19th level, you can increase one ability score of your choice by 2, or you can increase two ability scores of your choice by 1. As normal, you can\'t increase an ability score above 20 using this feature.','https://www.dnd5eapi.co/api/2014/features/bard-ability-score-improvement-4'),(46,2,'song-of-rest-d12','Song of Rest (d12)',17,'Beginning at 2nd level, you can use soothing music or oration to help revitalize your wounded allies during a short rest. If you or any friendly creatures who can hear your performance regain hit points at the end of the short rest by spending one or more Hit Dice, each of those creatures regains an extra 1d6 hit points. \nThe extra hit points increase when you reach certain levels in this class: to 1d8 at 9th level, to 1d10 at 13th level, and to 1d12 at 17th level.','https://www.dnd5eapi.co/api/2014/features/song-of-rest-d12'),(47,2,'magical-secrets-3','Magical Secrets',18,'By 10th level, you have plundered magical knowledge from a wide spectrum of disciplines. Choose two spells from any class, including this one. A spell you choose must be of a level you can cast, as shown on the Bard table, or a cantrip. \nThe chosen spells count as bard spells for you and are included in the number in the Spells Known column of the Bard table. \nYou learn two additional spells from any class at 14th level and again at 18th level.','https://www.dnd5eapi.co/api/2014/features/magical-secrets-3'),(48,2,'bard-ability-score-improvement-5','Ability Score Improvement',19,'When you reach 4th level, and again at 8th, 12th, 16th, and 19th level, you can increase one ability score of your choice by 2, or you can increase two ability scores of your choice by 1. As normal, you can\'t increase an ability score above 20 using this feature.','https://www.dnd5eapi.co/api/2014/features/bard-ability-score-improvement-5'),(49,2,'superior-inspiration','Superior Inspiration',20,'At 20th level, when you roll initiative and have no uses of Bardic Inspiration left, you regain one use.','https://www.dnd5eapi.co/api/2014/features/superior-inspiration'),(50,3,'spellcasting-cleric','Spellcasting: Cleric',1,'As a conduit for divine power, you can cast cleric spells.','https://www.dnd5eapi.co/api/2014/features/spellcasting-cleric'),(51,3,'divine-domain','Divine Domain',1,'Choose one domain related to your deity, such as Knowledge, Life, Light, Nature, Tempest, Trickery, or War. Only the Life domain is detailed in the Open Game Licensed SRD. Additional Domains are described in the official rulebooks or products from other publishers.\nYour domain grants you domain spells and other features when you choose it at 1st level. It also grants you additional ways to use Channel Divinity when you gain that feature at 2nd level, and additional benefits at 6th, 8th, and 17th levels.','https://www.dnd5eapi.co/api/2014/features/divine-domain'),(52,3,'domain-spells-1','Domain Spells',1,'Each domain has a list of spells--its domain spells--that you gain at the cleric levels noted in the domain description. Once you gain a domain spell, you always have it prepared, and it doesn\'t count against the number of spells you can prepare each day.\nIf you have a domain spell that doesn\'t appear on the cleric spell list, the spell is nonetheless a cleric spell for you.','https://www.dnd5eapi.co/api/2014/features/domain-spells-1'),(53,3,'channel-divinity-1-rest','Channel Divinity (1/rest)',2,'At 2nd level, you gain the ability to channel divine energy directly from your deity, using that energy to fuel magical effects. You start with two such effects: Turn Undead and an effect determined by your domain. Some domains grant you additional effects as you advance in levels, as noted in the domain description.\nWhen you use your Channel Divinity, you choose which effect to create. You must then finish a short or long rest to use your Channel Divinity again.\nSome Channel Divinity effects require saving throws. When you use such an effect from this class, the DC equals your cleric spell save DC.\nBeginning at 6th level, you can use your Channel Divinity twice between rests, and beginning at 18th level, you can use it three times between rests. When you finish a short or long rest, you regain your expended uses.','https://www.dnd5eapi.co/api/2014/features/channel-divinity-1-rest'),(54,3,'channel-divinity-turn-undead','Channel Divinity: Turn Undead',2,'As an action, you present your holy symbol and speak a prayer censuring the undead. Each undead that can see or hear you within 30 feet of you must make a Wisdom saving throw. If the creature fails its saving throw, it is turned for 1 minute or until it takes any damage.\nA turned creature must spend its turns trying to move as far away from you as it can, and it can\'t willingly move to a space within 30 feet of you. It also can\'t take reactions. For its action, it can use only the Dash action or try to escape from an effect that prevents it from moving. If there\'s nowhere to move, the creature can use the Dodge action.','https://www.dnd5eapi.co/api/2014/features/channel-divinity-turn-undead'),(55,3,'divine-domain-improvement-1','Divine Domain feature',2,'Choose one domain related to your deity, such as Knowledge, Life, Light, Nature, Tempest, Trickery, or War. Only the Life domain is detailed in the Open Game Licensed SRD. Additional Domains are described in the official rulebooks or products from other publishers.\nYour domain grants you domain spells and other features when you choose it at 1st level. It also grants you additional ways to use Channel Divinity when you gain that feature at 2nd level, and additional benefits at 6th, 8th, and 17th levels.','https://www.dnd5eapi.co/api/2014/features/divine-domain-improvement-1'),(56,3,'domain-spells-2','Domain Spells',3,'Each domain has a list of spells--its domain spells--that you gain at the cleric levels noted in the domain description. Once you gain a domain spell, you always have it prepared, and it doesn\'t count against the number of spells you can prepare each day.\nIf you have a domain spell that doesn\'t appear on the cleric spell list, the spell is nonetheless a cleric spell for you.','https://www.dnd5eapi.co/api/2014/features/domain-spells-2'),(57,3,'cleric-ability-score-improvement-1','Ability Score Improvement',4,'When you reach 4th level, and again at 8th, 12th, 16th, and 19th level, you can increase one ability score of your choice by 2, or you can increase two ability scores of your choice by 1. As normal, you can\'t increase an ability score above 20 using this feature.','https://www.dnd5eapi.co/api/2014/features/cleric-ability-score-improvement-1'),(58,3,'domain-spells-3','Domain Spells',5,'Each domain has a list of spells--its domain spells--that you gain at the cleric levels noted in the domain description. Once you gain a domain spell, you always have it prepared, and it doesn\'t count against the number of spells you can prepare each day.\nIf you have a domain spell that doesn\'t appear on the cleric spell list, the spell is nonetheless a cleric spell for you.','https://www.dnd5eapi.co/api/2014/features/domain-spells-3'),(59,3,'destroy-undead-cr-1-2-or-below','Destroy Undead (CR 1/2 or below)',5,'Starting at 5th level, when an undead fails its saving throw against your Turn Undead feature, the creature is instantly destroyed if its challenge rating is at or below a certain threshold.','https://www.dnd5eapi.co/api/2014/features/destroy-undead-cr-1-2-or-below'),(60,3,'channel-divinity-2-rest','Channel Divinity (2/rest)',6,'Beginning at 6th level, you can use your Channel Divinity twice between rests, and beginning at 18th level, you can use it three times between rests. When you finish a short or long rest, you regain your expended uses.','https://www.dnd5eapi.co/api/2014/features/channel-divinity-2-rest'),(61,3,'divine-domain-improvement-2','Divine Domain feature',6,'Choose one domain related to your deity, such as Knowledge, Life, Light, Nature, Tempest, Trickery, or War. Only the Life domain is detailed in the Open Game Licensed SRD. Additional Domains are described in the official rulebooks or products from other publishers.\nYour domain grants you domain spells and other features when you choose it at 1st level. It also grants you additional ways to use Channel Divinity when you gain that feature at 2nd level, and additional benefits at 6th, 8th, and 17th levels.','https://www.dnd5eapi.co/api/2014/features/divine-domain-improvement-2'),(62,3,'domain-spells-4','Domain Spells',7,'Each domain has a list of spells--its domain spells--that you gain at the cleric levels noted in the domain description. Once you gain a domain spell, you always have it prepared, and it doesn\'t count against the number of spells you can prepare each day.\nIf you have a domain spell that doesn\'t appear on the cleric spell list, the spell is nonetheless a cleric spell for you.','https://www.dnd5eapi.co/api/2014/features/domain-spells-4'),(63,3,'cleric-ability-score-improvement-2','Ability Score Improvement',8,'When you reach 4th level, and again at 8th, 12th, 16th, and 19th level, you can increase one ability score of your choice by 2, or you can increase two ability scores of your choice by 1. As normal, you can\'t increase an ability score above 20 using this feature.','https://www.dnd5eapi.co/api/2014/features/cleric-ability-score-improvement-2'),(64,3,'destroy-undead-cr-1-or-below','Destroy Undead (CR 1 or below)',8,'Starting at 5th level, when an undead fails its saving throw against your Turn Undead feature, the creature is instantly destroyed if its challenge rating is at or below a certain threshold.','https://www.dnd5eapi.co/api/2014/features/destroy-undead-cr-1-or-below'),(65,3,'divine-domain-improvement-3','Divine Domain feature',8,'Choose one domain related to your deity, such as Knowledge, Life, Light, Nature, Tempest, Trickery, or War. Only the Life domain is detailed in the Open Game Licensed SRD. Additional Domains are described in the official rulebooks or products from other publishers.\nYour domain grants you domain spells and other features when you choose it at 1st level. It also grants you additional ways to use Channel Divinity when you gain that feature at 2nd level, and additional benefits at 6th, 8th, and 17th levels.','https://www.dnd5eapi.co/api/2014/features/divine-domain-improvement-3'),(66,3,'domain-spells-5','Domain Spells',9,'Each domain has a list of spells--its domain spells--that you gain at the cleric levels noted in the domain description. Once you gain a domain spell, you always have it prepared, and it doesn\'t count against the number of spells you can prepare each day.\nIf you have a domain spell that doesn\'t appear on the cleric spell list, the spell is nonetheless a cleric spell for you.','https://www.dnd5eapi.co/api/2014/features/domain-spells-5'),(67,3,'divine-intervention','Divine Intervention',10,'Beginning at 10th level, you can call on your deity to intervene on your behalf when your need is great.\nImploring your deity\'s aid requires you to use your action. Describe the assistance you seek, and roll percentile dice. If you roll a number equal to or lower than your cleric level, your deity intervenes. The GM chooses the nature of the intervention; the effect of any cleric spell or cleric domain spell would be appropriate.\nIf your deity intervenes, you can\'t use this feature again for 7 days. Otherwise, you can use it again after you finish a long rest.\nAt 20th level, your call for intervention succeeds automatically, no roll required.','https://www.dnd5eapi.co/api/2014/features/divine-intervention'),(68,3,'destroy-undead-cr-2-or-below','Destroy Undead (CR 2 or below)',11,'Starting at 5th level, when an undead fails its saving throw against your Turn Undead feature, the creature is instantly destroyed if its challenge rating is at or below a certain threshold.','https://www.dnd5eapi.co/api/2014/features/destroy-undead-cr-2-or-below'),(69,3,'cleric-ability-score-improvement-3','Ability Score Improvement',12,'When you reach 4th level, and again at 8th, 12th, 16th, and 19th level, you can increase one ability score of your choice by 2, or you can increase two ability scores of your choice by 1. As normal, you can\'t increase an ability score above 20 using this feature.','https://www.dnd5eapi.co/api/2014/features/cleric-ability-score-improvement-3'),(70,3,'destroy-undead-cr-3-or-below','Destroy Undead (CR 3 or below)',14,'Starting at 5th level, when an undead fails its saving throw against your Turn Undead feature, the creature is instantly destroyed if its challenge rating is at or below a certain threshold.','https://www.dnd5eapi.co/api/2014/features/destroy-undead-cr-3-or-below'),(71,3,'cleric-ability-score-improvement-4','Ability Score Improvement',16,'When you reach 4th level, and again at 8th, 12th, 16th, and 19th level, you can increase one ability score of your choice by 2, or you can increase two ability scores of your choice by 1. As normal, you can\'t increase an ability score above 20 using this feature.','https://www.dnd5eapi.co/api/2014/features/cleric-ability-score-improvement-4'),(72,3,'destroy-undead-cr-4-or-below','Destroy Undead (CR 4 or below)',17,'Starting at 5th level, when an undead fails its saving throw against your Turn Undead feature, the creature is instantly destroyed if its challenge rating is at or below a certain threshold.','https://www.dnd5eapi.co/api/2014/features/destroy-undead-cr-4-or-below'),(73,3,'divine-domain-improvement-4','Divine Domain feature',17,'Choose one domain related to your deity, such as Knowledge, Life, Light, Nature, Tempest, Trickery, or War. Only the Life domain is detailed in the Open Game Licensed SRD. Additional Domains are described in the official rulebooks or products from other publishers.\nYour domain grants you domain spells and other features when you choose it at 1st level. It also grants you additional ways to use Channel Divinity when you gain that feature at 2nd level, and additional benefits at 6th, 8th, and 17th levels.','https://www.dnd5eapi.co/api/2014/features/divine-domain-improvement-4'),(74,3,'channel-divinity-3-rest','Channel Divinity (3/rest)',18,'Beginning at 6th level, you can use your Channel Divinity twice between rests, and beginning at 18th level, you can use it three times between rests. When you finish a short or long rest, you regain your expended uses.','https://www.dnd5eapi.co/api/2014/features/channel-divinity-3-rest'),(75,3,'cleric-ability-score-improvement-5','Ability Score Improvement',19,'When you reach 4th level, and again at 8th, 12th, 16th, and 19th level, you can increase one ability score of your choice by 2, or you can increase two ability scores of your choice by 1. As normal, you can\'t increase an ability score above 20 using this feature.','https://www.dnd5eapi.co/api/2014/features/cleric-ability-score-improvement-5'),(76,3,'divine-intervention-improvement','Divine Intervention Improvement',20,'At 20th level, your call for intervention succeeds automatically, no roll required.','https://www.dnd5eapi.co/api/2014/features/divine-intervention-improvement'),(77,4,'spellcasting-druid','Spellcasting: Druid',1,'Drawing on the divine essence of nature itself, you can cast spells to shape that essence to your will.','https://www.dnd5eapi.co/api/2014/features/spellcasting-druid'),(78,4,'druidic','Druidic',1,'You know Druidic, the secret language of druids. You can speak the language and use it to leave hidden messages. You and others who know this language automatically spot such a message. Others spot the message\'s presence with a successful DC 15 Wisdom (Perception) check but can\'t decipher it without magic.','https://www.dnd5eapi.co/api/2014/features/druidic'),(79,4,'wild-shape-cr-1-4-or-below-no-flying-or-swim-speed','Wild Shape (CR 1/4 or below, no flying or swim speed)',2,'Starting at 2nd level, you can use your action to magically assume the shape of a beast that you have seen before. You can use this feature twice. You regain expended uses when you finish a short or long rest.\nYour druid level determines the beasts you can transform into, as shown in the Beast Shapes table. At 2nd level, for example, you can transform into any beast that has a challenge rating of 1/4 or lower that doesn\'t have a flying or swimming speed.\nYou can stay in a beast shape for a number of hours equal to half your druid level (rounded down). You then revert to your normal form unless you expend another use of this feature. You can revert to your normal form earlier by using a bonus action on your turn. You automatically revert if you fall unconscious, drop to 0 hit points, or die.\nWhile you are transformed, the following rules apply:\n- Your game statistics are replaced by the statistics of the beast, but you retain your alignment, personality, and Intelligence, Wisdom, and Charisma scores. You also retain all of your skill and saving throw proficiencies, in addition to gaining those of the creature. If the creature has the same proficiency as you and the bonus in its stat block is higher than yours, use the creature\'s bonus instead of yours. If the creature has any legendary or lair actions, you can\'t use them.\n- When you transform, you assume the beast\'s hit points and Hit Dice. When you revert to your normal form, you return to the number of hit points you had before you transformed. However, if you revert as a result of dropping to 0 hit points, any excess damage carries over to your normal form. For example, if you take 10 damage in animal form and have only 1 hit point left, you revert and take 9 damage. As long as the excess damage doesn\'t reduce your normal form to 0 hit points, you aren\'t knocked unconscious.\n- You can\'t cast spells, and your ability to speak or take any action that requires hands is limited to the capabilities of your beast form. Transforming doesn\'t break your concentration on a spell you\'ve already cast, however, or prevent you from taking actions that are part of a spell, such as call lightning, that you\'ve already cast.\n- You retain the benefit of any features from your class, race, or other source and can use them if the new form is physically capable of doing so. However, you can\'t use any of your special senses, such as darkvision, unless your new form also has that sense.\n- You choose whether your equipment falls to the ground in your space, merges into your new form, or is worn by it. Worn equipment functions as normal, but the GM decides whether it is practical for the new form to wear a piece of equipment, based on the creature\'s shape and size. Your equipment doesn\'t change size or shape to match the new form, and any equipment that the new form can\'t wear must either fall to the ground or merge with it. Equipment that merges with the form has no effect until you leave the form.','https://www.dnd5eapi.co/api/2014/features/wild-shape-cr-1-4-or-below-no-flying-or-swim-speed'),(80,4,'druid-circle','Druid Circle',2,'At 2nd level, you choose to identify with a circle of druids, such as the Circle of the Land. Your choice grants you features at 2nd level and again at 6th, 10th, and 14th level.','https://www.dnd5eapi.co/api/2014/features/druid-circle'),(81,4,'wild-shape-cr-1-2-or-below-no-flying-speed','Wild Shape (CR 1/2 or below, no flying speed)',4,'Starting at 2nd level, you can use your action to magically assume the shape of a beast that you have seen before. You can use this feature twice. You regain expended uses when you finish a short or long rest.\nYour druid level determines the beasts you can transform into, as shown in the Beast Shapes table. At 2nd level, for example, you can transform into any beast that has a challenge rating of 1/4 or lower that doesn\'t have a flying or swimming speed.\nYou can stay in a beast shape for a number of hours equal to half your druid level (rounded down). You then revert to your normal form unless you expend another use of this feature. You can revert to your normal form earlier by using a bonus action on your turn. You automatically revert if you fall unconscious, drop to 0 hit points, or die.\nWhile you are transformed, the following rules apply:\n- Your game statistics are replaced by the statistics of the beast, but you retain your alignment, personality, and Intelligence, Wisdom, and Charisma scores. You also retain all of your skill and saving throw proficiencies, in addition to gaining those of the creature. If the creature has the same proficiency as you and the bonus in its stat block is higher than yours, use the creature\'s bonus instead of yours. If the creature has any legendary or lair actions, you can\'t use them.\n- When you transform, you assume the beast\'s hit points and Hit Dice. When you revert to your normal form, you return to the number of hit points you had before you transformed. However, if you revert as a result of dropping to 0 hit points, any excess damage carries over to your normal form. For example, if you take 10 damage in animal form and have only 1 hit point left, you revert and take 9 damage. As long as the excess damage doesn\'t reduce your normal form to 0 hit points, you aren\'t knocked unconscious.\n- You can\'t cast spells, and your ability to speak or take any action that requires hands is limited to the capabilities of your beast form. Transforming doesn\'t break your concentration on a spell you\'ve already cast, however, or prevent you from taking actions that are part of a spell, such as call lightning, that you\'ve already cast.\n- You retain the benefit of any features from your class, race, or other source and can use them if the new form is physically capable of doing so. However, you can\'t use any of your special senses, such as darkvision, unless your new form also has that sense.\n- You choose whether your equipment falls to the ground in your space, merges into your new form, or is worn by it. Worn equipment functions as normal, but the GM decides whether it is practical for the new form to wear a piece of equipment, based on the creature\'s shape and size. Your equipment doesn\'t change size or shape to match the new form, and any equipment that the new form can\'t wear must either fall to the ground or merge with it. Equipment that merges with the form has no effect until you leave the form.','https://www.dnd5eapi.co/api/2014/features/wild-shape-cr-1-2-or-below-no-flying-speed'),(82,4,'druid-ability-score-improvement-1','Ability Score Improvement',4,'When you reach 4th level, and again at 8th, 12th, 16th, and 19th level, you can increase one ability score of your choice by 2, or you can increase two ability scores of your choice by 1. As normal, you can\'t increase an ability score above 20 using this feature.','https://www.dnd5eapi.co/api/2014/features/druid-ability-score-improvement-1'),(83,4,'druid-circle-improvement-1','Druid Circle feature',6,'At 2nd level, you choose to identify with a circle of druids, such as the Circle of the Land. Your choice grants you features at 2nd level and again at 6th, 10th, and 14th level.','https://www.dnd5eapi.co/api/2014/features/druid-circle-improvement-1'),(84,4,'wild-shape-cr-1-or-below','Wild Shape (CR 1 or below)',8,'Starting at 2nd level, you can use your action to magically assume the shape of a beast that you have seen before. You can use this feature twice. You regain expended uses when you finish a short or long rest.\nYour druid level determines the beasts you can transform into, as shown in the Beast Shapes table. At 2nd level, for example, you can transform into any beast that has a challenge rating of 1/4 or lower that doesn\'t have a flying or swimming speed.\nYou can stay in a beast shape for a number of hours equal to half your druid level (rounded down). You then revert to your normal form unless you expend another use of this feature. You can revert to your normal form earlier by using a bonus action on your turn. You automatically revert if you fall unconscious, drop to 0 hit points, or die.\nWhile you are transformed, the following rules apply:\n- Your game statistics are replaced by the statistics of the beast, but you retain your alignment, personality, and Intelligence, Wisdom, and Charisma scores. You also retain all of your skill and saving throw proficiencies, in addition to gaining those of the creature. If the creature has the same proficiency as you and the bonus in its stat block is higher than yours, use the creature\'s bonus instead of yours. If the creature has any legendary or lair actions, you can\'t use them.\n- When you transform, you assume the beast\'s hit points and Hit Dice. When you revert to your normal form, you return to the number of hit points you had before you transformed. However, if you revert as a result of dropping to 0 hit points, any excess damage carries over to your normal form. For example, if you take 10 damage in animal form and have only 1 hit point left, you revert and take 9 damage. As long as the excess damage doesn\'t reduce your normal form to 0 hit points, you aren\'t knocked unconscious.\n- You can\'t cast spells, and your ability to speak or take any action that requires hands is limited to the capabilities of your beast form. Transforming doesn\'t break your concentration on a spell you\'ve already cast, however, or prevent you from taking actions that are part of a spell, such as call lightning, that you\'ve already cast.\n- You retain the benefit of any features from your class, race, or other source and can use them if the new form is physically capable of doing so. However, you can\'t use any of your special senses, such as darkvision, unless your new form also has that sense.\n- You choose whether your equipment falls to the ground in your space, merges into your new form, or is worn by it. Worn equipment functions as normal, but the GM decides whether it is practical for the new form to wear a piece of equipment, based on the creature\'s shape and size. Your equipment doesn\'t change size or shape to match the new form, and any equipment that the new form can\'t wear must either fall to the ground or merge with it. Equipment that merges with the form has no effect until you leave the form.','https://www.dnd5eapi.co/api/2014/features/wild-shape-cr-1-or-below'),(85,4,'druid-ability-score-improvement-2','Ability Score Improvement',8,'When you reach 4th level, and again at 8th, 12th, 16th, and 19th level, you can increase one ability score of your choice by 2, or you can increase two ability scores of your choice by 1. As normal, you can\'t increase an ability score above 20 using this feature.','https://www.dnd5eapi.co/api/2014/features/druid-ability-score-improvement-2'),(86,4,'druid-circle-improvement-2','Druid Circle feature',10,'At 2nd level, you choose to identify with a circle of druids, such as the Circle of the Land. Your choice grants you features at 2nd level and again at 6th, 10th, and 14th level.','https://www.dnd5eapi.co/api/2014/features/druid-circle-improvement-2'),(87,4,'druid-ability-score-improvement-3','Ability Score Improvement',12,'When you reach 4th level, and again at 8th, 12th, 16th, and 19th level, you can increase one ability score of your choice by 2, or you can increase two ability scores of your choice by 1. As normal, you can\'t increase an ability score above 20 using this feature.','https://www.dnd5eapi.co/api/2014/features/druid-ability-score-improvement-3'),(88,4,'druid-circle-improvement-3','Druid Circle feature',14,'At 2nd level, you choose to identify with a circle of druids, such as the Circle of the Land. Your choice grants you features at 2nd level and again at 6th, 10th, and 14th level.','https://www.dnd5eapi.co/api/2014/features/druid-circle-improvement-3'),(89,4,'druid-ability-score-improvement-4','Ability Score Improvement',16,'When you reach 4th level, and again at 8th, 12th, 16th, and 19th level, you can increase one ability score of your choice by 2, or you can increase two ability scores of your choice by 1. As normal, you can\'t increase an ability score above 20 using this feature.','https://www.dnd5eapi.co/api/2014/features/druid-ability-score-improvement-4'),(90,4,'druid-timeless-body','Timeless Body',18,'Starting at 18th level, the primal magic that you wield causes you to age more slowly. For every 10 years that pass, your body ages only 1 year.','https://www.dnd5eapi.co/api/2014/features/druid-timeless-body'),(91,4,'beast-spells','Beast Spells',18,'Beginning at 18th level, you can cast many of your druid spells in any shape you assume using Wild Shape. You can perform the somatic and verbal components of a druid spell while in a beast shape, but you aren\'t able to provide material components.','https://www.dnd5eapi.co/api/2014/features/beast-spells'),(92,4,'druid-ability-score-improvement-5','Ability Score Improvement',19,'When you reach 4th level, and again at 8th, 12th, 16th, and 19th level, you can increase one ability score of your choice by 2, or you can increase two ability scores of your choice by 1. As normal, you can\'t increase an ability score above 20 using this feature.','https://www.dnd5eapi.co/api/2014/features/druid-ability-score-improvement-5'),(93,4,'archdruid','Archdruid',20,'At 20th level, you can use your Wild Shape an unlimited number of times.\nAdditionally, you can ignore the verbal and somatic components of your druid spells, as well as any material components that lack a cost and aren\'t consumed by a spell. You gain this benefit in both your normal shape and your beast shape from Wild Shape.','https://www.dnd5eapi.co/api/2014/features/archdruid'),(94,5,'fighter-fighting-style','Fighting Style',1,'You adopt a particular style of fighting as your specialty. Choose one of the following options. You can\'t take a Fighting Style option more than once, even if you later get to choose again.','https://www.dnd5eapi.co/api/2014/features/fighter-fighting-style'),(95,5,'second-wind','Second Wind',1,'You have a limited well of stamina that you can draw on to protect yourself from harm. On your turn, you can use a bonus action to regain hit points equal to 1d10 + your fighter level. Once you use this feature, you must finish a short or long rest before you can use it again.','https://www.dnd5eapi.co/api/2014/features/second-wind'),(96,5,'action-surge-1-use','Action Surge (1 use)',2,'Starting at 2nd level, you can push yourself beyond your normal limits for a moment. On your turn, you can take one additional action on top of your regular action and a possible bonus action.\nOnce you use this feature, you must finish a short or long rest before you can use it again. Starting at 17th level, you can use it twice before a rest, but only once on the same turn.','https://www.dnd5eapi.co/api/2014/features/action-surge-1-use'),(97,5,'martial-archetype','Martial Archetype',3,'At 3rd level, you choose an archetype that you strive to emulate in your combat styles and techniques, such as Champion. The archetype you choose grants you features at 3rd level and again at 7th, 10th, 15th, and 18th level.','https://www.dnd5eapi.co/api/2014/features/martial-archetype'),(98,5,'fighter-ability-score-improvement-1','Ability Score Improvement',4,'When you reach 4th level, and again at 6th, 8th, 12th, 14th, 16th, and 19th level, you can increase one ability score of your choice by 2, or you can increase two ability scores of your choice by 1. As normal, you can\'t increase an ability score above 20 using this feature.','https://www.dnd5eapi.co/api/2014/features/fighter-ability-score-improvement-1'),(99,5,'extra-attack-1','Extra Attack',5,'Beginning at 5th level, you can attack twice, instead of once, whenever you take the Attack action on your turn. The number of attacks increases to three when you reach 11th level in this class and to four when you reach 20th level in this class.','https://www.dnd5eapi.co/api/2014/features/extra-attack-1'),(100,5,'fighter-ability-score-improvement-2','Ability Score Improvement',6,'When you reach 4th level, and again at 6th, 8th, 12th, 14th, 16th, and 19th level, you can increase one ability score of your choice by 2, or you can increase two ability scores of your choice by 1. As normal, you can\'t increase an ability score above 20 using this feature.','https://www.dnd5eapi.co/api/2014/features/fighter-ability-score-improvement-2'),(101,5,'martial-archetype-improvement-1','Martial Archetype feature',7,'At 3rd level, you choose an archetype that you strive to emulate in your combat styles and techniques, such as Champion. The archetype you choose grants you features at 3rd level and again at 7th, 10th, 15th, and 18th level.','https://www.dnd5eapi.co/api/2014/features/martial-archetype-improvement-1'),(102,5,'fighter-ability-score-improvement-3','Ability Score Improvement',8,'When you reach 4th level, and again at 6th, 8th, 12th, 14th, 16th, and 19th level, you can increase one ability score of your choice by 2, or you can increase two ability scores of your choice by 1. As normal, you can\'t increase an ability score above 20 using this feature.','https://www.dnd5eapi.co/api/2014/features/fighter-ability-score-improvement-3'),(103,5,'indomitable-1-use','Indomitable (1 use)',9,'Beginning at 9th level, you can reroll a saving throw that you fail. If you do so, you must use the new roll, and you can\'t use this feature again until you finish a long rest. You can use this feature twice between long rests starting at 13th level and three times between long rests starting at 17th level.','https://www.dnd5eapi.co/api/2014/features/indomitable-1-use'),(104,5,'martial-archetype-improvement-2','Martial Archetype feature',10,'At 3rd level, you choose an archetype that you strive to emulate in your combat styles and techniques, such as Champion. The archetype you choose grants you features at 3rd level and again at 7th, 10th, 15th, and 18th level.','https://www.dnd5eapi.co/api/2014/features/martial-archetype-improvement-2'),(105,5,'extra-attack-2','Extra Attack (2)',11,'Beginning at 5th level, you can attack twice, instead of once, whenever you take the Attack action on your turn. The number of attacks increases to three when you reach 11th level in this class and to four when you reach 20th level in this class.','https://www.dnd5eapi.co/api/2014/features/extra-attack-2'),(106,5,'fighter-ability-score-improvement-4','Ability Score Improvement',12,'When you reach 4th level, and again at 6th, 8th, 12th, 14th, 16th, and 19th level, you can increase one ability score of your choice by 2, or you can increase two ability scores of your choice by 1. As normal, you can\'t increase an ability score above 20 using this feature.','https://www.dnd5eapi.co/api/2014/features/fighter-ability-score-improvement-4'),(107,5,'indomitable-2-uses','Indomitable (2 uses)',13,'Beginning at 9th level, you can reroll a saving throw that you fail. If you do so, you must use the new roll, and you can\'t use this feature again until you finish a long rest. You can use this feature twice between long rests starting at 13th level and three times between long rests starting at 17th level.','https://www.dnd5eapi.co/api/2014/features/indomitable-2-uses'),(108,5,'fighter-ability-score-improvement-5','Ability Score Improvement',14,'When you reach 4th level, and again at 6th, 8th, 12th, 14th, 16th, and 19th level, you can increase one ability score of your choice by 2, or you can increase two ability scores of your choice by 1. As normal, you can\'t increase an ability score above 20 using this feature.','https://www.dnd5eapi.co/api/2014/features/fighter-ability-score-improvement-5'),(109,5,'martial-archetype-improvement-3','Martial Archetype feature',15,'At 3rd level, you choose an archetype that you strive to emulate in your combat styles and techniques, such as Champion. The archetype you choose grants you features at 3rd level and again at 7th, 10th, 15th, and 18th level.','https://www.dnd5eapi.co/api/2014/features/martial-archetype-improvement-3'),(110,5,'fighter-ability-score-improvement-6','Ability Score Improvement',16,'When you reach 4th level, and again at 6th, 8th, 12th, 14th, 16th, and 19th level, you can increase one ability score of your choice by 2, or you can increase two ability scores of your choice by 1. As normal, you can\'t increase an ability score above 20 using this feature.','https://www.dnd5eapi.co/api/2014/features/fighter-ability-score-improvement-6'),(111,5,'action-surge-2-uses','Action Surge (2 uses)',17,'Starting at 2nd level, you can push yourself beyond your normal limits for a moment. On your turn, you can take one additional action on top of your regular action and a possible bonus action.\nOnce you use this feature, you must finish a short or long rest before you can use it again. Starting at 17th level, you can use it twice before a rest, but only once on the same turn.','https://www.dnd5eapi.co/api/2014/features/action-surge-2-uses'),(112,5,'indomitable-3-uses','Indomitable (3 uses)',17,'Beginning at 9th level, you can reroll a saving throw that you fail. If you do so, you must use the new roll, and you can\'t use this feature again until you finish a long rest. You can use this feature twice between long rests starting at 13th level and three times between long rests starting at 17th level.','https://www.dnd5eapi.co/api/2014/features/indomitable-3-uses'),(113,5,'martial-archetype-improvement-4','Martial Archetype feature',18,'At 3rd level, you choose an archetype that you strive to emulate in your combat styles and techniques, such as Champion. The archetype you choose grants you features at 3rd level and again at 7th, 10th, 15th, and 18th level.','https://www.dnd5eapi.co/api/2014/features/martial-archetype-improvement-4'),(114,5,'fighter-ability-score-improvement-7','Ability Score Improvement',19,'When you reach 4th level, and again at 6th, 8th, 12th, 14th, 16th, and 19th level, you can increase one ability score of your choice by 2, or you can increase two ability scores of your choice by 1. As normal, you can\'t increase an ability score above 20 using this feature.','https://www.dnd5eapi.co/api/2014/features/fighter-ability-score-improvement-7'),(115,5,'extra-attack-3','Extra Attack (3)',20,'Beginning at 5th level, you can attack twice, instead of once, whenever you take the Attack action on your turn. The number of attacks increases to three when you reach 11th level in this class and to four when you reach 20th level in this class.','https://www.dnd5eapi.co/api/2014/features/extra-attack-3'),(116,6,'monk-unarmored-defense','Unarmored Defense',1,'Beginning at 1st level, while you are wearing no armor and not wielding a shield, your AC equals 10 + your Dexterity modifier + your Wisdom modifier.','https://www.dnd5eapi.co/api/2014/features/monk-unarmored-defense'),(117,6,'martial-arts','Martial Arts',1,'At 1st level, your practice of martial arts gives you mastery of combat styles that use unarmed strikes and monk weapons, which are shortswords and any simple melee weapons that don\'t have the two- handed or heavy property.\nYou gain the following benefits while you are unarmed or wielding only monk weapons and you aren\'t wearing armor or wielding a shield:\n- You can use Dexterity instead of Strength for the attack and damage rolls of your unarmed strikes and monk weapons.\n- You can roll a d4 in place of the normal damage of your unarmed strike or monk weapon. This die changes as you gain monk levels, as shown in the Martial Arts column of Table: The Monk.\n- When you use the Attack action with an unarmed strike or a monk weapon on your turn, you can make one unarmed strike as a bonus action. For example, if you take the Attack action and attack with a quarterstaff, you can also make an unarmed strike as a bonus action, assuming you haven\'t already taken a bonus action this turn.\nCertain monasteries use specialized forms of the monk weapons. For example, you might use a club that is two lengths of wood connected by a short chain (called a nunchaku) or a sickle with a shorter, straighter blade (called a kama). Whatever name you use for a monk weapon, you can use the game statistics provided for the weapon.','https://www.dnd5eapi.co/api/2014/features/martial-arts'),(118,6,'ki','Ki',2,'Starting at 2nd level, your training allows you to harness the mystic energy of ki. Your access to this energy is represented by a number of ki points. Your monk level determines the number of points you have, as shown in the Ki Points column of Table: The Monk.\nYou can spend these points to fuel various ki features. You start knowing three such features: Flurry of Blows, Patient Defense, and Step of the Wind. You learn more ki features as you gain levels in this class.\nWhen you spend a ki point, it is unavailable until you finish a short or long rest, at the end of which you draw all of your expended ki back into yourself. You must spend at least 30 minutes of the rest meditating to regain your ki points.\nSome of your ki features require your target to make a saving throw to resist the feature\'s effects. The saving throw DC is calculated as follows:\nKi save DC = 8 + your proficiency bonus + your Wisdom modifier','https://www.dnd5eapi.co/api/2014/features/ki'),(119,6,'flurry-of-blows','Flurry of Blows',2,'Immediately after you take the Attack action on your turn, you can spend 1 ki point to make two unarmed strikes as a bonus action.','https://www.dnd5eapi.co/api/2014/features/flurry-of-blows'),(120,6,'patient-defense','Patient Defense',2,'You can spend 1 ki point to take the Dodge action as a bonus action on your turn.','https://www.dnd5eapi.co/api/2014/features/patient-defense'),(121,6,'step-of-the-wind','Step of the Wind',2,'You can spend 1 ki point to take the Disengage or Dash action as a bonus action on your turn, and your jump distance is doubled for the turn.','https://www.dnd5eapi.co/api/2014/features/step-of-the-wind'),(122,6,'unarmored-movement-1','Unarmored Movement',2,'Starting at 2nd level, your speed increases by 10 feet while you are not wearing armor or wielding a shield. This bonus increases when you reach certain monk levels, as shown in Table: The Monk.\nAt 9th level, you gain the ability to move along vertical surfaces and across liquids on your turn without falling during the move.','https://www.dnd5eapi.co/api/2014/features/unarmored-movement-1'),(123,6,'monastic-tradition','Monastic Tradition',3,'When you reach 3rd level, you commit yourself to a monastic tradition, such as the Way of the Open Hand. Your tradition grants you features at 3rd level and again at 6th, 11th, and 17th level.','https://www.dnd5eapi.co/api/2014/features/monastic-tradition'),(124,6,'deflect-missiles','Deflect Missiles',3,'Starting at 3rd level, you can use your reaction to deflect or catch the missile when you are hit by a ranged weapon attack. When you do so, the damage you take from the attack is reduced by 1d10 + your Dexterity modifier + your monk level.\nIf you reduce the damage to 0, you can catch the missile if it is small enough for you to hold in one hand and you have at least one hand free. If you catch a missile in this way, you can spend 1 ki point to make a ranged attack with the weapon or piece of ammunition you just caught, as part of the same reaction. You make this attack with proficiency, regardless of your weapon proficiencies, and the missile counts as a monk weapon for the attack, which has a normal range of 20 feet and a long range of 60 feet.','https://www.dnd5eapi.co/api/2014/features/deflect-missiles'),(125,6,'monk-ability-score-improvement-1','Ability Score Improvement',4,'When you reach 4th level, and again at 8th, 12th, 16th, and 19th level, you can increase one ability score of your choice by 2, or you can increase two ability scores of your choice by 1. As normal, you can\'t increase an ability score above 20 using this feature.','https://www.dnd5eapi.co/api/2014/features/monk-ability-score-improvement-1'),(126,6,'slow-fall','Slow Fall',4,'Beginning at 4th level, you can use your reaction when you fall to reduce any falling damage you take by an amount equal to five times your monk level.','https://www.dnd5eapi.co/api/2014/features/slow-fall'),(127,6,'monk-extra-attack','Extra Attack',5,'Beginning at 5th level, you can attack twice, instead of once, whenever you take the Attack action on your turn.','https://www.dnd5eapi.co/api/2014/features/monk-extra-attack'),(128,6,'stunning-strike','Stunning Strike',5,'Starting at 5th level, you can interfere with the flow of ki in an opponent\'s body. When you hit another creature with a melee weapon attack, you can spend 1 ki point to attempt a stunning strike. The target must succeed on a Constitution saving throw or be stunned until the end of your next turn.','https://www.dnd5eapi.co/api/2014/features/stunning-strike'),(129,6,'ki-empowered-strikes','Ki Empowered Strikes',6,'Starting at 6th level, your unarmed strikes count as magical for the purpose of overcoming resistance and immunity to nonmagical attacks and damage.','https://www.dnd5eapi.co/api/2014/features/ki-empowered-strikes'),(130,6,'monastic-tradition-improvement-1','Monastic Tradition feature',6,'When you reach 3rd level, you commit yourself to a monastic tradition, such as the Way of the Open Hand. Your tradition grants you features at 3rd level and again at 6th, 11th, and 17th level.','https://www.dnd5eapi.co/api/2014/features/monastic-tradition-improvement-1'),(131,6,'monk-evasion','Evasion',7,'At 7th level, your instinctive agility lets you dodge out of the way of certain area effects, such as a blue dragon\'s lightning breath or a fireball spell. When you are subjected to an effect that allows you to make a Dexterity saving throw to take only half damage, you instead take no damage if you succeed on the saving throw, and only half damage if you fail.','https://www.dnd5eapi.co/api/2014/features/monk-evasion'),(132,6,'stillness-of-mind','Stillness of Mind',7,'Starting at 7th level, you can use your action to end one effect on yourself that is causing you to be charmed or frightened.','https://www.dnd5eapi.co/api/2014/features/stillness-of-mind'),(133,6,'monk-ability-score-improvement-2','Ability Score Improvement',8,'When you reach 4th level, and again at 8th, 12th, 16th, and 19th level, you can increase one ability score of your choice by 2, or you can increase two ability scores of your choice by 1. As normal, you can\'t increase an ability score above 20 using this feature.','https://www.dnd5eapi.co/api/2014/features/monk-ability-score-improvement-2'),(134,6,'unarmored-movement-2','Unarmored Movement',9,'Starting at 2nd level, your speed increases by 10 feet while you are not wearing armor or wielding a shield. This bonus increases when you reach certain monk levels, as shown in Table: The Monk.\nAt 9th level, you gain the ability to move along vertical surfaces and across liquids on your turn without falling during the move.','https://www.dnd5eapi.co/api/2014/features/unarmored-movement-2'),(135,6,'purity-of-body','Purity of Body',10,'At 10th level, your mastery of the ki flowing through you makes you immune to disease and poison.','https://www.dnd5eapi.co/api/2014/features/purity-of-body'),(136,6,'monastic-tradition-improvement-2','Monastic Tradition feature',11,'When you reach 3rd level, you commit yourself to a monastic tradition, such as the Way of the Open Hand. Your tradition grants you features at 3rd level and again at 6th, 11th, and 17th level.','https://www.dnd5eapi.co/api/2014/features/monastic-tradition-improvement-2'),(137,6,'monk-ability-score-improvement-3','Ability Score Improvement',12,'When you reach 4th level, and again at 8th, 12th, 16th, and 19th level, you can increase one ability score of your choice by 2, or you can increase two ability scores of your choice by 1. As normal, you can\'t increase an ability score above 20 using this feature.','https://www.dnd5eapi.co/api/2014/features/monk-ability-score-improvement-3'),(138,6,'tongue-of-the-sun-and-moon','Tongue of the Sun and Moon',13,'Starting at 13th level, you learn to touch the ki of other minds so that you understand all spoken languages. Moreover, any creature that can understand a language can understand what you say.','https://www.dnd5eapi.co/api/2014/features/tongue-of-the-sun-and-moon'),(139,6,'diamond-soul','Diamond Soul',14,'Beginning at 14th level, your mastery of ki grants you proficiency in all saving throws.\nAdditionally, whenever you make a saving throw and fail, you can spend 1 ki point to reroll it and take the second result.','https://www.dnd5eapi.co/api/2014/features/diamond-soul'),(140,6,'monk-timeless-body','Timeless Body',15,'At 15th level, your ki sustains you so that you suffer none of the frailty of old age, and you can\'t be aged magically. You can still die of old age, however. In addition, you no longer need food or water.','https://www.dnd5eapi.co/api/2014/features/monk-timeless-body'),(141,6,'monk-ability-score-improvement-4','Ability Score Improvement',16,'When you reach 4th level, and again at 8th, 12th, 16th, and 19th level, you can increase one ability score of your choice by 2, or you can increase two ability scores of your choice by 1. As normal, you can\'t increase an ability score above 20 using this feature.','https://www.dnd5eapi.co/api/2014/features/monk-ability-score-improvement-4'),(142,6,'monastic-tradition-improvement-3','Monastic Tradition feature',17,'When you reach 3rd level, you commit yourself to a monastic tradition, such as the Way of the Open Hand. Your tradition grants you features at 3rd level and again at 6th, 11th, and 17th level.','https://www.dnd5eapi.co/api/2014/features/monastic-tradition-improvement-3'),(143,6,'empty-body','Empty Body',18,'Beginning at 18th level, you can use your action to spend 4 ki points to become invisible for 1 minute. During that time, you also have resistance to all damage but force damage.\nAdditionally, you can spend 8 ki points to cast the astral projection spell, without needing material components. When you do so, you can\'t take any other creatures with you.','https://www.dnd5eapi.co/api/2014/features/empty-body'),(144,6,'monk-ability-score-improvement-5','Ability Score Improvement',19,'When you reach 4th level, and again at 8th, 12th, 16th, and 19th level, you can increase one ability score of your choice by 2, or you can increase two ability scores of your choice by 1. As normal, you can\'t increase an ability score above 20 using this feature.','https://www.dnd5eapi.co/api/2014/features/monk-ability-score-improvement-5'),(145,6,'perfect-self','Perfect Self',20,'At 20th level, when you roll for initiative and have no ki points remaining, you regain 4 ki points.','https://www.dnd5eapi.co/api/2014/features/perfect-self'),(146,7,'divine-sense','Divine Sense',1,'The presence of strong evil registers on your senses like a noxious odor, and powerful good rings like heavenly music in your ears. As an action, you can open your awareness to detect such forces. Until the end of your next turn, you know the location of any celestial, fiend, or undead within 60 feet of you that is not behind total cover. You know the type (celestial, fiend, or undead) of any being whose presence you sense, but not its identity. Within the same radius, you also detect the presence of any place or object that has been consecrated or desecrated, as with the hallow spell.\nYou can use this feature a number of times equal to 1 + your Charisma modifier. When you finish a long rest, you regain all expended uses.','https://www.dnd5eapi.co/api/2014/features/divine-sense'),(147,7,'lay-on-hands','Lay on Hands',1,'Your blessed touch can heal wounds. You have a pool of healing power that replenishes when you take a long rest. With that pool, you can restore a total number of hit points equal to your paladin level x 5.\nAs an action, you can touch a creature and draw power from the pool to restore a number of hit points to that creature, up to the maximum amount remaining in your pool.\nAlternatively, you can expend 5 hit points from your pool of healing to cure the target of one disease or neutralize one poison affecting it. You can cure multiple diseases and neutralize multiple poisons with a single use of Lay on Hands, expending hit points separately for each one.\nThis feature has no effect on undead and constructs.','https://www.dnd5eapi.co/api/2014/features/lay-on-hands'),(148,7,'paladin-fighting-style','Fighting Style',2,'At 2nd level, you adopt a style of fighting as your specialty. Choose one of the following options. You can\'t take a Fighting Style option more than once, even if you later get to choose again.','https://www.dnd5eapi.co/api/2014/features/paladin-fighting-style'),(149,7,'spellcasting-paladin','Spellcasting: Paladin',2,'By 2nd level, you have learned to draw on divine magic through meditation and prayer to cast spells as a cleric does.','https://www.dnd5eapi.co/api/2014/features/spellcasting-paladin'),(150,7,'divine-smite','Divine Smite',2,'Starting at 2nd level, when you hit a creature with a melee weapon attack, you can expend one spell slot to deal radiant damage to the target, in addition to the weapon\'s damage. The extra damage is 2d8 for a 1st-level spell slot, plus 1d8 for each spell level higher than 1st, to a maximum of 5d8. The damage increases by 1d8 if the target is an undead or a fiend.','https://www.dnd5eapi.co/api/2014/features/divine-smite'),(151,7,'divine-health','Divine Health',3,'By 3rd level, the divine magic flowing through you makes you immune to disease.','https://www.dnd5eapi.co/api/2014/features/divine-health'),(152,7,'sacred-oath','Sacred Oath',3,'When you reach 3rd level, you swear the oath that binds you as a paladin forever. Up to this time you have been in a preparatory stage, committed to the path but not yet sworn to it. Now you choose an oath, such as the Oath of Devotion.\nYour choice grants you features at 3rd level and again at 7th, 15th, and 20th level. Those features include oath spells and the Channel Divinity feature.','https://www.dnd5eapi.co/api/2014/features/sacred-oath'),(153,7,'oath-spells','Oath Spells',3,'Each oath has a list of associated spells. You gain access to these spells at the levels specified in the oath description. Once you gain access to an oath spell, you always have it prepared. Oath spells don\'t count against the number of spells you can prepare each day.\nIf you gain an oath spell that doesn\'t appear on the paladin spell list, the spell is nonetheless a paladin spell for you.','https://www.dnd5eapi.co/api/2014/features/oath-spells'),(154,7,'channel-divinity','Channel Divinity',3,'Your oath allows you to channel divine energy to fuel magical effects. Each Channel Divinity option provided by your oath explains how to use it.\nWhen you use your Channel Divinity, you choose which option to use. You must then finish a short or long rest to use your Channel Divinity again.\nSome Channel Divinity effects require saving throws. When you use such an effect from this class, the DC equals your paladin spell save DC.','https://www.dnd5eapi.co/api/2014/features/channel-divinity'),(155,7,'paladin-ability-score-improvement-1','Ability Score Improvement',4,'When you reach 4th level, and again at 8th, 12th, 16th, and 19th level, you can increase one ability score of your choice by 2, or you can increase two ability scores of your choice by 1. As normal, you can\'t increase an ability score above 20 using this feature.','https://www.dnd5eapi.co/api/2014/features/paladin-ability-score-improvement-1'),(156,7,'paladin-extra-attack','Extra Attack',5,'Beginning at 5th level, you can attack twice, instead of once, whenever you take the Attack action on your turn.','https://www.dnd5eapi.co/api/2014/features/paladin-extra-attack'),(157,7,'aura-of-protection','Aura of Protection',6,'Starting at 6th level, whenever you or a friendly creature within 10 feet of you must make a saving throw, the creature gains a bonus to the saving throw equal to your Charisma modifier (with a minimum bonus of +1). You must be conscious to grant this bonus.\nAt 18th level, the range of this aura increases to 30 feet.','https://www.dnd5eapi.co/api/2014/features/aura-of-protection'),(158,7,'sacred-oath-improvement-1','Sacred Oath feature',7,'When you reach 3rd level, you swear the oath that binds you as a paladin forever. Up to this time you have been in a preparatory stage, committed to the path but not yet sworn to it. Now you choose an oath, such as the Oath of Devotion.\nYour choice grants you features at 3rd level and again at 7th, 15th, and 20th level. Those features include oath spells and the Channel Divinity feature.','https://www.dnd5eapi.co/api/2014/features/sacred-oath-improvement-1'),(159,7,'paladin-ability-score-improvement-2','Ability Score Improvement',8,'When you reach 4th level, and again at 8th, 12th, 16th, and 19th level, you can increase one ability score of your choice by 2, or you can increase two ability scores of your choice by 1. As normal, you can\'t increase an ability score above 20 using this feature.','https://www.dnd5eapi.co/api/2014/features/paladin-ability-score-improvement-2'),(160,7,'aura-of-courage','Aura of Courage',10,'Starting at 10th level, you and friendly creatures within 10 feet of you can\'t be frightened while you are conscious.\nAt 18th level, the range of this aura increases to 30 feet.','https://www.dnd5eapi.co/api/2014/features/aura-of-courage'),(161,7,'improved-divine-smite','Improved Divine Smite',11,'By 11th level, you are so suffused with righteous might that all your melee weapon strikes carry divine power with them. Whenever you hit a creature with a melee weapon, the creature takes an extra 1d8 radiant damage. If you also use your Divine Smite with an attack, you add this damage to the extra damage of your Divine Smite.','https://www.dnd5eapi.co/api/2014/features/improved-divine-smite'),(162,7,'paladin-ability-score-improvement-3','Ability Score Improvement',12,'When you reach 4th level, and again at 8th, 12th, 16th, and 19th level, you can increase one ability score of your choice by 2, or you can increase two ability scores of your choice by 1. As normal, you can\'t increase an ability score above 20 using this feature.','https://www.dnd5eapi.co/api/2014/features/paladin-ability-score-improvement-3'),(163,7,'cleansing-touch','Cleansing Touch',14,'Beginning at 14th level, you can use your action to end one spell on yourself or on one willing creature that you touch.\nYou can use this feature a number of times equal to your Charisma modifier (a minimum of once). You regain expended uses when you finish a long rest.','https://www.dnd5eapi.co/api/2014/features/cleansing-touch'),(164,7,'sacred-oath-improvement-2','Sacred Oath feature',15,'When you reach 3rd level, you swear the oath that binds you as a paladin forever. Up to this time you have been in a preparatory stage, committed to the path but not yet sworn to it. Now you choose an oath, such as the Oath of Devotion.\nYour choice grants you features at 3rd level and again at 7th, 15th, and 20th level. Those features include oath spells and the Channel Divinity feature.','https://www.dnd5eapi.co/api/2014/features/sacred-oath-improvement-2'),(165,7,'paladin-ability-score-improvement-4','Ability Score Improvement',16,'When you reach 4th level, and again at 8th, 12th, 16th, and 19th level, you can increase one ability score of your choice by 2, or you can increase two ability scores of your choice by 1. As normal, you can\'t increase an ability score above 20 using this feature.','https://www.dnd5eapi.co/api/2014/features/paladin-ability-score-improvement-4'),(166,7,'aura-improvements','Aura improvements',18,'At 18th level, the range of your auras increase to 30 feet.','https://www.dnd5eapi.co/api/2014/features/aura-improvements'),(167,7,'paladin-ability-score-improvement-5','Ability Score Improvement',19,'When you reach 4th level, and again at 8th, 12th, 16th, and 19th level, you can increase one ability score of your choice by 2, or you can increase two ability scores of your choice by 1. As normal, you can\'t increase an ability score above 20 using this feature.','https://www.dnd5eapi.co/api/2014/features/paladin-ability-score-improvement-5'),(168,7,'sacred-oath-improvement-3','Sacred Oath feature',20,'When you reach 3rd level, you swear the oath that binds you as a paladin forever. Up to this time you have been in a preparatory stage, committed to the path but not yet sworn to it. Now you choose an oath, such as the Oath of Devotion.\nYour choice grants you features at 3rd level and again at 7th, 15th, and 20th level. Those features include oath spells and the Channel Divinity feature.','https://www.dnd5eapi.co/api/2014/features/sacred-oath-improvement-3'),(169,8,'favored-enemy-1-type','Favored Enemy (1 type)',1,'Beginning at 1st level, you have significant experience studying, tracking, hunting, and even talking to a certain type of enemy.\nChoose a type of favored enemy: aberrations, beasts, celestials, constructs, dragons, elementals, fey, fiends, giants, monstrosities, oozes, plants, or undead. Alternatively, you can select two races of humanoid (such as gnolls and orcs) as favored enemies.\nYou have advantage on Wisdom (Survival) checks to track your favored enemies, as well as on Intelligence checks to recall information about them.\nWhen you gain this feature, you also learn one language of your choice that is spoken by your favored enemies, if they speak one at all.\nYou choose one additional favored enemy, as well as an associated language, at 6th and 14th level. As you gain levels, your choices should reflect the types of monsters you have encountered on your adventures.','https://www.dnd5eapi.co/api/2014/features/favored-enemy-1-type'),(170,8,'natural-explorer-1-terrain-type','Natural Explorer (1 terrain type)',1,'You are particularly familiar with one type of natural environment and are adept at traveling and surviving in such regions. Choose one type of favored terrain: arctic, coast, desert, forest, grassland, mountain, or swamp. When you make an Intelligence or Wisdom check related to your favored terrain, your proficiency bonus is doubled if you are using a skill that you\'re proficient in.\nWhile traveling for an hour or more in your favored terrain, you gain the following benefits:\n- Difficult terrain doesn\'t slow your group\'s travel.\n- Your group can\'t become lost except by magical means.\n- Even when you are engaged in another activity while traveling (such as foraging, navigating, or tracking), you remain alert to danger.\n- If you are traveling alone, you can move stealthily at a normal pace.\n- When you forage, you find twice as much food as you normally would.\n- While tracking other creatures, you also learn their exact number, their sizes, and how long ago they passed through the area.\nYou choose additional favored terrain types at 6th and 10th level.','https://www.dnd5eapi.co/api/2014/features/natural-explorer-1-terrain-type'),(171,8,'ranger-fighting-style','Fighting Style',2,'At 2nd level, you adopt a particular style of fighting as your specialty. Choose one of the following options. You can\'t take a Fighting Style option more than once, even if you later get to choose again.','https://www.dnd5eapi.co/api/2014/features/ranger-fighting-style'),(172,8,'spellcasting-ranger','Spellcasting: Ranger',2,'By the time you reach 2nd level, you have learned to use the magical essence of nature to cast spells, much as a druid does.','https://www.dnd5eapi.co/api/2014/features/spellcasting-ranger'),(173,8,'ranger-archetype','Ranger Archetype',3,'At 3rd level, you choose an archetype that you strive to emulate, such as the Hunter. Your choice grants you features at 3rd level and again at 7th, 11th, and 15th level.','https://www.dnd5eapi.co/api/2014/features/ranger-archetype'),(174,8,'primeval-awareness','Primeval Awareness',3,'Beginning at 3rd level, you can use your action and expend one ranger spell slot to focus your awareness on the region around you. For 1 minute per level of the spell slot you expend, you can sense whether the following types of creatures are present within 1 mile of you (or within up to 6 miles if you are in your favored terrain): aberrations, celestials, dragons, elementals, fey, fiends, and undead. This feature doesn\'t reveal the creatures\' location or number.','https://www.dnd5eapi.co/api/2014/features/primeval-awareness'),(175,8,'ranger-ability-score-improvement-1','Ability Score Improvement',4,'When you reach 4th level, and again at 8th, 12th, 16th, and 19th level, you can increase one ability score of your choice by 2, or you can increase two ability scores of your choice by 1. As normal, you can\'t increase an ability score above 20 using this feature.','https://www.dnd5eapi.co/api/2014/features/ranger-ability-score-improvement-1'),(176,8,'ranger-extra-attack','Extra Attack',5,'Beginning at 5th level, you can attack twice, instead of once, whenever you take the Attack action on your turn.','https://www.dnd5eapi.co/api/2014/features/ranger-extra-attack'),(177,8,'favored-enemy-2-types','Favored Enemy (2 types)',6,'Beginning at 1st level, you have significant experience studying, tracking, hunting, and even talking to a certain type of enemy.\nChoose a type of favored enemy: aberrations, beasts, celestials, constructs, dragons, elementals, fey, fiends, giants, monstrosities, oozes, plants, or undead. Alternatively, you can select two races of humanoid (such as gnolls and orcs) as favored enemies.\nYou have advantage on Wisdom (Survival) checks to track your favored enemies, as well as on Intelligence checks to recall information about them.\nWhen you gain this feature, you also learn one language of your choice that is spoken by your favored enemies, if they speak one at all.\nYou choose one additional favored enemy, as well as an associated language, at 6th and 14th level. As you gain levels, your choices should reflect the types of monsters you have encountered on your adventures.','https://www.dnd5eapi.co/api/2014/features/favored-enemy-2-types'),(178,8,'natural-explorer-2-terrain-types','Natural Explorer (2 terrain types)',6,'You are particularly familiar with one type of natural environment and are adept at traveling and surviving in such regions. Choose one type of favored terrain: arctic, coast, desert, forest, grassland, mountain, or swamp. When you make an Intelligence or Wisdom check related to your favored terrain, your proficiency bonus is doubled if you are using a skill that you\'re proficient in.\nWhile traveling for an hour or more in your favored terrain, you gain the following benefits:\n- Difficult terrain doesn\'t slow your group\'s travel.\n- Your group can\'t become lost except by magical means.\n- Even when you are engaged in another activity while traveling (such as foraging, navigating, or tracking), you remain alert to danger.\n- If you are traveling alone, you can move stealthily at a normal pace.\n- When you forage, you find twice as much food as you normally would.\n- While tracking other creatures, you also learn their exact number, their sizes, and how long ago they passed through the area.\nYou choose additional favored terrain types at 6th and 10th level.','https://www.dnd5eapi.co/api/2014/features/natural-explorer-2-terrain-types'),(179,8,'ranger-archetype-improvement-1','Ranger Archetype feature',7,'At 3rd level, you choose an archetype that you strive to emulate, such as the Hunter. Your choice grants you features at 3rd level and again at 7th, 11th, and 15th level.','https://www.dnd5eapi.co/api/2014/features/ranger-archetype-improvement-1'),(180,8,'ranger-ability-score-improvement-2','Ability Score Improvement',8,'When you reach 4th level, and again at 8th, 12th, 16th, and 19th level, you can increase one ability score of your choice by 2, or you can increase two ability scores of your choice by 1. As normal, you can\'t increase an ability score above 20 using this feature.','https://www.dnd5eapi.co/api/2014/features/ranger-ability-score-improvement-2'),(181,8,'ranger-lands-stride','Land\'s Stride',8,'Starting at 8th level, moving through nonmagical difficult terrain costs you no extra movement. You can also pass through nonmagical plants without being slowed by them and without taking damage from them if they have thorns, spines, or a similar hazard.\nIn addition, you have advantage on saving throws against plants that are magically created or manipulated to impede movement, such those created by the entangle spell.','https://www.dnd5eapi.co/api/2014/features/ranger-lands-stride'),(182,8,'natural-explorer-3-terrain-types','Natural Explorer (3 terrain types)',10,'You are particularly familiar with one type of natural environment and are adept at traveling and surviving in such regions. Choose one type of favored terrain: arctic, coast, desert, forest, grassland, mountain, or swamp. When you make an Intelligence or Wisdom check related to your favored terrain, your proficiency bonus is doubled if you are using a skill that you\'re proficient in.\nWhile traveling for an hour or more in your favored terrain, you gain the following benefits:\n- Difficult terrain doesn\'t slow your group\'s travel.\n- Your group can\'t become lost except by magical means.\n- Even when you are engaged in another activity while traveling (such as foraging, navigating, or tracking), you remain alert to danger.\n- If you are traveling alone, you can move stealthily at a normal pace.\n- When you forage, you find twice as much food as you normally would.\n- While tracking other creatures, you also learn their exact number, their sizes, and how long ago they passed through the area.\nYou choose additional favored terrain types at 6th and 10th level.','https://www.dnd5eapi.co/api/2014/features/natural-explorer-3-terrain-types'),(183,8,'hide-in-plain-sight','Hide in Plain Sight',10,'Starting at 10th level, you can spend 1 minute creating camouflage for yourself. You must have access to fresh mud, dirt, plants, soot, and other naturally occurring materials with which to create your camouflage.\nOnce you are camouflaged in this way, you can try to hide by pressing yourself up against a solid surface, such as a tree or wall, that is at least as tall and wide as you are. You gain a +10 bonus to Dexterity (Stealth) checks as long as you remain there without moving or taking actions. Once you move or take an action or a reaction, you must camouflage yourself again to gain this benefit.','https://www.dnd5eapi.co/api/2014/features/hide-in-plain-sight'),(184,8,'ranger-archetype-improvement-2','Ranger Archetype feature',11,'At 3rd level, you choose an archetype that you strive to emulate, such as the Hunter. Your choice grants you features at 3rd level and again at 7th, 11th, and 15th level.','https://www.dnd5eapi.co/api/2014/features/ranger-archetype-improvement-2'),(185,8,'ranger-ability-score-improvement-3','Ability Score Improvement',12,'When you reach 4th level, and again at 8th, 12th, 16th, and 19th level, you can increase one ability score of your choice by 2, or you can increase two ability scores of your choice by 1. As normal, you can\'t increase an ability score above 20 using this feature.','https://www.dnd5eapi.co/api/2014/features/ranger-ability-score-improvement-3'),(186,8,'favored-enemy-3-enemies','Favored Enemy (3 enemies)',14,'Beginning at 1st level, you have significant experience studying, tracking, hunting, and even talking to a certain type of enemy.\nChoose a type of favored enemy: aberrations, beasts, celestials, constructs, dragons, elementals, fey, fiends, giants, monstrosities, oozes, plants, or undead. Alternatively, you can select two races of humanoid (such as gnolls and orcs) as favored enemies.\nYou have advantage on Wisdom (Survival) checks to track your favored enemies, as well as on Intelligence checks to recall information about them.\nWhen you gain this feature, you also learn one language of your choice that is spoken by your favored enemies, if they speak one at all.\nYou choose one additional favored enemy, as well as an associated language, at 6th and 14th level. As you gain levels, your choices should reflect the types of monsters you have encountered on your adventures.','https://www.dnd5eapi.co/api/2014/features/favored-enemy-3-enemies'),(187,8,'vanish','Vanish',14,'Starting at 14th level, you can use the Hide action as a bonus action on your turn. Also, you can\'t be tracked by nonmagical means, unless you choose to leave a trail.','https://www.dnd5eapi.co/api/2014/features/vanish'),(188,8,'ranger-archetype-improvement-3','Ranger Archetype feature',15,'At 3rd level, you choose an archetype that you strive to emulate, such as the Hunter. Your choice grants you features at 3rd level and again at 7th, 11th, and 15th level.','https://www.dnd5eapi.co/api/2014/features/ranger-archetype-improvement-3'),(189,8,'ranger-ability-score-improvement-4','Ability Score Improvement',16,'When you reach 4th level, and again at 8th, 12th, 16th, and 19th level, you can increase one ability score of your choice by 2, or you can increase two ability scores of your choice by 1. As normal, you can\'t increase an ability score above 20 using this feature.','https://www.dnd5eapi.co/api/2014/features/ranger-ability-score-improvement-4'),(190,8,'feral-senses','Feral Senses',18,'At 18th level, you gain preternatural senses that help you fight creatures you can\'t see. When you attack a creature you can\'t see, your inability to see it doesn\'t impose disadvantage on your attack rolls against it.\nYou are also aware of the location of any invisible creature within 30 feet of you, provided that the creature isn\'t hidden from you and you aren\'t blinded or deafened.','https://www.dnd5eapi.co/api/2014/features/feral-senses'),(191,8,'ranger-ability-score-improvement-5','Ability Score Improvement',19,'When you reach 4th level, and again at 8th, 12th, 16th, and 19th level, you can increase one ability score of your choice by 2, or you can increase two ability scores of your choice by 1. As normal, you can\'t increase an ability score above 20 using this feature.','https://www.dnd5eapi.co/api/2014/features/ranger-ability-score-improvement-5'),(192,8,'foe-slayer','Foe Slayer',20,'At 20th level, you become an unparalleled hunter of your enemies. Once on each of your turns, you can add your Wisdom modifier to the attack roll or the damage roll of an attack you make against one of your favored enemies. You can choose to use this feature before or after the roll, but before any effects of the roll are applied.','https://www.dnd5eapi.co/api/2014/features/foe-slayer'),(193,9,'rogue-expertise-1','Expertise',1,'At 1st level, choose two of your skill proficiencies, or one of your skill proficiencies and your proficiency with thieves\' tools. Your proficiency bonus is doubled for any ability check you make that uses either of the chosen proficiencies.\nAt 6th level, you can choose two more of your proficiencies (in skills or with thieves\' tools) to gain this benefit','https://www.dnd5eapi.co/api/2014/features/rogue-expertise-1'),(194,9,'sneak-attack','Sneak Attack',1,'Beginning at 1st level, you know how to strike subtly and exploit a foe\'s distraction. Once per turn, you can deal an extra 1d6 damage to one creature you hit with an attack if you have advantage on the attack roll. The attack must use a finesse or a ranged weapon.\nYou don\'t need advantage on the attack roll if another enemy of the target is within 5 feet of it, that enemy isn\'t incapacitated, and you don\'t have disadvantage on the attack roll.\nThe amount of the extra damage increases as you gain levels in this class, as shown in the Sneak Attack column of the Rogue table.','https://www.dnd5eapi.co/api/2014/features/sneak-attack'),(195,9,'thieves-cant','Thieves\' Cant',1,'During your rogue training you learned thieves\' cant, a secret mix of dialect, jargon, and code that allows you to hide messages in seemingly normal conversation. Only another creature that knows thieves\' cant understands such messages. It takes four times longer to convey such a message than it does to speak the same idea plainly.\nIn addition, you understand a set of secret signs and symbols used to convey short, simple messages, such as whether an area is dangerous or the territory of a thieves\' guild, whether loot is nearby, or whether the people in an area are easy marks or will provide a safe house for thieves on the run.','https://www.dnd5eapi.co/api/2014/features/thieves-cant'),(196,9,'cunning-action','Cunning Action',2,'Starting at 2nd level, your quick thinking and agility allow you to move and act quickly. You can take a bonus action on each of your turns in combat. This action can be used only to take the Dash, Disengage, or Hide action.','https://www.dnd5eapi.co/api/2014/features/cunning-action'),(197,9,'roguish-archetype','Roguish Archetype',3,'At 3rd level, you choose an archetype that you emulate in the exercise of your rogue abilities, such as Thief. Additional archetypes are available in the original source material. Your archetype choice grants you features at 3rd level and then again at 9th, 13th, and 17th level.','https://www.dnd5eapi.co/api/2014/features/roguish-archetype'),(198,9,'rogue-ability-score-improvement-1','Ability Score Improvement',4,'When you reach 4th level, and again at 8th, 10th, 12th, 16th, and 19th level, you can increase one ability score of your choice by 2, or you can increase two ability scores of your choice by 1. As normal, you can\'t increase an ability score above 20 using this feature.','https://www.dnd5eapi.co/api/2014/features/rogue-ability-score-improvement-1'),(199,9,'uncanny-dodge','Uncanny Dodge',5,'Starting at 5th level, when an attacker that you can see hits you with an attack, you can use your reaction to halve the attack\'s damage against you.','https://www.dnd5eapi.co/api/2014/features/uncanny-dodge'),(200,9,'rogue-expertise-2','Expertise',6,'At 1st level, choose two of your skill proficiencies, or one of your skill proficiencies and your proficiency with thieves\' tools. Your proficiency bonus is doubled for any ability check you make that uses either of the chosen proficiencies.\nAt 6th level, you can choose two more of your proficiencies (in skills or with thieves\' tools) to gain this benefit','https://www.dnd5eapi.co/api/2014/features/rogue-expertise-2'),(201,9,'rogue-evasion','Evasion',7,'Beginning at 7th level, you can nimbly dodge out of the way of certain area effects, such as a red dragon\'s fiery breath or an ice storm spell. When you are subjected to an effect that allows you to make a Dexterity saving throw to take only half damage, you instead take no damage if you succeed on the saving throw, and only half damage if you fail.','https://www.dnd5eapi.co/api/2014/features/rogue-evasion'),(202,9,'rogue-ability-score-improvement-2','Ability Score Improvement',8,'When you reach 4th level, and again at 8th, 10th, 12th, 16th, and 19th level, you can increase one ability score of your choice by 2, or you can increase two ability scores of your choice by 1. As normal, you can\'t increase an ability score above 20 using this feature.','https://www.dnd5eapi.co/api/2014/features/rogue-ability-score-improvement-2'),(203,9,'roguish-archetype-improvement-1','Roguish Archetype feature',9,'At 3rd level, you choose an archetype that you emulate in the exercise of your rogue abilities, such as Thief. Additional archetypes are available in the original source material. Your archetype choice grants you features at 3rd level and then again at 9th, 13th, and 17th level.','https://www.dnd5eapi.co/api/2014/features/roguish-archetype-improvement-1'),(204,9,'rogue-ability-score-improvement-3','Ability Score Improvement',10,'When you reach 4th level, and again at 8th, 10th, 12th, 16th, and 19th level, you can increase one ability score of your choice by 2, or you can increase two ability scores of your choice by 1. As normal, you can\'t increase an ability score above 20 using this feature.','https://www.dnd5eapi.co/api/2014/features/rogue-ability-score-improvement-3'),(205,9,'reliable-talent','Reliable Talent',11,'By 11th level, you have refined your chosen skills until they approach perfection. Whenever you make an ability check that lets you add your proficiency bonus, you can treat a d20 roll of 9 or lower as a 10.','https://www.dnd5eapi.co/api/2014/features/reliable-talent'),(206,9,'rogue-ability-score-improvement-4','Ability Score Improvement',12,'When you reach 4th level, and again at 8th, 10th, 12th, 16th, and 19th level, you can increase one ability score of your choice by 2, or you can increase two ability scores of your choice by 1. As normal, you can\'t increase an ability score above 20 using this feature.','https://www.dnd5eapi.co/api/2014/features/rogue-ability-score-improvement-4'),(207,9,'roguish-archetype-improvement-2','Roguish Archetype feature',13,'At 3rd level, you choose an archetype that you emulate in the exercise of your rogue abilities, such as Thief. Additional archetypes are available in the original source material. Your archetype choice grants you features at 3rd level and then again at 9th, 13th, and 17th level.','https://www.dnd5eapi.co/api/2014/features/roguish-archetype-improvement-2'),(208,9,'blindsense','Blindsense',14,'Starting at 14th level, if you are able to hear, you are aware of the location of any hidden or invisible creature within 10 feet of you.','https://www.dnd5eapi.co/api/2014/features/blindsense'),(209,9,'slippery-mind','Slippery Mind',15,'By 15th level, you have acquired greater mental strength. You gain proficiency in Wisdom saving throws.','https://www.dnd5eapi.co/api/2014/features/slippery-mind'),(210,9,'rogue-ability-score-improvement-5','Ability Score Improvement',16,'When you reach 4th level, and again at 8th, 10th, 12th, 16th, and 19th level, you can increase one ability score of your choice by 2, or you can increase two ability scores of your choice by 1. As normal, you can\'t increase an ability score above 20 using this feature.','https://www.dnd5eapi.co/api/2014/features/rogue-ability-score-improvement-5'),(211,9,'roguish-archetype-improvement-3','Roguish Archetype feature',17,'At 3rd level, you choose an archetype that you emulate in the exercise of your rogue abilities, such as Thief. Additional archetypes are available in the original source material. Your archetype choice grants you features at 3rd level and then again at 9th, 13th, and 17th level.','https://www.dnd5eapi.co/api/2014/features/roguish-archetype-improvement-3'),(212,9,'elusive','Elusive',18,'Beginning at 18th level, you are so evasive that attackers rarely gain the upper hand against you. No attack roll has advantage against you while you aren\'t incapacitated.','https://www.dnd5eapi.co/api/2014/features/elusive'),(213,9,'rogue-ability-score-improvement-6','Ability Score Improvement',19,'When you reach 4th level, and again at 8th, 10th, 12th, 16th, and 19th level, you can increase one ability score of your choice by 2, or you can increase two ability scores of your choice by 1. As normal, you can\'t increase an ability score above 20 using this feature.','https://www.dnd5eapi.co/api/2014/features/rogue-ability-score-improvement-6'),(214,9,'stroke-of-luck','Stroke of Luck',20,'At 20th level, you have an uncanny knack for succeeding when you need to. If your attack misses a target within range, you can turn the miss into a hit. Alternatively, if you fail an ability check, you can treat the d20 roll as a 20.\nOnce you use this feature, you can\'t use it again until you finish a short or long rest.','https://www.dnd5eapi.co/api/2014/features/stroke-of-luck'),(215,10,'spellcasting-sorcerer','Spellcasting: Sorcerer',1,'An event in your past, or in the life of a parent or ancestor, left an indelible mark on you, infusing you with arcane magic. This font of magic, whatever its origin, fuels your spells.','https://www.dnd5eapi.co/api/2014/features/spellcasting-sorcerer'),(216,10,'sorcerous-origin','Sorcerous Origin',1,'Choose a sorcerous origin, which describes the source of your innate magical power, such as Draconic Bloodline.\nYour choice grants you features when you choose it at 1st level and again at 6th, 14th, and 18th level.','https://www.dnd5eapi.co/api/2014/features/sorcerous-origin'),(217,10,'font-of-magic','Font of Magic',2,'At 2nd level, you tap into a deep wellspring of magic within yourself. This wellspring is represented by sorcery points, which allow you to create a variety of magical effects.\nSorcery Points\nYou have 2 sorcery points, and you gain more as you reach higher levels, as shown in the Sorcery Points column of the Sorcerer table. You can never have more sorcery points than shown on the table for your level. You regain all spent sorcery points when you finish a long rest.','https://www.dnd5eapi.co/api/2014/features/font-of-magic'),(218,10,'flexible-casting-creating-spell-slots','Flexible Casting: Creating Spell Slots',2,'You can transform unexpended sorcery points into one spell slot as a bonus action on your turn. The Creating Spell Slots table shows the cost of creating a spell slot of a given level. You can create spell slots no higher in level than 5th. \nAny spell slot you create with this feature vanishes when you finish a long rest.','https://www.dnd5eapi.co/api/2014/features/flexible-casting-creating-spell-slots'),(219,10,'flexible-casting-converting-spell-slot','Flexible Casting: Converting Spell Slot',2,'As a bonus action on your turn, you can expend one spell slot and gain a number of sorcery points equal to the slot\'s level..','https://www.dnd5eapi.co/api/2014/features/flexible-casting-converting-spell-slot'),(220,10,'metamagic-1','Metamagic',3,'At 3rd level, you gain the ability to twist your spells to suit your needs. You gain two of the following Metamagic options of your choice. You gain another one at 10th and 17th level.\nYou can use only one Metamagic option on a spell when you cast it, unless otherwise noted.','https://www.dnd5eapi.co/api/2014/features/metamagic-1'),(221,10,'sorcerer-ability-score-improvement-1','Ability Score Improvement',4,'When you reach 4th level, and again at 8th, 12th, 16th, and 19th level, you can increase one ability score of your choice by 2, or you can increase two ability scores of your choice by 1. As normal, you can\'t increase an ability score above 20 using this feature.','https://www.dnd5eapi.co/api/2014/features/sorcerer-ability-score-improvement-1'),(222,10,'sorcerous-origin-improvement-1','Sorcerous Origin feature',6,'Choose a sorcerous origin, which describes the source of your innate magical power, such as Draconic Bloodline.\nYour choice grants you features when you choose it at 1st level and again at 6th, 14th, and 18th level.','https://www.dnd5eapi.co/api/2014/features/sorcerous-origin-improvement-1'),(223,10,'sorcerer-ability-score-improvement-2','Ability Score Improvement',8,'When you reach 4th level, and again at 8th, 12th, 16th, and 19th level, you can increase one ability score of your choice by 2, or you can increase two ability scores of your choice by 1. As normal, you can\'t increase an ability score above 20 using this feature.','https://www.dnd5eapi.co/api/2014/features/sorcerer-ability-score-improvement-2'),(224,10,'metamagic-2','Metamagic',10,'At 3rd level, you gain the ability to twist your spells to suit your needs. You gain two of the following Metamagic options of your choice. You gain another one at 10th and 17th level.\nYou can use only one Metamagic option on a spell when you cast it, unless otherwise noted.','https://www.dnd5eapi.co/api/2014/features/metamagic-2'),(225,10,'sorcerer-ability-score-improvement-3','Ability Score Improvement',12,'When you reach 4th level, and again at 8th, 12th, 16th, and 19th level, you can increase one ability score of your choice by 2, or you can increase two ability scores of your choice by 1. As normal, you can\'t increase an ability score above 20 using this feature.','https://www.dnd5eapi.co/api/2014/features/sorcerer-ability-score-improvement-3'),(226,10,'sorcerous-origin-improvement-2','Sorcerous Origin feature',14,'Choose a sorcerous origin, which describes the source of your innate magical power, such as Draconic Bloodline.\nYour choice grants you features when you choose it at 1st level and again at 6th, 14th, and 18th level.','https://www.dnd5eapi.co/api/2014/features/sorcerous-origin-improvement-2'),(227,10,'sorcerer-ability-score-improvement-4','Ability Score Improvement',16,'When you reach 4th level, and again at 8th, 12th, 16th, and 19th level, you can increase one ability score of your choice by 2, or you can increase two ability scores of your choice by 1. As normal, you can\'t increase an ability score above 20 using this feature.','https://www.dnd5eapi.co/api/2014/features/sorcerer-ability-score-improvement-4'),(228,10,'metamagic-3','Metamagic',17,'At 3rd level, you gain the ability to twist your spells to suit your needs. You gain two of the following Metamagic options of your choice. You gain another one at 10th and 17th level.\nYou can use only one Metamagic option on a spell when you cast it, unless otherwise noted.','https://www.dnd5eapi.co/api/2014/features/metamagic-3'),(229,10,'sorcerous-origin-improvement-3','Sorcerous Origin feature',18,'Choose a sorcerous origin, which describes the source of your innate magical power, such as Draconic Bloodline.\nYour choice grants you features when you choose it at 1st level and again at 6th, 14th, and 18th level.','https://www.dnd5eapi.co/api/2014/features/sorcerous-origin-improvement-3'),(230,10,'sorcerer-ability-score-improvement-5','Ability Score Improvement',19,'When you reach 4th level, and again at 8th, 12th, 16th, and 19th level, you can increase one ability score of your choice by 2, or you can increase two ability scores of your choice by 1. As normal, you can\'t increase an ability score above 20 using this feature.','https://www.dnd5eapi.co/api/2014/features/sorcerer-ability-score-improvement-5'),(231,10,'sorcerous-restoration','Sorcerous Restoration',20,'At 20th level, you regain 4 expended sorcery points whenever you finish a short rest.','https://www.dnd5eapi.co/api/2014/features/sorcerous-restoration'),(232,11,'otherworldly-patron','Otherworldly Patron',1,'At 1st level, you have struck a bargain with an otherworldly being of your choice, such as the Fiend. Your choice grants you features at 1st level and again at 6th, 10th, and 14th level.','https://www.dnd5eapi.co/api/2014/features/otherworldly-patron'),(233,11,'pact-magic','Pact Magic',1,'Your arcane research and the magic bestowed on you by your patron have given you facility with spells.','https://www.dnd5eapi.co/api/2014/features/pact-magic'),(234,11,'eldritch-invocations','Eldritch Invocations',2,'In your study of occult lore, you have unearthed eldritch invocations, fragments of forbidden knowledge that imbue you with an abiding magical ability.\nAt 2nd level, you gain two eldritch invocations of your choice. Your invocation options are detailed at the end of the class description. When you gain certain warlock levels, you gain additional invocations of your choice, as shown in the Invocations Known column of the Warlock table.\nAdditionally, when you gain a level in this class, you can choose one of the invocations you know and replace it with another invocation that you could learn at that level.','https://www.dnd5eapi.co/api/2014/features/eldritch-invocations'),(235,11,'pact-boon','Pact Boon',3,'At 3rd level, your otherworldly patron bestows a gift upon you for your loyal service. You gain one of the following features of your choice.','https://www.dnd5eapi.co/api/2014/features/pact-boon'),(236,11,'warlock-ability-score-improvement-1','Ability Score Improvement',4,'When you reach 4th level, and again at 8th, 12th, 16th, and 19th level, you can increase one ability score of your choice by 2, or you can increase two ability scores of your choice by 1. As normal, you can\'t increase an ability score above 20 using this feature.','https://www.dnd5eapi.co/api/2014/features/warlock-ability-score-improvement-1'),(237,11,'otherworldly-patron-improvement-1','Otherworldly Patron feature',6,'At 1st level, you have struck a bargain with an otherworldly being of your choice, such as the Fiend. Your choice grants you features at 1st level and again at 6th, 10th, and 14th level.','https://www.dnd5eapi.co/api/2014/features/otherworldly-patron-improvement-1'),(238,11,'warlock-ability-score-improvement-2','Ability Score Improvement',8,'When you reach 4th level, and again at 8th, 12th, 16th, and 19th level, you can increase one ability score of your choice by 2, or you can increase two ability scores of your choice by 1. As normal, you can\'t increase an ability score above 20 using this feature.','https://www.dnd5eapi.co/api/2014/features/warlock-ability-score-improvement-2'),(239,11,'otherworldly-patron-improvement-2','Otherworldly Patron feature',10,'At 1st level, you have struck a bargain with an otherworldly being of your choice, such as the Fiend. Your choice grants you features at 1st level and again at 6th, 10th, and 14th level.','https://www.dnd5eapi.co/api/2014/features/otherworldly-patron-improvement-2'),(240,11,'mystic-arcanum-6th-level','Mystic Arcanum (6th level)',11,'At 11th level, your patron bestows upon you a magical secret called an arcanum. Choose one 6th- level spell from the warlock spell list as this arcanum.\nYou can cast your arcanum spell once without expending a spell slot. You must finish a long rest before you can do so again.\nAt higher levels, you gain more warlock spells of your choice that can be cast in this way: one 7th- level spell at 13th level, one 8th-level spell at 15th level, and one 9th-level spell at 17th level. You regain all uses of your Mystic Arcanum when you finish a long rest.','https://www.dnd5eapi.co/api/2014/features/mystic-arcanum-6th-level'),(241,11,'warlock-ability-score-improvement-3','Ability Score Improvement',12,'When you reach 4th level, and again at 8th, 12th, 16th, and 19th level, you can increase one ability score of your choice by 2, or you can increase two ability scores of your choice by 1. As normal, you can\'t increase an ability score above 20 using this feature.','https://www.dnd5eapi.co/api/2014/features/warlock-ability-score-improvement-3'),(242,11,'mystic-arcanum-7th-level','Mystic Arcanum (7th level)',13,'At 11th level, your patron bestows upon you a magical secret called an arcanum. Choose one 6th- level spell from the warlock spell list as this arcanum.\nYou can cast your arcanum spell once without expending a spell slot. You must finish a long rest before you can do so again.\nAt higher levels, you gain more warlock spells of your choice that can be cast in this way: one 7th- level spell at 13th level, one 8th-level spell at 15th level, and one 9th-level spell at 17th level. You regain all uses of your Mystic Arcanum when you finish a long rest.','https://www.dnd5eapi.co/api/2014/features/mystic-arcanum-7th-level'),(243,11,'otherworldly-patron-improvement-3','Otherworldly Patron feature',14,'At 1st level, you have struck a bargain with an otherworldly being of your choice, such as the Fiend. Your choice grants you features at 1st level and again at 6th, 10th, and 14th level.','https://www.dnd5eapi.co/api/2014/features/otherworldly-patron-improvement-3'),(244,11,'mystic-arcanum-8th-level','Mystic Arcanum (8th level)',15,'At 11th level, your patron bestows upon you a magical secret called an arcanum. Choose one 6th- level spell from the warlock spell list as this arcanum.\nYou can cast your arcanum spell once without expending a spell slot. You must finish a long rest before you can do so again.\nAt higher levels, you gain more warlock spells of your choice that can be cast in this way: one 7th- level spell at 13th level, one 8th-level spell at 15th level, and one 9th-level spell at 17th level. You regain all uses of your Mystic Arcanum when you finish a long rest.','https://www.dnd5eapi.co/api/2014/features/mystic-arcanum-8th-level'),(245,11,'warlock-ability-score-improvement-4','Ability Score Improvement',16,'When you reach 4th level, and again at 8th, 12th, 16th, and 19th level, you can increase one ability score of your choice by 2, or you can increase two ability scores of your choice by 1. As normal, you can\'t increase an ability score above 20 using this feature.','https://www.dnd5eapi.co/api/2014/features/warlock-ability-score-improvement-4'),(246,11,'mystic-arcanum-9th-level','Mystic Arcanum (9th level)',17,'At 11th level, your patron bestows upon you a magical secret called an arcanum. Choose one 6th- level spell from the warlock spell list as this arcanum.\nYou can cast your arcanum spell once without expending a spell slot. You must finish a long rest before you can do so again.\nAt higher levels, you gain more warlock spells of your choice that can be cast in this way: one 7th- level spell at 13th level, one 8th-level spell at 15th level, and one 9th-level spell at 17th level. You regain all uses of your Mystic Arcanum when you finish a long rest.','https://www.dnd5eapi.co/api/2014/features/mystic-arcanum-9th-level'),(247,11,'warlock-ability-score-improvement-5','Ability Score Improvement',19,'When you reach 4th level, and again at 8th, 12th, 16th, and 19th level, you can increase one ability score of your choice by 2, or you can increase two ability scores of your choice by 1. As normal, you can\'t increase an ability score above 20 using this feature.','https://www.dnd5eapi.co/api/2014/features/warlock-ability-score-improvement-5'),(248,11,'eldritch-master','Eldritch Master',20,'At 20th level, you can draw on your inner reserve of mystical power while entreating your patron to regain expended spell slots. You can spend 1 minute entreating your patron for aid to regain all your expended spell slots from your Pact Magic feature.\nOnce you regain spell slots with this feature, you must finish a long rest before you can do so again.','https://www.dnd5eapi.co/api/2014/features/eldritch-master'),(249,12,'spellcasting-wizard','Spellcasting: Wizard',1,'As a student of arcane magic, you have a spellbook containing spells that show the first glimmerings of your true power.','https://www.dnd5eapi.co/api/2014/features/spellcasting-wizard'),(250,12,'arcane-recovery','Arcane Recovery',1,'You have learned to regain some of your magical energy by studying your spellbook. Once per day when you finish a short rest, you can choose expended spell slots to recover. The spell slots can have a combined level that is equal to or less than half your wizard level (rounded up), and none of the slots can be 6th level or higher.\nFor example, if you\'re a 4th-level wizard, you can recover up to two levels worth of spell slots. You can recover either a 2nd-level spell slot or two 1st-level spell slots.','https://www.dnd5eapi.co/api/2014/features/arcane-recovery'),(251,12,'arcane-tradition','Arcane Tradition',2,'When you reach 2nd level, you choose an arcane tradition, shaping your practice of magic through one of eight schools, such as Evocation.\nYour choice grants you features at 2nd level and again at 6th, 10th, and 14th level.','https://www.dnd5eapi.co/api/2014/features/arcane-tradition'),(252,12,'wizard-ability-score-improvement-1','Ability Score Improvement',4,'When you reach 4th level, and again at 8th, 12th, 16th, and 19th level, you can increase one ability score of your choice by 2, or you can increase two ability scores of your choice by 1. As normal, you can\'t increase an ability score above 20 using this feature.','https://www.dnd5eapi.co/api/2014/features/wizard-ability-score-improvement-1'),(253,12,'arcane-tradition-improvement-1','Arcane Tradition feature',6,'When you reach 2nd level, you choose an arcane tradition, shaping your practice of magic through one of eight schools, such as Evocation.\nYour choice grants you features at 2nd level and again at 6th, 10th, and 14th level.','https://www.dnd5eapi.co/api/2014/features/arcane-tradition-improvement-1'),(254,12,'wizard-ability-score-improvement-2','Ability Score Improvement',8,'When you reach 4th level, and again at 8th, 12th, 16th, and 19th level, you can increase one ability score of your choice by 2, or you can increase two ability scores of your choice by 1. As normal, you can\'t increase an ability score above 20 using this feature.','https://www.dnd5eapi.co/api/2014/features/wizard-ability-score-improvement-2'),(255,12,'arcane-tradition-improvement-2','Arcane Tradition feature',10,'When you reach 2nd level, you choose an arcane tradition, shaping your practice of magic through one of eight schools, such as Evocation.\nYour choice grants you features at 2nd level and again at 6th, 10th, and 14th level.','https://www.dnd5eapi.co/api/2014/features/arcane-tradition-improvement-2'),(256,12,'wizard-ability-score-improvement-3','Ability Score Improvement',12,'When you reach 4th level, and again at 8th, 12th, 16th, and 19th level, you can increase one ability score of your choice by 2, or you can increase two ability scores of your choice by 1. As normal, you can\'t increase an ability score above 20 using this feature.','https://www.dnd5eapi.co/api/2014/features/wizard-ability-score-improvement-3'),(257,12,'arcane-tradition-improvement-3','Arcane Tradition feature',14,'When you reach 2nd level, you choose an arcane tradition, shaping your practice of magic through one of eight schools, such as Evocation.\nYour choice grants you features at 2nd level and again at 6th, 10th, and 14th level.','https://www.dnd5eapi.co/api/2014/features/arcane-tradition-improvement-3'),(258,12,'wizard-ability-score-improvement-4','Ability Score Improvement',16,'When you reach 4th level, and again at 8th, 12th, 16th, and 19th level, you can increase one ability score of your choice by 2, or you can increase two ability scores of your choice by 1. As normal, you can\'t increase an ability score above 20 using this feature.','https://www.dnd5eapi.co/api/2014/features/wizard-ability-score-improvement-4'),(259,12,'spell-mastery','Spell Mastery',18,'At 18th level, you have achieved such mastery over certain spells that you can cast them at will. Choose a 1st-level wizard spell and a 2nd-level wizard spell that are in your spellbook. You can cast those spells at their lowest level without expending a spell slot when you have them prepared. If you want to cast either spell at a higher level, you must expend a spell slot as normal.\nBy spending 8 hours in study, you can exchange one or both of the spells you chose for different spells of the same levels.','https://www.dnd5eapi.co/api/2014/features/spell-mastery'),(260,12,'wizard-ability-score-improvement-5','Ability Score Improvement',19,'When you reach 4th level, and again at 8th, 12th, 16th, and 19th level, you can increase one ability score of your choice by 2, or you can increase two ability scores of your choice by 1. As normal, you can\'t increase an ability score above 20 using this feature.','https://www.dnd5eapi.co/api/2014/features/wizard-ability-score-improvement-5'),(261,12,'signature-spell','Signature Spell',20,'When you reach 20th level, you gain mastery over two powerful spells and can cast them with little effort. Choose two 3rd-level wizard spells in your spellbook as your signature spells. You always have these spells prepared, they don\'t count against the number of spells you have prepared, and you can cast each of them once at 3rd level without expending a spell slot. When you do so, you can\'t do so again until you finish a short or long rest.\nIf you want to cast either spell at a higher level, you must expend a spell slot as normal.','https://www.dnd5eapi.co/api/2014/features/signature-spell');
/*!40000 ALTER TABLE `class_features` ENABLE KEYS */;
UNLOCK TABLES;

--
-- Table structure for table `class_level_feature`
--

DROP TABLE IF EXISTS `class_level_feature`;
/*!40101 SET @saved_cs_client     = @@character_set_client */;
/*!50503 SET character_set_client = utf8mb4 */;
CREATE TABLE `class_level_feature` (
  `id` bigint NOT NULL AUTO_INCREMENT,
  `progression_id` bigint NOT NULL,
  `type` enum('HP_INCREASE','SPELL_LEARN','SPELL_PREPARE','SPELL_SLOT_UPDATE','SUBCLASS_CHOICE','ASI_OR_FEAT','FIGHTING_STYLE','INVOCATION','METAMAGIC','CLASS_FEATURE') COLLATE utf8mb4_unicode_ci DEFAULT NULL,
  `requires_choice` tinyint(1) NOT NULL DEFAULT '0',
  `metadata` text COLLATE utf8mb4_unicode_ci,
  PRIMARY KEY (`id`),
  KEY `idx_class_feature_prog` (`progression_id`),
  CONSTRAINT `class_level_feature_ibfk_1` FOREIGN KEY (`progression_id`) REFERENCES `class_level_progression` (`id`) ON DELETE CASCADE
) ENGINE=InnoDB AUTO_INCREMENT=557 DEFAULT CHARSET=utf8mb4 COLLATE=utf8mb4_unicode_ci;
/*!40101 SET character_set_client = @saved_cs_client */;

--
-- Dumping data for table `class_level_feature`
--

LOCK TABLES `class_level_feature` WRITE;
/*!40000 ALTER TABLE `class_level_feature` DISABLE KEYS */;
INSERT INTO `class_level_feature` VALUES (1,1,'HP_INCREASE',0,NULL),(2,2,'HP_INCREASE',0,NULL),(3,3,'HP_INCREASE',0,NULL),(4,3,'SUBCLASS_CHOICE',1,NULL),(5,4,'HP_INCREASE',0,NULL),(6,4,'ASI_OR_FEAT',1,NULL),(7,5,'HP_INCREASE',0,NULL),(8,6,'HP_INCREASE',0,NULL),(9,7,'HP_INCREASE',0,NULL),(10,8,'HP_INCREASE',0,NULL),(11,8,'ASI_OR_FEAT',1,NULL),(12,9,'HP_INCREASE',0,NULL),(13,10,'HP_INCREASE',0,NULL),(14,11,'HP_INCREASE',0,NULL),(15,12,'HP_INCREASE',0,NULL),(16,12,'ASI_OR_FEAT',1,NULL),(17,13,'HP_INCREASE',0,NULL),(18,14,'HP_INCREASE',0,NULL),(19,15,'HP_INCREASE',0,NULL),(20,16,'HP_INCREASE',0,NULL),(21,16,'ASI_OR_FEAT',1,NULL),(22,17,'HP_INCREASE',0,NULL),(23,18,'HP_INCREASE',0,NULL),(24,19,'HP_INCREASE',0,NULL),(25,19,'ASI_OR_FEAT',1,NULL),(26,20,'HP_INCREASE',0,NULL),(27,21,'HP_INCREASE',0,NULL),(28,21,'SPELL_SLOT_UPDATE',0,NULL),(29,21,'SPELL_LEARN',1,'{\"count\": 4}'),(30,22,'HP_INCREASE',0,NULL),(31,22,'SPELL_SLOT_UPDATE',0,NULL),(32,22,'SPELL_LEARN',1,'{\"count\": 1}'),(33,23,'HP_INCREASE',0,NULL),(34,23,'SPELL_SLOT_UPDATE',0,NULL),(35,23,'SUBCLASS_CHOICE',1,NULL),(36,23,'SPELL_LEARN',1,'{\"count\": 1}'),(37,24,'HP_INCREASE',0,NULL),(38,24,'SPELL_SLOT_UPDATE',0,NULL),(39,24,'ASI_OR_FEAT',1,NULL),(40,24,'SPELL_LEARN',1,'{\"count\": 1}'),(41,25,'HP_INCREASE',0,NULL),(42,25,'SPELL_SLOT_UPDATE',0,NULL),(43,25,'SPELL_LEARN',1,'{\"count\": 1}'),(44,26,'HP_INCREASE',0,NULL),(45,26,'SPELL_SLOT_UPDATE',0,NULL),(46,26,'SPELL_LEARN',1,'{\"count\": 1}'),(47,27,'HP_INCREASE',0,NULL),(48,27,'SPELL_SLOT_UPDATE',0,NULL),(49,27,'SPELL_LEARN',1,'{\"count\": 1}'),(50,28,'HP_INCREASE',0,NULL),(51,28,'SPELL_SLOT_UPDATE',0,NULL),(52,28,'ASI_OR_FEAT',1,NULL),(53,28,'SPELL_LEARN',1,'{\"count\": 1}'),(54,29,'HP_INCREASE',0,NULL),(55,29,'SPELL_SLOT_UPDATE',0,NULL),(56,29,'SPELL_LEARN',1,'{\"count\": 1}'),(57,30,'HP_INCREASE',0,NULL),(58,30,'SPELL_SLOT_UPDATE',0,NULL),(59,30,'SPELL_LEARN',1,'{\"count\": 2}'),(60,31,'HP_INCREASE',0,NULL),(61,31,'SPELL_SLOT_UPDATE',0,NULL),(62,31,'SPELL_LEARN',1,'{\"count\": 1}'),(63,32,'HP_INCREASE',0,NULL),(64,32,'SPELL_SLOT_UPDATE',0,NULL),(65,32,'ASI_OR_FEAT',1,NULL),(66,33,'HP_INCREASE',0,NULL),(67,33,'SPELL_SLOT_UPDATE',0,NULL),(68,33,'SPELL_LEARN',1,'{\"count\": 1}'),(69,34,'HP_INCREASE',0,NULL),(70,34,'SPELL_SLOT_UPDATE',0,NULL),(71,34,'SPELL_LEARN',1,'{\"count\": 2}'),(72,35,'HP_INCREASE',0,NULL),(73,35,'SPELL_SLOT_UPDATE',0,NULL),(74,35,'SPELL_LEARN',1,'{\"count\": 1}'),(75,36,'HP_INCREASE',0,NULL),(76,36,'SPELL_SLOT_UPDATE',0,NULL),(77,36,'ASI_OR_FEAT',1,NULL),(78,37,'HP_INCREASE',0,NULL),(79,37,'SPELL_SLOT_UPDATE',0,NULL),(80,37,'SPELL_LEARN',1,'{\"count\": 1}'),(81,38,'HP_INCREASE',0,NULL),(82,38,'SPELL_SLOT_UPDATE',0,NULL),(83,38,'SPELL_LEARN',1,'{\"count\": 2}'),(84,39,'HP_INCREASE',0,NULL),(85,39,'SPELL_SLOT_UPDATE',0,NULL),(86,39,'ASI_OR_FEAT',1,NULL),(87,40,'HP_INCREASE',0,NULL),(88,40,'SPELL_SLOT_UPDATE',0,NULL),(89,41,'HP_INCREASE',0,NULL),(90,41,'SPELL_SLOT_UPDATE',0,NULL),(91,42,'HP_INCREASE',0,NULL),(92,42,'SPELL_SLOT_UPDATE',0,NULL),(93,43,'HP_INCREASE',0,NULL),(94,43,'SPELL_SLOT_UPDATE',0,NULL),(95,43,'SUBCLASS_CHOICE',1,NULL),(96,44,'HP_INCREASE',0,NULL),(97,44,'SPELL_SLOT_UPDATE',0,NULL),(98,44,'ASI_OR_FEAT',1,NULL),(99,45,'HP_INCREASE',0,NULL),(100,45,'SPELL_SLOT_UPDATE',0,NULL),(101,46,'HP_INCREASE',0,NULL),(102,46,'SPELL_SLOT_UPDATE',0,NULL),(103,47,'HP_INCREASE',0,NULL),(104,47,'SPELL_SLOT_UPDATE',0,NULL),(105,48,'HP_INCREASE',0,NULL),(106,48,'SPELL_SLOT_UPDATE',0,NULL),(107,48,'ASI_OR_FEAT',1,NULL),(108,49,'HP_INCREASE',0,NULL),(109,49,'SPELL_SLOT_UPDATE',0,NULL),(110,50,'HP_INCREASE',0,NULL),(111,50,'SPELL_SLOT_UPDATE',0,NULL),(112,51,'HP_INCREASE',0,NULL),(113,51,'SPELL_SLOT_UPDATE',0,NULL),(114,52,'HP_INCREASE',0,NULL),(115,52,'SPELL_SLOT_UPDATE',0,NULL),(116,52,'ASI_OR_FEAT',1,NULL),(117,53,'HP_INCREASE',0,NULL),(118,53,'SPELL_SLOT_UPDATE',0,NULL),(119,54,'HP_INCREASE',0,NULL),(120,54,'SPELL_SLOT_UPDATE',0,NULL),(121,55,'HP_INCREASE',0,NULL),(122,55,'SPELL_SLOT_UPDATE',0,NULL),(123,56,'HP_INCREASE',0,NULL),(124,56,'SPELL_SLOT_UPDATE',0,NULL),(125,56,'ASI_OR_FEAT',1,NULL),(126,57,'HP_INCREASE',0,NULL),(127,57,'SPELL_SLOT_UPDATE',0,NULL),(128,58,'HP_INCREASE',0,NULL),(129,58,'SPELL_SLOT_UPDATE',0,NULL),(130,59,'HP_INCREASE',0,NULL),(131,59,'SPELL_SLOT_UPDATE',0,NULL),(132,59,'ASI_OR_FEAT',1,NULL),(133,60,'HP_INCREASE',0,NULL),(134,60,'SPELL_SLOT_UPDATE',0,NULL),(135,61,'HP_INCREASE',0,NULL),(136,61,'SPELL_SLOT_UPDATE',0,NULL),(137,62,'HP_INCREASE',0,NULL),(138,62,'SPELL_SLOT_UPDATE',0,NULL),(139,63,'HP_INCREASE',0,NULL),(140,63,'SPELL_SLOT_UPDATE',0,NULL),(141,63,'SUBCLASS_CHOICE',1,NULL),(142,64,'HP_INCREASE',0,NULL),(143,64,'SPELL_SLOT_UPDATE',0,NULL),(144,64,'ASI_OR_FEAT',1,NULL),(145,65,'HP_INCREASE',0,NULL),(146,65,'SPELL_SLOT_UPDATE',0,NULL),(147,66,'HP_INCREASE',0,NULL),(148,66,'SPELL_SLOT_UPDATE',0,NULL),(149,67,'HP_INCREASE',0,NULL),(150,67,'SPELL_SLOT_UPDATE',0,NULL),(151,68,'HP_INCREASE',0,NULL),(152,68,'SPELL_SLOT_UPDATE',0,NULL),(153,68,'ASI_OR_FEAT',1,NULL),(154,69,'HP_INCREASE',0,NULL),(155,69,'SPELL_SLOT_UPDATE',0,NULL),(156,70,'HP_INCREASE',0,NULL),(157,70,'SPELL_SLOT_UPDATE',0,NULL),(158,71,'HP_INCREASE',0,NULL),(159,71,'SPELL_SLOT_UPDATE',0,NULL),(160,72,'HP_INCREASE',0,NULL),(161,72,'SPELL_SLOT_UPDATE',0,NULL),(162,72,'ASI_OR_FEAT',1,NULL),(163,73,'HP_INCREASE',0,NULL),(164,73,'SPELL_SLOT_UPDATE',0,NULL),(165,74,'HP_INCREASE',0,NULL),(166,74,'SPELL_SLOT_UPDATE',0,NULL),(167,75,'HP_INCREASE',0,NULL),(168,75,'SPELL_SLOT_UPDATE',0,NULL),(169,76,'HP_INCREASE',0,NULL),(170,76,'SPELL_SLOT_UPDATE',0,NULL),(171,76,'ASI_OR_FEAT',1,NULL),(172,77,'HP_INCREASE',0,NULL),(173,77,'SPELL_SLOT_UPDATE',0,NULL),(174,78,'HP_INCREASE',0,NULL),(175,78,'SPELL_SLOT_UPDATE',0,NULL),(176,79,'HP_INCREASE',0,NULL),(177,79,'SPELL_SLOT_UPDATE',0,NULL),(178,79,'ASI_OR_FEAT',1,NULL),(179,80,'HP_INCREASE',0,NULL),(180,80,'SPELL_SLOT_UPDATE',0,NULL),(181,81,'HP_INCREASE',0,NULL),(182,81,'FIGHTING_STYLE',1,NULL),(183,82,'HP_INCREASE',0,NULL),(184,83,'HP_INCREASE',0,NULL),(185,83,'SUBCLASS_CHOICE',1,NULL),(186,84,'HP_INCREASE',0,NULL),(187,84,'ASI_OR_FEAT',1,NULL),(188,85,'HP_INCREASE',0,NULL),(189,86,'HP_INCREASE',0,NULL),(190,86,'ASI_OR_FEAT',1,NULL),(191,87,'HP_INCREASE',0,NULL),(192,88,'HP_INCREASE',0,NULL),(193,88,'ASI_OR_FEAT',1,NULL),(194,89,'HP_INCREASE',0,NULL),(195,90,'HP_INCREASE',0,NULL),(196,91,'HP_INCREASE',0,NULL),(197,92,'HP_INCREASE',0,NULL),(198,92,'ASI_OR_FEAT',1,NULL),(199,93,'HP_INCREASE',0,NULL),(200,94,'HP_INCREASE',0,NULL),(201,94,'ASI_OR_FEAT',1,NULL),(202,95,'HP_INCREASE',0,NULL),(203,96,'HP_INCREASE',0,NULL),(204,96,'ASI_OR_FEAT',1,NULL),(205,97,'HP_INCREASE',0,NULL),(206,98,'HP_INCREASE',0,NULL),(207,99,'HP_INCREASE',0,NULL),(208,99,'ASI_OR_FEAT',1,NULL),(209,100,'HP_INCREASE',0,NULL),(210,101,'HP_INCREASE',0,NULL),(211,102,'HP_INCREASE',0,NULL),(212,103,'HP_INCREASE',0,NULL),(213,103,'SUBCLASS_CHOICE',1,NULL),(214,104,'HP_INCREASE',0,NULL),(215,104,'ASI_OR_FEAT',1,NULL),(216,105,'HP_INCREASE',0,NULL),(217,106,'HP_INCREASE',0,NULL),(218,107,'HP_INCREASE',0,NULL),(219,108,'HP_INCREASE',0,NULL),(220,108,'ASI_OR_FEAT',1,NULL),(221,109,'HP_INCREASE',0,NULL),(222,110,'HP_INCREASE',0,NULL),(223,111,'HP_INCREASE',0,NULL),(224,112,'HP_INCREASE',0,NULL),(225,112,'ASI_OR_FEAT',1,NULL),(226,113,'HP_INCREASE',0,NULL),(227,114,'HP_INCREASE',0,NULL),(228,115,'HP_INCREASE',0,NULL),(229,116,'HP_INCREASE',0,NULL),(230,116,'ASI_OR_FEAT',1,NULL),(231,117,'HP_INCREASE',0,NULL),(232,118,'HP_INCREASE',0,NULL),(233,119,'HP_INCREASE',0,NULL),(234,119,'ASI_OR_FEAT',1,NULL),(235,120,'HP_INCREASE',0,NULL),(236,121,'HP_INCREASE',0,NULL),(237,121,'SPELL_SLOT_UPDATE',0,NULL),(238,122,'HP_INCREASE',0,NULL),(239,122,'SPELL_SLOT_UPDATE',0,NULL),(240,122,'FIGHTING_STYLE',1,NULL),(241,123,'HP_INCREASE',0,NULL),(242,123,'SPELL_SLOT_UPDATE',0,NULL),(243,123,'SUBCLASS_CHOICE',1,NULL),(244,124,'HP_INCREASE',0,NULL),(245,124,'SPELL_SLOT_UPDATE',0,NULL),(246,124,'ASI_OR_FEAT',1,NULL),(247,125,'HP_INCREASE',0,NULL),(248,125,'SPELL_SLOT_UPDATE',0,NULL),(249,126,'HP_INCREASE',0,NULL),(250,126,'SPELL_SLOT_UPDATE',0,NULL),(251,127,'HP_INCREASE',0,NULL),(252,127,'SPELL_SLOT_UPDATE',0,NULL),(253,128,'HP_INCREASE',0,NULL),(254,128,'SPELL_SLOT_UPDATE',0,NULL),(255,128,'ASI_OR_FEAT',1,NULL),(256,129,'HP_INCREASE',0,NULL),(257,129,'SPELL_SLOT_UPDATE',0,NULL),(258,130,'HP_INCREASE',0,NULL),(259,130,'SPELL_SLOT_UPDATE',0,NULL),(260,131,'HP_INCREASE',0,NULL),(261,131,'SPELL_SLOT_UPDATE',0,NULL),(262,132,'HP_INCREASE',0,NULL),(263,132,'SPELL_SLOT_UPDATE',0,NULL),(264,132,'ASI_OR_FEAT',1,NULL),(265,133,'HP_INCREASE',0,NULL),(266,133,'SPELL_SLOT_UPDATE',0,NULL),(267,134,'HP_INCREASE',0,NULL),(268,134,'SPELL_SLOT_UPDATE',0,NULL),(269,135,'HP_INCREASE',0,NULL),(270,135,'SPELL_SLOT_UPDATE',0,NULL),(271,136,'HP_INCREASE',0,NULL),(272,136,'SPELL_SLOT_UPDATE',0,NULL),(273,136,'ASI_OR_FEAT',1,NULL),(274,137,'HP_INCREASE',0,NULL),(275,137,'SPELL_SLOT_UPDATE',0,NULL),(276,138,'HP_INCREASE',0,NULL),(277,138,'SPELL_SLOT_UPDATE',0,NULL),(278,139,'HP_INCREASE',0,NULL),(279,139,'SPELL_SLOT_UPDATE',0,NULL),(280,139,'ASI_OR_FEAT',1,NULL),(281,140,'HP_INCREASE',0,NULL),(282,140,'SPELL_SLOT_UPDATE',0,NULL),(283,141,'HP_INCREASE',0,NULL),(284,141,'SPELL_SLOT_UPDATE',0,NULL),(285,142,'HP_INCREASE',0,NULL),(286,142,'SPELL_SLOT_UPDATE',0,NULL),(287,142,'FIGHTING_STYLE',1,NULL),(288,142,'SPELL_LEARN',1,'{\"count\": 2}'),(289,143,'HP_INCREASE',0,NULL),(290,143,'SPELL_SLOT_UPDATE',0,NULL),(291,143,'SUBCLASS_CHOICE',1,NULL),(292,143,'SPELL_LEARN',1,'{\"count\": 1}'),(293,144,'HP_INCREASE',0,NULL),(294,144,'SPELL_SLOT_UPDATE',0,NULL),(295,144,'ASI_OR_FEAT',1,NULL),(296,145,'HP_INCREASE',0,NULL),(297,145,'SPELL_SLOT_UPDATE',0,NULL),(298,145,'SPELL_LEARN',1,'{\"count\": 1}'),(299,146,'HP_INCREASE',0,NULL),(300,146,'SPELL_SLOT_UPDATE',0,NULL),(301,147,'HP_INCREASE',0,NULL),(302,147,'SPELL_SLOT_UPDATE',0,NULL),(303,147,'SPELL_LEARN',1,'{\"count\": 1}'),(304,148,'HP_INCREASE',0,NULL),(305,148,'SPELL_SLOT_UPDATE',0,NULL),(306,148,'ASI_OR_FEAT',1,NULL),(307,149,'HP_INCREASE',0,NULL),(308,149,'SPELL_SLOT_UPDATE',0,NULL),(309,149,'SPELL_LEARN',1,'{\"count\": 1}'),(310,150,'HP_INCREASE',0,NULL),(311,150,'SPELL_SLOT_UPDATE',0,NULL),(312,151,'HP_INCREASE',0,NULL),(313,151,'SPELL_SLOT_UPDATE',0,NULL),(314,151,'SPELL_LEARN',1,'{\"count\": 1}'),(315,152,'HP_INCREASE',0,NULL),(316,152,'SPELL_SLOT_UPDATE',0,NULL),(317,152,'ASI_OR_FEAT',1,NULL),(318,153,'HP_INCREASE',0,NULL),(319,153,'SPELL_SLOT_UPDATE',0,NULL),(320,153,'SPELL_LEARN',1,'{\"count\": 1}'),(321,154,'HP_INCREASE',0,NULL),(322,154,'SPELL_SLOT_UPDATE',0,NULL),(323,155,'HP_INCREASE',0,NULL),(324,155,'SPELL_SLOT_UPDATE',0,NULL),(325,155,'SPELL_LEARN',1,'{\"count\": 1}'),(326,156,'HP_INCREASE',0,NULL),(327,156,'SPELL_SLOT_UPDATE',0,NULL),(328,156,'ASI_OR_FEAT',1,NULL),(329,157,'HP_INCREASE',0,NULL),(330,157,'SPELL_SLOT_UPDATE',0,NULL),(331,157,'SPELL_LEARN',1,'{\"count\": 1}'),(332,158,'HP_INCREASE',0,NULL),(333,158,'SPELL_SLOT_UPDATE',0,NULL),(334,159,'HP_INCREASE',0,NULL),(335,159,'SPELL_SLOT_UPDATE',0,NULL),(336,159,'ASI_OR_FEAT',1,NULL),(337,159,'SPELL_LEARN',1,'{\"count\": 1}'),(338,160,'HP_INCREASE',0,NULL),(339,160,'SPELL_SLOT_UPDATE',0,NULL),(340,161,'HP_INCREASE',0,NULL),(341,162,'HP_INCREASE',0,NULL),(342,163,'HP_INCREASE',0,NULL),(343,163,'SUBCLASS_CHOICE',1,NULL),(344,164,'HP_INCREASE',0,NULL),(345,164,'ASI_OR_FEAT',1,NULL),(346,165,'HP_INCREASE',0,NULL),(347,166,'HP_INCREASE',0,NULL),(348,167,'HP_INCREASE',0,NULL),(349,168,'HP_INCREASE',0,NULL),(350,168,'ASI_OR_FEAT',1,NULL),(351,169,'HP_INCREASE',0,NULL),(352,170,'HP_INCREASE',0,NULL),(353,170,'ASI_OR_FEAT',1,NULL),(354,171,'HP_INCREASE',0,NULL),(355,172,'HP_INCREASE',0,NULL),(356,172,'ASI_OR_FEAT',1,NULL),(357,173,'HP_INCREASE',0,NULL),(358,174,'HP_INCREASE',0,NULL),(359,175,'HP_INCREASE',0,NULL),(360,176,'HP_INCREASE',0,NULL),(361,176,'ASI_OR_FEAT',1,NULL),(362,177,'HP_INCREASE',0,NULL),(363,178,'HP_INCREASE',0,NULL),(364,179,'HP_INCREASE',0,NULL),(365,179,'ASI_OR_FEAT',1,NULL),(366,180,'HP_INCREASE',0,NULL),(367,181,'HP_INCREASE',0,NULL),(368,181,'SPELL_SLOT_UPDATE',0,NULL),(369,181,'SPELL_LEARN',1,'{\"count\": 2}'),(370,182,'HP_INCREASE',0,NULL),(371,182,'SPELL_SLOT_UPDATE',0,NULL),(372,182,'SPELL_LEARN',1,'{\"count\": 1}'),(373,183,'HP_INCREASE',0,NULL),(374,183,'SPELL_SLOT_UPDATE',0,NULL),(375,183,'SUBCLASS_CHOICE',1,NULL),(376,183,'METAMAGIC',1,'{\"count\": 2}'),(377,183,'SPELL_LEARN',1,'{\"count\": 1}'),(378,184,'HP_INCREASE',0,NULL),(379,184,'SPELL_SLOT_UPDATE',0,NULL),(380,184,'ASI_OR_FEAT',1,NULL),(381,184,'SPELL_LEARN',1,'{\"count\": 1}'),(382,185,'HP_INCREASE',0,NULL),(383,185,'SPELL_SLOT_UPDATE',0,NULL),(384,185,'SPELL_LEARN',1,'{\"count\": 1}'),(385,186,'HP_INCREASE',0,NULL),(386,186,'SPELL_SLOT_UPDATE',0,NULL),(387,186,'SPELL_LEARN',1,'{\"count\": 1}'),(388,187,'HP_INCREASE',0,NULL),(389,187,'SPELL_SLOT_UPDATE',0,NULL),(390,187,'SPELL_LEARN',1,'{\"count\": 1}'),(391,188,'HP_INCREASE',0,NULL),(392,188,'SPELL_SLOT_UPDATE',0,NULL),(393,188,'ASI_OR_FEAT',1,NULL),(394,188,'SPELL_LEARN',1,'{\"count\": 1}'),(395,189,'HP_INCREASE',0,NULL),(396,189,'SPELL_SLOT_UPDATE',0,NULL),(397,189,'SPELL_LEARN',1,'{\"count\": 1}'),(398,190,'HP_INCREASE',0,NULL),(399,190,'SPELL_SLOT_UPDATE',0,NULL),(400,190,'METAMAGIC',1,'{\"count\": 1}'),(401,190,'SPELL_LEARN',1,'{\"count\": 1}'),(402,191,'HP_INCREASE',0,NULL),(403,191,'SPELL_SLOT_UPDATE',0,NULL),(404,191,'SPELL_LEARN',1,'{\"count\": 1}'),(405,192,'HP_INCREASE',0,NULL),(406,192,'SPELL_SLOT_UPDATE',0,NULL),(407,192,'ASI_OR_FEAT',1,NULL),(408,193,'HP_INCREASE',0,NULL),(409,193,'SPELL_SLOT_UPDATE',0,NULL),(410,193,'SPELL_LEARN',1,'{\"count\": 1}'),(411,194,'HP_INCREASE',0,NULL),(412,194,'SPELL_SLOT_UPDATE',0,NULL),(413,195,'HP_INCREASE',0,NULL),(414,195,'SPELL_SLOT_UPDATE',0,NULL),(415,195,'SPELL_LEARN',1,'{\"count\": 1}'),(416,196,'HP_INCREASE',0,NULL),(417,196,'SPELL_SLOT_UPDATE',0,NULL),(418,196,'ASI_OR_FEAT',1,NULL),(419,197,'HP_INCREASE',0,NULL),(420,197,'SPELL_SLOT_UPDATE',0,NULL),(421,197,'METAMAGIC',1,'{\"count\": 1}'),(422,197,'SPELL_LEARN',1,'{\"count\": 1}'),(423,198,'HP_INCREASE',0,NULL),(424,198,'SPELL_SLOT_UPDATE',0,NULL),(425,199,'HP_INCREASE',0,NULL),(426,199,'SPELL_SLOT_UPDATE',0,NULL),(427,199,'ASI_OR_FEAT',1,NULL),(428,200,'HP_INCREASE',0,NULL),(429,200,'SPELL_SLOT_UPDATE',0,NULL),(430,201,'HP_INCREASE',0,NULL),(431,201,'SPELL_SLOT_UPDATE',0,NULL),(432,201,'SPELL_LEARN',1,'{\"count\": 2}'),(433,202,'HP_INCREASE',0,NULL),(434,202,'SPELL_SLOT_UPDATE',0,NULL),(435,202,'INVOCATION',1,'{\"count\": 2, \"total\": 2}'),(436,202,'SPELL_LEARN',1,'{\"count\": 1}'),(437,203,'HP_INCREASE',0,NULL),(438,203,'SPELL_SLOT_UPDATE',0,NULL),(439,203,'SUBCLASS_CHOICE',1,NULL),(440,203,'SPELL_LEARN',1,'{\"count\": 1}'),(441,204,'HP_INCREASE',0,NULL),(442,204,'SPELL_SLOT_UPDATE',0,NULL),(443,204,'ASI_OR_FEAT',1,NULL),(444,204,'SPELL_LEARN',1,'{\"count\": 1}'),(445,205,'HP_INCREASE',0,NULL),(446,205,'SPELL_SLOT_UPDATE',0,NULL),(447,205,'SPELL_LEARN',1,'{\"count\": 1}'),(448,206,'HP_INCREASE',0,NULL),(449,206,'SPELL_SLOT_UPDATE',0,NULL),(450,206,'SPELL_LEARN',1,'{\"count\": 1}'),(451,207,'HP_INCREASE',0,NULL),(452,207,'SPELL_SLOT_UPDATE',0,NULL),(453,207,'SPELL_LEARN',1,'{\"count\": 1}'),(454,208,'HP_INCREASE',0,NULL),(455,208,'SPELL_SLOT_UPDATE',0,NULL),(456,208,'ASI_OR_FEAT',1,NULL),(457,208,'SPELL_LEARN',1,'{\"count\": 1}'),(458,209,'HP_INCREASE',0,NULL),(459,209,'SPELL_SLOT_UPDATE',0,NULL),(460,209,'SPELL_LEARN',1,'{\"count\": 1}'),(461,210,'HP_INCREASE',0,NULL),(462,210,'SPELL_SLOT_UPDATE',0,NULL),(463,211,'HP_INCREASE',0,NULL),(464,211,'SPELL_SLOT_UPDATE',0,NULL),(465,211,'SPELL_LEARN',1,'{\"count\": 1}'),(466,212,'HP_INCREASE',0,NULL),(467,212,'SPELL_SLOT_UPDATE',0,NULL),(468,212,'ASI_OR_FEAT',1,NULL),(469,213,'HP_INCREASE',0,NULL),(470,213,'SPELL_SLOT_UPDATE',0,NULL),(471,213,'SPELL_LEARN',1,'{\"count\": 1}'),(472,214,'HP_INCREASE',0,NULL),(473,214,'SPELL_SLOT_UPDATE',0,NULL),(474,215,'HP_INCREASE',0,NULL),(475,215,'SPELL_SLOT_UPDATE',0,NULL),(476,215,'SPELL_LEARN',1,'{\"count\": 1}'),(477,216,'HP_INCREASE',0,NULL),(478,216,'SPELL_SLOT_UPDATE',0,NULL),(479,216,'ASI_OR_FEAT',1,NULL),(480,217,'HP_INCREASE',0,NULL),(481,217,'SPELL_SLOT_UPDATE',0,NULL),(482,217,'SPELL_LEARN',1,'{\"count\": 1}'),(483,218,'HP_INCREASE',0,NULL),(484,218,'SPELL_SLOT_UPDATE',0,NULL),(485,219,'HP_INCREASE',0,NULL),(486,219,'SPELL_SLOT_UPDATE',0,NULL),(487,219,'ASI_OR_FEAT',1,NULL),(488,219,'SPELL_LEARN',1,'{\"count\": 1}'),(489,220,'HP_INCREASE',0,NULL),(490,220,'SPELL_SLOT_UPDATE',0,NULL),(491,221,'HP_INCREASE',0,NULL),(492,221,'SPELL_SLOT_UPDATE',0,NULL),(493,221,'SPELL_LEARN',1,'{\"count\": 6}'),(494,222,'HP_INCREASE',0,NULL),(495,222,'SPELL_SLOT_UPDATE',0,NULL),(496,222,'SPELL_LEARN',1,'{\"count\": 2}'),(497,223,'HP_INCREASE',0,NULL),(498,223,'SPELL_SLOT_UPDATE',0,NULL),(499,223,'SUBCLASS_CHOICE',1,NULL),(500,223,'SPELL_LEARN',1,'{\"count\": 2}'),(501,224,'HP_INCREASE',0,NULL),(502,224,'SPELL_SLOT_UPDATE',0,NULL),(503,224,'ASI_OR_FEAT',1,NULL),(504,224,'SPELL_LEARN',1,'{\"count\": 2}'),(505,225,'HP_INCREASE',0,NULL),(506,225,'SPELL_SLOT_UPDATE',0,NULL),(507,225,'SPELL_LEARN',1,'{\"count\": 2}'),(508,226,'HP_INCREASE',0,NULL),(509,226,'SPELL_SLOT_UPDATE',0,NULL),(510,226,'SPELL_LEARN',1,'{\"count\": 2}'),(511,227,'HP_INCREASE',0,NULL),(512,227,'SPELL_SLOT_UPDATE',0,NULL),(513,227,'SPELL_LEARN',1,'{\"count\": 2}'),(514,228,'HP_INCREASE',0,NULL),(515,228,'SPELL_SLOT_UPDATE',0,NULL),(516,228,'ASI_OR_FEAT',1,NULL),(517,228,'SPELL_LEARN',1,'{\"count\": 2}'),(518,229,'HP_INCREASE',0,NULL),(519,229,'SPELL_SLOT_UPDATE',0,NULL),(520,229,'SPELL_LEARN',1,'{\"count\": 2}'),(521,230,'HP_INCREASE',0,NULL),(522,230,'SPELL_SLOT_UPDATE',0,NULL),(523,230,'SPELL_LEARN',1,'{\"count\": 2}'),(524,231,'HP_INCREASE',0,NULL),(525,231,'SPELL_SLOT_UPDATE',0,NULL),(526,231,'SPELL_LEARN',1,'{\"count\": 2}'),(527,232,'HP_INCREASE',0,NULL),(528,232,'SPELL_SLOT_UPDATE',0,NULL),(529,232,'ASI_OR_FEAT',1,NULL),(530,232,'SPELL_LEARN',1,'{\"count\": 2}'),(531,233,'HP_INCREASE',0,NULL),(532,233,'SPELL_SLOT_UPDATE',0,NULL),(533,233,'SPELL_LEARN',1,'{\"count\": 2}'),(534,234,'HP_INCREASE',0,NULL),(535,234,'SPELL_SLOT_UPDATE',0,NULL),(536,234,'SPELL_LEARN',1,'{\"count\": 2}'),(537,235,'HP_INCREASE',0,NULL),(538,235,'SPELL_SLOT_UPDATE',0,NULL),(539,235,'SPELL_LEARN',1,'{\"count\": 2}'),(540,236,'HP_INCREASE',0,NULL),(541,236,'SPELL_SLOT_UPDATE',0,NULL),(542,236,'ASI_OR_FEAT',1,NULL),(543,236,'SPELL_LEARN',1,'{\"count\": 2}'),(544,237,'HP_INCREASE',0,NULL),(545,237,'SPELL_SLOT_UPDATE',0,NULL),(546,237,'SPELL_LEARN',1,'{\"count\": 2}'),(547,238,'HP_INCREASE',0,NULL),(548,238,'SPELL_SLOT_UPDATE',0,NULL),(549,238,'SPELL_LEARN',1,'{\"count\": 2}'),(550,239,'HP_INCREASE',0,NULL),(551,239,'SPELL_SLOT_UPDATE',0,NULL),(552,239,'ASI_OR_FEAT',1,NULL),(553,239,'SPELL_LEARN',1,'{\"count\": 2}'),(554,240,'HP_INCREASE',0,NULL),(555,240,'SPELL_SLOT_UPDATE',0,NULL),(556,240,'SPELL_LEARN',1,'{\"count\": 2}');
/*!40000 ALTER TABLE `class_level_feature` ENABLE KEYS */;
UNLOCK TABLES;

--
-- Table structure for table `class_level_progression`
--

DROP TABLE IF EXISTS `class_level_progression`;
/*!40101 SET @saved_cs_client     = @@character_set_client */;
/*!50503 SET character_set_client = utf8mb4 */;
CREATE TABLE `class_level_progression` (
  `id` bigint NOT NULL AUTO_INCREMENT,
  `dnd_class_id` bigint NOT NULL,
  `level` int NOT NULL,
  PRIMARY KEY (`id`),
  UNIQUE KEY `unique_class_level` (`dnd_class_id`,`level`),
  KEY `idx_class_level_prog` (`dnd_class_id`,`level`),
  CONSTRAINT `class_level_progression_ibfk_1` FOREIGN KEY (`dnd_class_id`) REFERENCES `classes` (`id`) ON DELETE CASCADE
) ENGINE=InnoDB AUTO_INCREMENT=241 DEFAULT CHARSET=utf8mb4 COLLATE=utf8mb4_unicode_ci;
/*!40101 SET character_set_client = @saved_cs_client */;

--
-- Dumping data for table `class_level_progression`
--

LOCK TABLES `class_level_progression` WRITE;
/*!40000 ALTER TABLE `class_level_progression` DISABLE KEYS */;
INSERT INTO `class_level_progression` VALUES (1,1,1),(2,1,2),(3,1,3),(4,1,4),(5,1,5),(6,1,6),(7,1,7),(8,1,8),(9,1,9),(10,1,10),(11,1,11),(12,1,12),(13,1,13),(14,1,14),(15,1,15),(16,1,16),(17,1,17),(18,1,18),(19,1,19),(20,1,20),(21,2,1),(22,2,2),(23,2,3),(24,2,4),(25,2,5),(26,2,6),(27,2,7),(28,2,8),(29,2,9),(30,2,10),(31,2,11),(32,2,12),(33,2,13),(34,2,14),(35,2,15),(36,2,16),(37,2,17),(38,2,18),(39,2,19),(40,2,20),(41,3,1),(42,3,2),(43,3,3),(44,3,4),(45,3,5),(46,3,6),(47,3,7),(48,3,8),(49,3,9),(50,3,10),(51,3,11),(52,3,12),(53,3,13),(54,3,14),(55,3,15),(56,3,16),(57,3,17),(58,3,18),(59,3,19),(60,3,20),(61,4,1),(62,4,2),(63,4,3),(64,4,4),(65,4,5),(66,4,6),(67,4,7),(68,4,8),(69,4,9),(70,4,10),(71,4,11),(72,4,12),(73,4,13),(74,4,14),(75,4,15),(76,4,16),(77,4,17),(78,4,18),(79,4,19),(80,4,20),(81,5,1),(82,5,2),(83,5,3),(84,5,4),(85,5,5),(86,5,6),(87,5,7),(88,5,8),(89,5,9),(90,5,10),(91,5,11),(92,5,12),(93,5,13),(94,5,14),(95,5,15),(96,5,16),(97,5,17),(98,5,18),(99,5,19),(100,5,20),(101,6,1),(102,6,2),(103,6,3),(104,6,4),(105,6,5),(106,6,6),(107,6,7),(108,6,8),(109,6,9),(110,6,10),(111,6,11),(112,6,12),(113,6,13),(114,6,14),(115,6,15),(116,6,16),(117,6,17),(118,6,18),(119,6,19),(120,6,20),(121,7,1),(122,7,2),(123,7,3),(124,7,4),(125,7,5),(126,7,6),(127,7,7),(128,7,8),(129,7,9),(130,7,10),(131,7,11),(132,7,12),(133,7,13),(134,7,14),(135,7,15),(136,7,16),(137,7,17),(138,7,18),(139,7,19),(140,7,20),(141,8,1),(142,8,2),(143,8,3),(144,8,4),(145,8,5),(146,8,6),(147,8,7),(148,8,8),(149,8,9),(150,8,10),(151,8,11),(152,8,12),(153,8,13),(154,8,14),(155,8,15),(156,8,16),(157,8,17),(158,8,18),(159,8,19),(160,8,20),(161,9,1),(162,9,2),(163,9,3),(164,9,4),(165,9,5),(166,9,6),(167,9,7),(168,9,8),(169,9,9),(170,9,10),(171,9,11),(172,9,12),(173,9,13),(174,9,14),(175,9,15),(176,9,16),(177,9,17),(178,9,18),(179,9,19),(180,9,20),(181,10,1),(182,10,2),(183,10,3),(184,10,4),(185,10,5),(186,10,6),(187,10,7),(188,10,8),(189,10,9),(190,10,10),(191,10,11),(192,10,12),(193,10,13),(194,10,14),(195,10,15),(196,10,16),(197,10,17),(198,10,18),(199,10,19),(200,10,20),(201,11,1),(202,11,2),(203,11,3),(204,11,4),(205,11,5),(206,11,6),(207,11,7),(208,11,8),(209,11,9),(210,11,10),(211,11,11),(212,11,12),(213,11,13),(214,11,14),(215,11,15),(216,11,16),(217,11,17),(218,11,18),(219,11,19),(220,11,20),(221,12,1),(222,12,2),(223,12,3),(224,12,4),(225,12,5),(226,12,6),(227,12,7),(228,12,8),(229,12,9),(230,12,10),(231,12,11),(232,12,12),(233,12,13),(234,12,14),(235,12,15),(236,12,16),(237,12,17),(238,12,18),(239,12,19),(240,12,20);
/*!40000 ALTER TABLE `class_level_progression` ENABLE KEYS */;
UNLOCK TABLES;

--
-- Table structure for table `class_proficiencies`
--

DROP TABLE IF EXISTS `class_proficiencies`;
/*!40101 SET @saved_cs_client     = @@character_set_client */;
/*!50503 SET character_set_client = utf8mb4 */;
CREATE TABLE `class_proficiencies` (
  `class_id` bigint NOT NULL,
  `proficiency` varchar(255) COLLATE utf8mb4_unicode_ci NOT NULL,
  PRIMARY KEY (`class_id`,`proficiency`),
  CONSTRAINT `class_proficiencies_ibfk_1` FOREIGN KEY (`class_id`) REFERENCES `classes` (`id`) ON DELETE CASCADE
) ENGINE=InnoDB DEFAULT CHARSET=utf8mb4 COLLATE=utf8mb4_unicode_ci;
/*!40101 SET character_set_client = @saved_cs_client */;

--
-- Dumping data for table `class_proficiencies`
--

LOCK TABLES `class_proficiencies` WRITE;
/*!40000 ALTER TABLE `class_proficiencies` DISABLE KEYS */;
INSERT INTO `class_proficiencies` VALUES (1,'Light Armor'),(1,'Martial Weapons'),(1,'Medium Armor'),(1,'Saving Throw: CON'),(1,'Saving Throw: STR'),(1,'Shields'),(1,'Simple Weapons'),(2,'Hand crossbows'),(2,'Light Armor'),(2,'Longswords'),(2,'Rapiers'),(2,'Saving Throw: CHA'),(2,'Saving Throw: DEX'),(2,'Shortswords'),(2,'Simple Weapons'),(3,'Light Armor'),(3,'Medium Armor'),(3,'Saving Throw: CHA'),(3,'Saving Throw: WIS'),(3,'Shields'),(3,'Simple Weapons'),(4,'Clubs'),(4,'Daggers'),(4,'Darts'),(4,'Herbalism Kit'),(4,'Javelins'),(4,'Light Armor'),(4,'Maces'),(4,'Medium Armor'),(4,'Quarterstaffs'),(4,'Saving Throw: INT'),(4,'Saving Throw: WIS'),(4,'Scimitars'),(4,'Shields'),(4,'Sickles'),(4,'Slings'),(4,'Spears'),(5,'All armor'),(5,'Martial Weapons'),(5,'Saving Throw: CON'),(5,'Saving Throw: STR'),(5,'Shields'),(5,'Simple Weapons'),(6,'Saving Throw: DEX'),(6,'Saving Throw: STR'),(6,'Shortswords'),(6,'Simple Weapons'),(7,'All armor'),(7,'Martial Weapons'),(7,'Saving Throw: CHA'),(7,'Saving Throw: WIS'),(7,'Shields'),(7,'Simple Weapons'),(8,'Light Armor'),(8,'Martial Weapons'),(8,'Medium Armor'),(8,'Saving Throw: DEX'),(8,'Saving Throw: STR'),(8,'Shields'),(8,'Simple Weapons'),(9,'Hand crossbows'),(9,'Light Armor'),(9,'Longswords'),(9,'Rapiers'),(9,'Saving Throw: DEX'),(9,'Saving Throw: INT'),(9,'Shortswords'),(9,'Simple Weapons'),(9,'Thieves\' Tools'),(10,'Crossbows, light'),(10,'Daggers'),(10,'Darts'),(10,'Quarterstaffs'),(10,'Saving Throw: CHA'),(10,'Saving Throw: CON'),(10,'Slings'),(11,'Light Armor'),(11,'Saving Throw: CHA'),(11,'Saving Throw: WIS'),(11,'Simple Weapons'),(12,'Crossbows, light'),(12,'Daggers'),(12,'Darts'),(12,'Quarterstaffs'),(12,'Saving Throw: INT'),(12,'Saving Throw: WIS'),(12,'Slings');
/*!40000 ALTER TABLE `class_proficiencies` ENABLE KEYS */;
UNLOCK TABLES;

--
-- Table structure for table `class_resources`
--

DROP TABLE IF EXISTS `class_resources`;
/*!40101 SET @saved_cs_client     = @@character_set_client */;
/*!50503 SET character_set_client = utf8mb4 */;
CREATE TABLE `class_resources` (
  `id` bigint NOT NULL AUTO_INCREMENT,
  `class_id` bigint NOT NULL,
  `name` varchar(255) COLLATE utf8mb4_unicode_ci NOT NULL,
  `index_name` varchar(255) COLLATE utf8mb4_unicode_ci DEFAULT NULL,
  `description` text COLLATE utf8mb4_unicode_ci,
  `max_formula` varchar(255) COLLATE utf8mb4_unicode_ci DEFAULT NULL,
  `recovery_type` varchar(100) COLLATE utf8mb4_unicode_ci DEFAULT NULL,
  `level_unlocked` int NOT NULL DEFAULT '1',
  PRIMARY KEY (`id`),
  KEY `idx_class_resources_class` (`class_id`),
  CONSTRAINT `class_resources_ibfk_1` FOREIGN KEY (`class_id`) REFERENCES `classes` (`id`) ON DELETE CASCADE
) ENGINE=InnoDB DEFAULT CHARSET=utf8mb4 COLLATE=utf8mb4_unicode_ci;
/*!40101 SET character_set_client = @saved_cs_client */;

--
-- Dumping data for table `class_resources`
--

LOCK TABLES `class_resources` WRITE;
/*!40000 ALTER TABLE `class_resources` DISABLE KEYS */;
/*!40000 ALTER TABLE `class_resources` ENABLE KEYS */;
UNLOCK TABLES;

--
-- Table structure for table `class_saving_throws`
--

DROP TABLE IF EXISTS `class_saving_throws`;
/*!40101 SET @saved_cs_client     = @@character_set_client */;
/*!50503 SET character_set_client = utf8mb4 */;
CREATE TABLE `class_saving_throws` (
  `class_id` bigint NOT NULL,
  `saving_throw` varchar(255) COLLATE utf8mb4_unicode_ci NOT NULL,
  PRIMARY KEY (`class_id`,`saving_throw`),
  CONSTRAINT `class_saving_throws_ibfk_1` FOREIGN KEY (`class_id`) REFERENCES `classes` (`id`) ON DELETE CASCADE
) ENGINE=InnoDB DEFAULT CHARSET=utf8mb4 COLLATE=utf8mb4_unicode_ci;
/*!40101 SET character_set_client = @saved_cs_client */;

--
-- Dumping data for table `class_saving_throws`
--

LOCK TABLES `class_saving_throws` WRITE;
/*!40000 ALTER TABLE `class_saving_throws` DISABLE KEYS */;
INSERT INTO `class_saving_throws` VALUES (1,'con'),(1,'str'),(2,'cha'),(2,'dex'),(3,'cha'),(3,'wis'),(4,'int'),(4,'wis'),(5,'con'),(5,'str'),(6,'dex'),(6,'str'),(7,'cha'),(7,'wis'),(8,'dex'),(8,'str'),(9,'dex'),(9,'int'),(10,'cha'),(10,'con'),(11,'cha'),(11,'wis'),(12,'int'),(12,'wis');
/*!40000 ALTER TABLE `class_saving_throws` ENABLE KEYS */;
UNLOCK TABLES;

--
-- Table structure for table `class_spells`
--

DROP TABLE IF EXISTS `class_spells`;
/*!40101 SET @saved_cs_client     = @@character_set_client */;
/*!50503 SET character_set_client = utf8mb4 */;
CREATE TABLE `class_spells` (
  `class_id` bigint NOT NULL,
  `spell_id` bigint NOT NULL,
  PRIMARY KEY (`class_id`,`spell_id`),
  KEY `FKsmrxujpvlb62h4tcdrsisutmr` (`spell_id`),
  CONSTRAINT `FK975puw09o6c1kfpap7521nru6` FOREIGN KEY (`class_id`) REFERENCES `classes` (`id`),
  CONSTRAINT `FKsmrxujpvlb62h4tcdrsisutmr` FOREIGN KEY (`spell_id`) REFERENCES `spells` (`id`)
) ENGINE=InnoDB DEFAULT CHARSET=utf8mb4 COLLATE=utf8mb4_unicode_ci;
/*!40101 SET character_set_client = @saved_cs_client */;

--
-- Dumping data for table `class_spells`
--

LOCK TABLES `class_spells` WRITE;
/*!40000 ALTER TABLE `class_spells` DISABLE KEYS */;
INSERT INTO `class_spells` VALUES (12,1),(10,2),(12,2),(3,3),(7,3),(8,4),(12,4),(10,5),(12,5),(2,6),(4,6),(8,6),(2,7),(4,7),(8,7),(4,8),(3,9),(12,9),(2,10),(10,10),(12,10),(4,11),(3,12),(12,12),(4,13),(12,13),(3,14),(12,14),(12,15),(12,16),(2,17),(12,17),(12,18),(3,19),(11,19),(12,19),(3,20),(2,21),(4,21),(2,22),(3,22),(3,23),(7,23),(10,23),(11,23),(12,23),(4,24),(8,24),(3,25),(2,26),(3,26),(12,26),(12,27),(3,28),(3,29),(7,29),(4,30),(10,30),(11,30),(12,30),(2,31),(3,31),(10,31),(12,31),(10,32),(12,32),(10,33),(12,33),(7,34),(10,35),(12,35),(4,36),(2,37),(3,37),(10,38),(12,38),(2,39),(4,39),(10,39),(11,39),(12,39),(10,40),(11,40),(12,40),(10,41),(11,41),(12,41),(2,42),(3,42),(10,42),(12,42),(12,43),(10,44),(12,44),(10,45),(12,45),(3,46),(7,46),(3,47),(4,48),(8,48),(2,49),(10,49),(11,49),(12,49),(2,50),(10,51),(12,51),(2,52),(4,52),(10,52),(12,52),(4,53),(8,53),(3,54),(4,55),(12,55),(4,56),(11,56),(4,57),(12,57),(4,58),(8,58),(11,59),(12,59),(3,60),(4,60),(12,61),(3,62),(12,62),(3,63),(4,63),(12,63),(3,64),(4,64),(12,64),(10,65),(11,65),(12,65),(3,66),(4,66),(7,66),(3,67),(4,67),(3,68),(11,68),(12,68),(10,69),(12,69),(2,70),(3,70),(4,70),(7,70),(8,70),(2,71),(10,71),(12,71),(10,72),(11,72),(12,72),(4,73),(8,73),(10,73),(12,73),(3,74),(4,74),(7,74),(8,74),(10,74),(3,75),(7,75),(10,76),(12,76),(11,77),(12,77),(3,78),(7,78),(2,79),(3,79),(4,79),(7,79),(8,79),(10,79),(12,79),(3,80),(4,80),(7,80),(8,80),(2,81),(10,81),(12,81),(2,82),(10,82),(11,82),(12,82),(2,83),(10,83),(12,83),(10,84),(12,84),(3,85),(7,85),(2,86),(3,86),(4,86),(7,86),(10,86),(11,86),(12,86),(4,87),(7,88),(3,89),(4,90),(10,90),(2,91),(10,91),(11,91),(12,91),(2,92),(10,92),(12,92),(2,93),(11,93),(12,93),(4,94),(3,95),(4,95),(10,95),(11,96),(2,97),(3,97),(4,97),(10,97),(10,98),(12,98),(4,99),(2,100),(11,100),(2,101),(3,101),(10,101),(11,101),(12,101),(10,102),(11,102),(12,102),(2,103),(10,103),(11,103),(12,103),(12,104),(4,105),(12,106),(10,107),(12,107),(2,108),(10,108),(11,108),(12,108),(2,109),(10,109),(12,109),(2,110),(4,110),(11,110),(12,110),(12,111),(7,112),(2,113),(3,113),(4,113),(3,114),(4,114),(8,114),(10,115),(11,115),(12,115),(10,116),(12,116),(12,117),(3,118),(4,118),(10,118),(10,119),(12,119),(4,120),(3,121),(4,122),(12,122),(11,123),(12,123),(12,124),(10,125),(11,125),(12,125),(4,126),(8,126),(10,126),(12,126),(3,127),(2,128),(11,128),(12,128),(2,129),(4,129),(11,129),(12,129),(2,130),(3,130),(4,130),(8,130),(12,131),(10,132),(11,132),(12,132),(3,133),(10,133),(12,133),(2,134),(3,134),(4,134),(7,134),(12,134),(3,135),(12,135),(4,136),(2,137),(11,137),(10,138),(12,138),(2,139),(3,139),(12,139),(4,140),(8,140),(12,141),(2,142),(10,142),(12,142),(2,143),(3,143),(4,143),(3,144),(2,145),(12,145),(3,146),(4,146),(3,147),(4,148),(10,148),(12,148),(3,149),(2,150),(4,150),(11,150),(12,150),(3,151),(10,152),(12,152),(3,153),(4,153),(2,154),(3,154),(4,154),(2,155),(4,155),(11,156),(3,157),(4,157),(2,158),(7,158),(2,159),(12,159),(2,160),(10,160),(11,160),(12,160),(2,161),(3,161),(4,161),(10,161),(11,161),(12,161),(3,162),(8,163),(2,164),(10,164),(11,164),(12,164),(4,165),(10,165),(12,165),(2,166),(12,166),(2,167),(11,167),(12,167),(11,168),(12,168),(10,169),(12,169),(3,170),(3,171),(4,171),(10,171),(12,172),(2,173),(10,173),(11,173),(12,173),(2,174),(12,174),(4,175),(8,175),(10,175),(12,175),(2,176),(10,176),(12,176),(2,177),(3,177),(12,177),(2,178),(3,178),(4,178),(7,178),(8,178),(10,179),(12,179),(2,180),(3,180),(10,180),(12,180),(10,181),(12,181),(2,182),(4,182),(8,182),(2,183),(3,183),(4,183),(7,183),(8,183),(12,183),(2,184),(3,184),(4,184),(7,184),(8,184),(12,184),(2,185),(4,185),(8,185),(12,185),(10,186),(12,186),(2,187),(10,187),(11,187),(12,187),(3,188),(7,188),(11,188),(12,188),(12,189),(10,190),(12,190),(2,191),(12,191),(7,192),(12,192),(2,193),(12,193),(2,194),(10,194),(11,194),(12,194),(2,195),(3,195),(4,195),(3,196),(3,197),(2,198),(10,198),(11,198),(12,198),(12,199),(3,200),(2,201),(3,201),(4,201),(10,201),(12,201),(2,202),(10,202),(12,202),(10,203),(12,203),(2,204),(12,204),(2,205),(10,205),(11,205),(12,205),(2,206),(4,206),(12,206),(10,207),(11,207),(12,207),(2,208),(12,208),(10,209),(11,209),(12,209),(2,210),(12,210),(4,211),(4,212),(10,212),(12,212),(2,213),(8,213),(12,213),(4,214),(8,214),(12,215),(12,216),(12,217),(3,218),(2,219),(3,219),(4,219),(12,219),(3,220),(4,220),(10,220),(11,220),(12,220),(2,221),(4,221),(8,221),(4,222),(10,222),(11,222),(12,222),(2,223),(4,223),(10,223),(12,223),(2,224),(10,224),(11,224),(12,224),(2,225),(10,225),(11,225),(12,225),(3,226),(2,227),(10,227),(11,227),(12,227),(10,228),(12,228),(12,229),(12,230),(4,231),(2,232),(12,232),(2,233),(12,233),(3,234),(4,234),(8,234),(10,234),(12,234),(3,235),(7,235),(11,235),(12,235),(3,236),(4,236),(7,236),(8,236),(3,237),(4,237),(7,237),(2,238),(3,238),(7,238),(11,239),(12,239),(10,240),(12,240),(2,241),(3,241),(4,241),(4,242),(3,243),(7,243),(11,243),(12,243),(12,244),(3,245),(4,245),(2,246),(3,246),(4,247),(10,247),(12,247),(3,248),(7,248),(12,249),(3,250),(3,251),(10,252),(12,252),(2,253),(3,253),(4,253),(11,253),(12,253),(12,254),(2,255),(10,255),(12,255),(2,256),(10,256),(12,256),(2,257),(3,257),(12,257),(12,258),(4,259),(12,259),(2,260),(10,260),(11,260),(12,260),(10,261),(12,261),(3,262),(7,262),(4,263),(10,264),(12,264),(2,265),(3,265),(8,265),(2,266),(10,266),(12,266),(12,267),(2,268),(10,268),(12,268),(4,269),(10,269),(12,269),(10,270),(12,270),(3,271),(2,272),(4,272),(8,272),(2,273),(3,273),(2,274),(4,274),(8,274),(10,275),(11,275),(12,275),(4,276),(8,276),(3,277),(3,278),(2,279),(10,279),(12,279),(3,280),(4,280),(12,280),(4,281),(8,281),(10,281),(12,281),(4,282),(2,283),(10,283),(11,283),(12,283),(4,284),(10,284),(12,284),(4,285),(10,285),(12,285),(2,286),(3,286),(12,286),(10,287),(12,287),(12,288),(2,289),(10,289),(12,289),(2,290),(10,290),(12,290),(3,291),(2,292),(4,292),(10,292),(12,292),(10,293),(12,293),(2,294),(12,294),(2,295),(3,295),(10,295),(11,295),(12,295),(4,296),(4,297),(8,297),(2,298),(11,298),(12,298),(3,299),(4,299),(2,300),(3,300),(10,300),(11,300),(12,300),(2,301),(10,301),(11,301),(12,301),(2,302),(11,302),(12,302),(11,303),(12,303),(2,304),(4,305),(10,305),(12,305),(12,306),(12,307),(4,308),(10,308),(12,308),(4,309),(3,310),(4,311),(8,311),(10,311),(12,311),(3,312),(4,312),(8,312),(10,312),(10,313),(12,313),(12,314),(4,315),(4,316),(8,316),(10,317),(12,317),(3,318),(2,319),(3,319),(7,319);
/*!40000 ALTER TABLE `class_spells` ENABLE KEYS */;
UNLOCK TABLES;

--
-- Table structure for table `classes`
--

DROP TABLE IF EXISTS `classes`;
/*!40101 SET @saved_cs_client     = @@character_set_client */;
/*!50503 SET character_set_client = utf8mb4 */;
CREATE TABLE `classes` (
  `id` bigint NOT NULL AUTO_INCREMENT,
  `index_name` varchar(255) COLLATE utf8mb4_unicode_ci NOT NULL,
  `name` varchar(255) COLLATE utf8mb4_unicode_ci NOT NULL,
  `hit_die` int NOT NULL,
  `spellcasting_ability` varchar(255) COLLATE utf8mb4_unicode_ci DEFAULT NULL,
  `subclass_level` int DEFAULT NULL,
  `description` text COLLATE utf8mb4_unicode_ci,
  PRIMARY KEY (`id`),
  UNIQUE KEY `index_name` (`index_name`),
  KEY `idx_index_name` (`index_name`)
) ENGINE=InnoDB AUTO_INCREMENT=13 DEFAULT CHARSET=utf8mb4 COLLATE=utf8mb4_unicode_ci;
/*!40101 SET character_set_client = @saved_cs_client */;

--
-- Dumping data for table `classes`
--

LOCK TABLES `classes` WRITE;
/*!40000 ALTER TABLE `classes` DISABLE KEYS */;
INSERT INTO `classes` VALUES (1,'barbarian','Barbarian',12,NULL,3,'For some, their rage springs from a communion with fierce animal spirits. Others draw from a roiling reservoir of anger at a world full of pain. For every barbarian, rage is a power that fuels not just a battle frenzy but also uncanny reflexes, resilience, and feats of strength.'),(2,'bard','Bard',8,'cha',3,'Whether scholar, skald, or scoundrel, a bard weaves magic through words and music to inspire allies, demoralize foes, manipulate minds, create illusions, and even heal wounds. The bard is a master of song, speech, and the magic they contain.'),(3,'cleric','Cleric',8,'wis',1,'Clerics are intermediaries between the mortal world and the distant planes of the gods. As varied as the gods they serve, clerics strive to embody the handiwork of their deities. No ordinary priest, a cleric is imbued with divine magic.'),(4,'druid','Druid',8,'wis',2,'Whether calling on the elemental forces of nature or emulating the creatures of the animal world, druids are an embodiment of nature\'s resilience, cunning, and fury. They claim no mastery over nature, but see themselves as extensions of nature\'s indomitable will.'),(5,'fighter','Fighter',10,NULL,3,'Fighters share an unparalleled mastery with weapons and armor, and a thorough knowledge of the skills of combat. They are well acquainted with death, both meting it out and staring it defiantly in the face.'),(6,'monk','Monk',8,NULL,3,'Monks are united in their ability to magically harness the energy that flows in their bodies. Whether channeled as a striking display of combat prowess or a subtler focus of defensive ability and speed, this energy infuses all that a monk does.'),(7,'paladin','Paladin',10,'cha',3,'Whether sworn before a god\'s altar and the witness of a priest, in a sacred glade before nature spirits and fey beings, or in a moment of desperation and grief with the dead as the only witness, a paladin\'s oath is a powerful bond.'),(8,'ranger','Ranger',10,'wis',3,'Far from the bustle of cities and towns, past the hedges that shelter the most distant farms from the terrors of the wild, amid the dense-packed trees of trackless forests and across wide and empty plains, rangers keep their unending watch.'),(9,'rogue','Rogue',8,NULL,3,'Rogues rely on skill, stealth, and their foes\' vulnerabilities to get the upper hand in any situation. They have a knack for finding the solution to just about any problem, demonstrating a resourcefulness and versatility that is the cornerstone of any successful adventuring party.'),(10,'sorcerer','Sorcerer',6,'cha',1,'Sorcerers carry a magical birthright conferred upon them by an exotic bloodline, some otherworldly influence, or exposure to unknown cosmic forces. No one chooses sorcery; the power chooses the sorcerer.'),(11,'warlock','Warlock',8,'cha',1,'Warlocks are seekers of the knowledge that lies hidden in the fabric of the multiverse. Through pacts made with mysterious beings of supernatural power, warlocks unlock magical effects both subtle and spectacular.'),(12,'wizard','Wizard',6,'int',2,'Wizards are supreme magic-users, defined and united as a class by the spells they cast. Drawing on the subtle weave of magic that permeates the cosmos, wizards cast spells of explosive fire, arcing lightning, subtle deception, brute-force mind control, and much more.');
/*!40000 ALTER TABLE `classes` ENABLE KEYS */;
UNLOCK TABLES;

--
-- Table structure for table `condition_descriptions`
--

DROP TABLE IF EXISTS `condition_descriptions`;
/*!40101 SET @saved_cs_client     = @@character_set_client */;
/*!50503 SET character_set_client = utf8mb4 */;
CREATE TABLE `condition_descriptions` (
  `condition_id` bigint NOT NULL,
  `description` text COLLATE utf8mb4_unicode_ci,
  KEY `condition_id` (`condition_id`),
  CONSTRAINT `condition_descriptions_ibfk_1` FOREIGN KEY (`condition_id`) REFERENCES `conditions` (`id`) ON DELETE CASCADE
) ENGINE=InnoDB DEFAULT CHARSET=utf8mb4 COLLATE=utf8mb4_unicode_ci;
/*!40101 SET character_set_client = @saved_cs_client */;

--
-- Dumping data for table `condition_descriptions`
--

LOCK TABLES `condition_descriptions` WRITE;
/*!40000 ALTER TABLE `condition_descriptions` DISABLE KEYS */;
INSERT INTO `condition_descriptions` VALUES (1,'- A blinded creature can\'t see and automatically fails any ability check that requires sight.'),(1,'- Attack rolls against the creature have advantage, and the creature\'s attack rolls have disadvantage.'),(2,'- A charmed creature can\'t attack the charmer or target the charmer with harmful abilities or magical effects.'),(2,'- The charmer has advantage on any ability check to interact socially with the creature.'),(3,'- A deafened creature can\'t hear and automatically fails any ability check that requires hearing.'),(4,'Some special abilities and environmental hazards, such as starvation and the long-term effects of freezing or scorching temperatures, can lead to a special condition called exhaustion. Exhaustion is measured in six levels. An effect can give a creature one or more levels of exhaustion, as specified in the effect\'s description.'),(4,'1 - Disadvantage on ability checks'),(4,'2 - Speed halved'),(4,'3 - Disadvantage on attack rolls and saving throws'),(4,'4 - Hit point maximum halved'),(4,'5 - Speed reduced to 0'),(4,'6 - Death'),(4,'If an already exhausted creature suffers another effect that causes exhaustion, its current level of exhaustion increases by the amount specified in the effect\'s description.'),(4,'A creature suffers the effect of its current level of exhaustion as well as all lower levels. For example, a creature suffering level 2 exhaustion has its speed halved and has disadvantage on ability checks.'),(4,'An effect that removes exhaustion reduces its level as specified in the effect\'s description, with all exhaustion effects ending if a creature\'s exhaustion level is reduced below 1.'),(4,'Finishing a long rest reduces a creature\'s exhaustion level by 1, provided that the creature has also ingested some food and drink.'),(5,'- A frightened creature has disadvantage on ability checks and attack rolls while the source of its fear is within line of sight.'),(5,'- The creature can\'t willingly move closer to the source of its fear.'),(6,'- A grappled creature\'s speed becomes 0, and it can\'t benefit from any bonus to its speed.'),(6,'- The condition ends if the grappler is incapacitated (see the condition).'),(6,'- The condition also ends if an effect removes the grappled creature from the reach of the grappler or grappling effect, such as when a creature is hurled away by the thunderwave spell.'),(7,'- An incapacitated creature can\'t take actions or reactions.'),(8,'- An invisible creature is impossible to see without the aid of magic or a special sense. For the purpose of hiding, the creature is heavily obscured. The creature\'s location can be detected by any noise it makes or any tracks it leaves.'),(8,'- Attack rolls against the creature have disadvantage, and the creature\'s attack rolls have advantage.'),(9,'- A paralyzed creature is incapacitated (see the condition) and can\'t move or speak.'),(9,'- The creature automatically fails Strength and Dexterity saving throws.'),(9,'- Attack rolls against the creature have advantage.'),(9,'- Any attack that hits the creature is a critical hit if the attacker is within 5 feet of the creature.'),(10,'- A petrified creature is transformed, along with any nonmagical object it is wearing or carrying, into a solid inanimate substance (usually stone). Its weight increases by a factor of ten, and it ceases aging.'),(10,'- The creature is incapacitated (see the condition), can\'t move or speak, and is unaware of its surroundings.'),(10,'- Attack rolls against the creature have advantage.'),(10,'- The creature automatically fails Strength and Dexterity saving throws.'),(10,'- The creature has resistance to all damage.'),(10,'- The creature is immune to poison and disease, although a poison or disease already in its system is suspended, not neutralized.'),(11,'- A poisoned creature has disadvantage on attack rolls and ability checks.'),(12,'- A prone creature\'s only movement option is to crawl, unless it stands up and thereby ends the condition.'),(12,'- The creature has disadvantage on attack rolls.'),(12,'- An attack roll against the creature has advantage if the attacker is within 5 feet of the creature. Otherwise, the attack roll has disadvantage.'),(13,'- A restrained creature\'s speed becomes 0, and it can\'t benefit from any bonus to its speed.'),(13,'- Attack rolls against the creature have advantage, and the creature\'s attack rolls have disadvantage.'),(13,'- The creature has disadvantage on Dexterity saving throws.'),(14,'- A stunned creature is incapacitated (see the condition), can\'t move, and can speak only falteringly.'),(14,'- The creature automatically fails Strength and Dexterity saving throws.'),(14,'- Attack rolls against the creature have advantage.'),(15,'- An unconscious creature is incapacitated (see the condition), can\'t move or speak, and is unaware of its surroundings.'),(15,'- The creature drops whatever it\'s holding and falls prone.'),(15,'- The creature automatically fails Strength and Dexterity saving throws.'),(15,'- Attack rolls against the creature have advantage.'),(15,'- Any attack that hits the creature is a critical hit if the attacker is within 5 feet of the creature.');
/*!40000 ALTER TABLE `condition_descriptions` ENABLE KEYS */;
UNLOCK TABLES;

--
-- Table structure for table `conditions`
--

DROP TABLE IF EXISTS `conditions`;
/*!40101 SET @saved_cs_client     = @@character_set_client */;
/*!50503 SET character_set_client = utf8mb4 */;
CREATE TABLE `conditions` (
  `id` bigint NOT NULL AUTO_INCREMENT,
  `index_name` varchar(255) COLLATE utf8mb4_unicode_ci DEFAULT NULL,
  `name` varchar(255) COLLATE utf8mb4_unicode_ci DEFAULT NULL,
  PRIMARY KEY (`id`),
  UNIQUE KEY `index_name` (`index_name`),
  KEY `idx_conditions_name` (`name`)
) ENGINE=InnoDB AUTO_INCREMENT=16 DEFAULT CHARSET=utf8mb4 COLLATE=utf8mb4_unicode_ci;
/*!40101 SET character_set_client = @saved_cs_client */;

--
-- Dumping data for table `conditions`
--

LOCK TABLES `conditions` WRITE;
/*!40000 ALTER TABLE `conditions` DISABLE KEYS */;
INSERT INTO `conditions` VALUES (1,'blinded','Blinded'),(2,'charmed','Charmed'),(3,'deafened','Deafened'),(4,'exhaustion','Exhaustion'),(5,'frightened','Frightened'),(6,'grappled','Grappled'),(7,'incapacitated','Incapacitated'),(8,'invisible','Invisible'),(9,'paralyzed','Paralyzed'),(10,'petrified','Petrified'),(11,'poisoned','Poisoned'),(12,'prone','Prone'),(13,'restrained','Restrained'),(14,'stunned','Stunned'),(15,'unconscious','Unconscious');
/*!40000 ALTER TABLE `conditions` ENABLE KEYS */;
UNLOCK TABLES;

--
-- Table structure for table `damage_type_descriptions`
--

DROP TABLE IF EXISTS `damage_type_descriptions`;
/*!40101 SET @saved_cs_client     = @@character_set_client */;
/*!50503 SET character_set_client = utf8mb4 */;
CREATE TABLE `damage_type_descriptions` (
  `damage_type_id` bigint NOT NULL,
  `description` text COLLATE utf8mb4_unicode_ci,
  KEY `FKhb7eh93etr1u254vbocj99bxs` (`damage_type_id`),
  CONSTRAINT `FKhb7eh93etr1u254vbocj99bxs` FOREIGN KEY (`damage_type_id`) REFERENCES `damage_types` (`id`)
) ENGINE=InnoDB DEFAULT CHARSET=utf8mb4 COLLATE=utf8mb4_unicode_ci;
/*!40101 SET character_set_client = @saved_cs_client */;

--
-- Dumping data for table `damage_type_descriptions`
--

LOCK TABLES `damage_type_descriptions` WRITE;
/*!40000 ALTER TABLE `damage_type_descriptions` DISABLE KEYS */;
INSERT INTO `damage_type_descriptions` VALUES (1,'The corrosive spray of a black dragon\'s breath and the dissolving enzymes secreted by a black pudding deal acid damage.'),(2,'Blunt force attacks, falling, constriction, and the like deal bludgeoning damage.'),(3,'The infernal chill radiating from an ice devil\'s spear and the frigid blast of a white dragon\'s breath deal cold damage.'),(4,'Red dragons breathe fire, and many spells conjure flames to deal fire damage.'),(5,'Force is pure magical energy focused into a damaging form. Most effects that deal force damage are spells, including magic missile and spiritual weapon.'),(6,'A lightning bolt spell and a blue dragon\'s breath deal lightning damage.'),(7,'Necrotic damage, dealt by certain undead and a spell such as chill touch, withers matter and even the soul.'),(8,'Puncturing and impaling attacks, including spears and monsters\' bites, deal piercing damage.'),(9,'Venomous stings and the toxic gas of a green dragon\'s breath deal poison damage.'),(10,'Mental abilities such as a psionic blast deal psychic damage.'),(11,'Radiant damage, dealt by a cleric\'s flame strike spell or an angel\'s smiting weapon, sears the flesh like fire and overloads the spirit with power.'),(12,'Swords, axes, and monsters\' claws deal slashing damage.'),(13,'A concussive burst of sound, such as the effect of the thunderwave spell, deals thunder damage.');
/*!40000 ALTER TABLE `damage_type_descriptions` ENABLE KEYS */;
UNLOCK TABLES;

--
-- Table structure for table `damage_types`
--

DROP TABLE IF EXISTS `damage_types`;
/*!40101 SET @saved_cs_client     = @@character_set_client */;
/*!50503 SET character_set_client = utf8mb4 */;
CREATE TABLE `damage_types` (
  `id` bigint NOT NULL AUTO_INCREMENT,
  `index_name` varchar(255) COLLATE utf8mb4_unicode_ci DEFAULT NULL,
  `name` varchar(255) COLLATE utf8mb4_unicode_ci DEFAULT NULL,
  `description` text COLLATE utf8mb4_unicode_ci,
  PRIMARY KEY (`id`),
  UNIQUE KEY `index_name` (`index_name`),
  KEY `idx_damage_types_name` (`name`)
) ENGINE=InnoDB AUTO_INCREMENT=14 DEFAULT CHARSET=utf8mb4 COLLATE=utf8mb4_unicode_ci;
/*!40101 SET character_set_client = @saved_cs_client */;

--
-- Dumping data for table `damage_types`
--

LOCK TABLES `damage_types` WRITE;
/*!40000 ALTER TABLE `damage_types` DISABLE KEYS */;
INSERT INTO `damage_types` VALUES (1,'acid','Acid',NULL),(2,'bludgeoning','Bludgeoning',NULL),(3,'cold','Cold',NULL),(4,'fire','Fire',NULL),(5,'force','Force',NULL),(6,'lightning','Lightning',NULL),(7,'necrotic','Necrotic',NULL),(8,'piercing','Piercing',NULL),(9,'poison','Poison',NULL),(10,'psychic','Psychic',NULL),(11,'radiant','Radiant',NULL),(12,'slashing','Slashing',NULL),(13,'thunder','Thunder',NULL);
/*!40000 ALTER TABLE `damage_types` ENABLE KEYS */;
UNLOCK TABLES;

--
-- Table structure for table `effect_modifiers`
--

DROP TABLE IF EXISTS `effect_modifiers`;
/*!40101 SET @saved_cs_client     = @@character_set_client */;
/*!50503 SET character_set_client = utf8mb4 */;
CREATE TABLE `effect_modifiers` (
  `effect_id` bigint NOT NULL,
  `modifier_type` enum('AC','ATTACK_ROLL','DAMAGE','SAVING_THROW','ABILITY_CHECK','SKILL_CHECK','INITIATIVE','SPEED','HP_MAX','ADVANTAGE','DISADVANTAGE','RESISTANCE','VULNERABILITY','IMMUNITY') COLLATE utf8mb4_unicode_ci DEFAULT NULL,
  KEY `effect_id` (`effect_id`),
  CONSTRAINT `effect_modifiers_ibfk_1` FOREIGN KEY (`effect_id`) REFERENCES `active_effects` (`id`) ON DELETE CASCADE
) ENGINE=InnoDB DEFAULT CHARSET=utf8mb4 COLLATE=utf8mb4_unicode_ci;
/*!40101 SET character_set_client = @saved_cs_client */;

--
-- Dumping data for table `effect_modifiers`
--

LOCK TABLES `effect_modifiers` WRITE;
/*!40000 ALTER TABLE `effect_modifiers` DISABLE KEYS */;
/*!40000 ALTER TABLE `effect_modifiers` ENABLE KEYS */;
UNLOCK TABLES;

--
-- Table structure for table `feat_prerequisites`
--

DROP TABLE IF EXISTS `feat_prerequisites`;
/*!40101 SET @saved_cs_client     = @@character_set_client */;
/*!50503 SET character_set_client = utf8mb4 */;
CREATE TABLE `feat_prerequisites` (
  `feat_id` bigint NOT NULL,
  `prerequisite` text COLLATE utf8mb4_unicode_ci,
  KEY `FKly7kg5gpei25f71etnf3f6fs1` (`feat_id`),
  CONSTRAINT `FKly7kg5gpei25f71etnf3f6fs1` FOREIGN KEY (`feat_id`) REFERENCES `feats` (`id`)
) ENGINE=InnoDB DEFAULT CHARSET=utf8mb4 COLLATE=utf8mb4_unicode_ci;
/*!40101 SET character_set_client = @saved_cs_client */;

--
-- Dumping data for table `feat_prerequisites`
--

LOCK TABLES `feat_prerequisites` WRITE;
/*!40000 ALTER TABLE `feat_prerequisites` DISABLE KEYS */;
/*!40000 ALTER TABLE `feat_prerequisites` ENABLE KEYS */;
UNLOCK TABLES;

--
-- Table structure for table `feat_spells`
--

DROP TABLE IF EXISTS `feat_spells`;
/*!40101 SET @saved_cs_client     = @@character_set_client */;
/*!50503 SET character_set_client = utf8mb4 */;
CREATE TABLE `feat_spells` (
  `feat_id` bigint NOT NULL,
  `spell_id` bigint NOT NULL,
  PRIMARY KEY (`feat_id`,`spell_id`),
  KEY `spell_id` (`spell_id`),
  CONSTRAINT `feat_spells_ibfk_1` FOREIGN KEY (`feat_id`) REFERENCES `feats` (`id`) ON DELETE CASCADE,
  CONSTRAINT `feat_spells_ibfk_2` FOREIGN KEY (`spell_id`) REFERENCES `spells` (`id`) ON DELETE CASCADE
) ENGINE=InnoDB DEFAULT CHARSET=utf8mb4 COLLATE=utf8mb4_unicode_ci;
/*!40101 SET character_set_client = @saved_cs_client */;

--
-- Dumping data for table `feat_spells`
--

LOCK TABLES `feat_spells` WRITE;
/*!40000 ALTER TABLE `feat_spells` DISABLE KEYS */;
/*!40000 ALTER TABLE `feat_spells` ENABLE KEYS */;
UNLOCK TABLES;

--
-- Table structure for table `feats`
--

DROP TABLE IF EXISTS `feats`;
/*!40101 SET @saved_cs_client     = @@character_set_client */;
/*!50503 SET character_set_client = utf8mb4 */;
CREATE TABLE `feats` (
  `id` bigint NOT NULL AUTO_INCREMENT,
  `index_name` varchar(255) COLLATE utf8mb4_unicode_ci DEFAULT NULL,
  `name` varchar(255) COLLATE utf8mb4_unicode_ci DEFAULT NULL,
  `description` text COLLATE utf8mb4_unicode_ci,
  `prerequisites` text COLLATE utf8mb4_unicode_ci,
  PRIMARY KEY (`id`),
  UNIQUE KEY `index_name` (`index_name`),
  KEY `idx_feats_name` (`name`)
) ENGINE=InnoDB AUTO_INCREMENT=43 DEFAULT CHARSET=utf8mb4 COLLATE=utf8mb4_unicode_ci;
/*!40101 SET character_set_client = @saved_cs_client */;

--
-- Dumping data for table `feats`
--

LOCK TABLES `feats` WRITE;
/*!40000 ALTER TABLE `feats` DISABLE KEYS */;
INSERT INTO `feats` VALUES (1,'actor','Actor','Skilled at mimicry and dramatics, you gain +1 Charisma, advantage on Deception/Performance when disguised, and can mimic voices or sounds you have heard.','None'),(2,'alert','Alert','Always on the lookout for danger: +5 bonus to initiative, can\'t be surprised while conscious, hidden creatures gain no advantage on attacks against you.','None'),(3,'athlete','Athlete','You have undergone extensive physical training: +1 Str or Dex, standing up uses only 5 ft of movement, climbing doesn\'t halve speed, you can make a running long/high jump after moving only 5 ft.','None'),(4,'charger','Charger','When you use your action to Dash, you can use a bonus action to make one melee attack or shove, adding +5 damage if you moved 10 ft in a straight line.','None'),(5,'crossbow-expert','Crossbow Expert','You ignore the loading property of crossbows, don\'t have disadvantage when firing in melee range, and can attack with a hand crossbow as a bonus action when you attack with a one-handed weapon.','None'),(6,'defensive-duelist','Defensive Duelist','When wielding a finesse weapon you are proficient with, you can use your reaction to add your proficiency bonus to AC against one melee attack that would hit you.','Dexterity 13'),(7,'dual-wielder','Dual Wielder','You master fighting with two weapons: +1 AC while wielding two melee weapons, can use two-weapon fighting with non-light weapons, and can draw or stow two weapons at once.','None'),(8,'dungeon-delver','Dungeon Delver','Alert to the perils of dungeons: advantage on Perception and Investigation to detect secret doors, advantage on saves vs. traps, resistance to trap damage, can search for traps at normal pace.','None'),(9,'durable','Durable','Hardy and resilient: +1 Constitution, when you roll Hit Dice to regain hp, the minimum hp regained equals twice your Constitution modifier (minimum 2).','None'),(10,'elemental-adept','Elemental Adept','Choose acid, cold, fire, lightning, or thunder. Spells you cast ignore resistance to that damage type, and when you roll damage for such a spell, treat any 1 on a die as a 2.','Spellcasting ability'),(11,'grappler','Grappler','You\'ve developed the skills necessary to hold your own in close-quarters grappling: advantage on attack rolls against a creature you are grappling, and you can use your action to try to pin it (restrained).','Strength 13'),(12,'great-weapon-master','Great-Weapon Master','When you score a critical hit or reduce a creature to 0 hp with a heavy melee weapon, you can make one melee weapon attack as a bonus action. You can also choose -5 to hit for +10 damage.','None'),(13,'healer','Healer','You are an able physician: using a healer\'s kit stabilises a creature without a check; using the kit as an action restores 1d6+4 hp plus HD, once per creature per short rest.','None'),(14,'heavily-armored','Heavily Armored','+1 Strength and proficiency with heavy armor.','Proficiency with medium armor'),(15,'heavy-armor-master','Heavy Armor Master','+1 Strength; while wearing heavy armor, bludgeoning, piercing, and slashing damage from non-magical attacks is reduced by 3.','Proficiency with heavy armor'),(16,'inspiring-leader','Inspiring Leader','After a 10-minute speech, up to 6 allies who can hear you gain temporary hp equal to your level + Charisma modifier.','Charisma 13'),(17,'keen-mind','Keen Mind','+1 Intelligence; you always know north, the number of hours until sunrise/sunset, and can recall anything you saw or heard in the past month.','None'),(18,'lightly-armored','Lightly Armored','+1 Strength or Dexterity and proficiency with light armor.','None'),(19,'linguist','Linguist','+1 Intelligence, learn 3 languages of your choice, and you can create written ciphers only you or those you teach can decipher.','None'),(20,'lucky','Lucky','You have inexplicable luck. You have 3 luck points per long rest. Spend one to roll an extra d20 on an attack, ability check, or save (choose which d20 to use), or force an attacker to reroll their attack.','None'),(21,'mage-slayer','Mage Slayer','When a creature within 5 ft casts a spell, you can use your reaction to make a melee attack against it; you cause disadvantage on its Concentration save, and you have advantage on saves against spells cast by creatures within 5 ft.','None'),(22,'magic-initiate','Magic Initiate','Choose a class: bard, cleric, druid, sorcerer, warlock, or wizard. Learn 2 cantrips and one 1st-level spell from that class\'s list; you can cast the spell once per long rest without a slot.','None'),(23,'martial-adept','Martial Adept','You learn two maneuvers from the Battle Master archetype and gain one superiority die (d6) to fuel them, regained on a short or long rest.','None'),(24,'medium-armor-master','Medium Armor Master','No disadvantage on Stealth while wearing medium armor, and max Dexterity bonus while wearing it becomes +3 instead of +2.','Proficiency with medium armor'),(25,'mobile','Mobile','Speed increases by 10 ft; when you use Dash, difficult terrain doesn\'t cost extra movement; when you make a melee attack you don\'t provoke opportunity attacks from that creature.','None'),(26,'moderately-armored','Moderately Armored','+1 Strength or Dexterity and proficiency with medium armor and shields.','Proficiency with light armor'),(27,'mounted-combatant','Mounted Combatant','Advantage on melee attacks against unmounted creatures smaller than your mount; can redirect attacks aimed at mount to yourself; mount doesn\'t take damage on a successful Dex save (half on fail).','None'),(28,'observant','Observant','+1 Intelligence or Wisdom; can read lips; +5 bonus to passive Perception and passive Investigation.','None'),(29,'polearm-master','Polearm Master','When you attack with a glaive, halberd, pike, or quarterstaff, you can use a bonus action to attack with the butt end (1d4 bludgeoning). You also get an opportunity attack when a creature enters your reach.','None'),(30,'resilient','Resilient','Choose one ability score: +1 to that score and you gain proficiency in saving throws using it.','None'),(31,'ritual-caster','Ritual Caster','Choose a class: bard, cleric, druid, sorcerer, warlock, or wizard. You learn two 1st-level ritual spells from that class and can cast them as rituals; you can add more ritual spells found as scrolls or books.','Intelligence or Wisdom 13'),(32,'savage-attacker','Savage Attacker','Once per turn, when you roll weapon attack damage, you can reroll the damage dice and use either total.','None'),(33,'sentinel','Sentinel','When you hit a creature with an opportunity attack its speed drops to 0. Creatures within 5 ft provoke opportunity attacks even after Disengage. When a creature attacks someone other than you within 5 ft, you can make a reaction melee attack.','None'),(34,'sharpshooter','Sharpshooter','Ignore long-range penalty and three-quarters and half cover; optionally take -5 to hit for +10 damage on ranged attacks.','None'),(35,'shield-master','Shield Master','If you take the Attack action, add shield bash as a bonus action (1d4 + Str). Add shield\'s AC bonus to Dex saves against spells that target only you. Use reaction to take no damage on a successful Dex save instead of half.','None'),(36,'skilled','Skilled','Gain proficiency in any combination of three skills or tools of your choice.','None'),(37,'skulker','Skulker','Can try to hide when lightly obscured; missing an attack while hiding doesn\'t reveal you; dim light doesn\'t impose disadvantage on Perception checks.','Dexterity 13'),(38,'spell-sniper','Spell Sniper','Choose a spellcasting class. Learn a cantrip from it that requires an attack roll. Double the range of ranged spell attacks; ranged spell attacks ignore half and three-quarters cover.','Spellcasting ability'),(39,'tavern-brawler','Tavern Brawler','+1 Strength or Constitution; proficient with improvised weapons; unarmed strikes deal 1d4 bludgeoning; can attempt to grapple as a bonus action after hitting with an unarmed strike or improvised weapon.','None'),(40,'tough','Tough','HP maximum increases by 2 per level (including retroactively for levels already gained).','None'),(41,'war-caster','War Caster','Advantage on Concentration saves; can perform somatic components with weapons/shield in hand; when a creature provokes an opportunity attack from you, you can cast a spell targeting it instead.','Spellcasting ability'),(42,'weapon-master','Weapon Master','+1 Strength or Dexterity and proficiency with four weapons of your choice.','None');
/*!40000 ALTER TABLE `feats` ENABLE KEYS */;
UNLOCK TABLES;

--
-- Table structure for table `item_properties`
--

DROP TABLE IF EXISTS `item_properties`;
/*!40101 SET @saved_cs_client     = @@character_set_client */;
/*!50503 SET character_set_client = utf8mb4 */;
CREATE TABLE `item_properties` (
  `item_id` bigint NOT NULL,
  `property` varchar(255) COLLATE utf8mb4_unicode_ci NOT NULL,
  PRIMARY KEY (`item_id`,`property`),
  CONSTRAINT `item_properties_ibfk_1` FOREIGN KEY (`item_id`) REFERENCES `items` (`id`) ON DELETE CASCADE
) ENGINE=InnoDB DEFAULT CHARSET=utf8mb4 COLLATE=utf8mb4_unicode_ci;
/*!40101 SET character_set_client = @saved_cs_client */;

--
-- Dumping data for table `item_properties`
--

LOCK TABLES `item_properties` WRITE;
/*!40000 ALTER TABLE `item_properties` DISABLE KEYS */;
INSERT INTO `item_properties` VALUES (27,'Versatile'),(34,'Ammunition'),(34,'Loading'),(64,'Light'),(64,'Monk'),(69,'Ammunition'),(69,'Light'),(69,'Loading'),(70,'Ammunition'),(70,'Heavy'),(70,'Loading'),(70,'Two-Handed'),(71,'Ammunition'),(71,'Loading'),(71,'Two-Handed'),(74,'Finesse'),(74,'Light'),(74,'Monk'),(74,'Thrown'),(75,'Finesse'),(75,'Thrown'),(93,'Heavy'),(93,'Reach'),(93,'Two-Handed'),(96,'Heavy'),(96,'Two-Handed'),(97,'Two-Handed'),(98,'Heavy'),(98,'Two-Handed'),(99,'Heavy'),(99,'Reach'),(99,'Two-Handed'),(103,'Light'),(103,'Monk'),(103,'Thrown'),(115,'Monk'),(115,'Thrown'),(121,'Reach'),(121,'Special'),(126,'Light'),(126,'Monk'),(126,'Thrown'),(129,'Ammunition'),(129,'Heavy'),(129,'Two-Handed'),(131,'Versatile'),(134,'Monk'),(139,'Heavy'),(139,'Two-Handed'),(145,'Special'),(145,'Thrown'),(155,'Heavy'),(155,'Reach'),(155,'Two-Handed'),(167,'Monk'),(167,'Versatile'),(170,'Finesse'),(189,'Finesse'),(189,'Light'),(193,'Ammunition'),(193,'Two-Handed'),(194,'Finesse'),(194,'Light'),(194,'Monk'),(196,'Light'),(196,'Monk'),(200,'Ammunition'),(205,'Monk'),(205,'Thrown'),(205,'Versatile'),(221,'Thrown'),(221,'Versatile'),(228,'Versatile'),(234,'Finesse'),(234,'Reach');
/*!40000 ALTER TABLE `item_properties` ENABLE KEYS */;
UNLOCK TABLES;

--
-- Table structure for table `items`
--

DROP TABLE IF EXISTS `items`;
/*!40101 SET @saved_cs_client     = @@character_set_client */;
/*!50503 SET character_set_client = utf8mb4 */;
CREATE TABLE `items` (
  `id` bigint NOT NULL AUTO_INCREMENT,
  `index_name` varchar(255) COLLATE utf8mb4_unicode_ci DEFAULT NULL,
  `name` varchar(255) COLLATE utf8mb4_unicode_ci DEFAULT NULL,
  `item_type` varchar(255) COLLATE utf8mb4_unicode_ci DEFAULT NULL,
  `category` varchar(255) COLLATE utf8mb4_unicode_ci DEFAULT NULL,
  `weight` double NOT NULL DEFAULT '0',
  `cost_in_copper` int NOT NULL DEFAULT '0',
  `description` text COLLATE utf8mb4_unicode_ci,
  `damage_dice` varchar(50) COLLATE utf8mb4_unicode_ci DEFAULT NULL,
  `damage_type` varchar(100) COLLATE utf8mb4_unicode_ci DEFAULT NULL,
  `weapon_range` varchar(100) COLLATE utf8mb4_unicode_ci DEFAULT NULL,
  `armor_class` int DEFAULT NULL,
  `armor_type` varchar(100) COLLATE utf8mb4_unicode_ci DEFAULT NULL,
  `max_dex_bonus` int DEFAULT NULL,
  `minimum_strength` int DEFAULT NULL,
  `stealth_disadvantage` tinyint(1) NOT NULL DEFAULT '0',
  `rarity` varchar(100) COLLATE utf8mb4_unicode_ci DEFAULT NULL,
  `requires_attunement` tinyint(1) NOT NULL DEFAULT '0',
  `attunement_requierement` varchar(255) COLLATE utf8mb4_unicode_ci DEFAULT NULL,
  PRIMARY KEY (`id`),
  UNIQUE KEY `index_name` (`index_name`),
  KEY `idx_items_name` (`name`),
  KEY `idx_items_item_type` (`item_type`),
  KEY `idx_items_category` (`category`)
) ENGINE=InnoDB AUTO_INCREMENT=238 DEFAULT CHARSET=utf8mb4 COLLATE=utf8mb4_unicode_ci;
/*!40101 SET character_set_client = @saved_cs_client */;

--
-- Dumping data for table `items`
--

LOCK TABLES `items` WRITE;
/*!40000 ALTER TABLE `items` DISABLE KEYS */;
INSERT INTO `items` VALUES (1,'abacus','Abacus','ADVENTURING_GEAR','Adventuring Gear',2,200,NULL,NULL,NULL,NULL,NULL,NULL,NULL,NULL,0,NULL,0,NULL),(2,'acid-vial','Acid (vial)','ADVENTURING_GEAR','Adventuring Gear',1,2500,'As an action, you can splash the contents of this vial onto a creature within 5 feet of you or throw the vial up to 20 feet, shattering it on impact. In either case, make a ranged attack against a creature or object, treating the acid as an improvised weapon.\nOn a hit, the target takes 2d6 acid damage.',NULL,NULL,NULL,NULL,NULL,NULL,NULL,0,NULL,0,NULL),(3,'alchemists-fire-flask','Alchemist\'s fire (flask)','ADVENTURING_GEAR','Adventuring Gear',1,5000,'This sticky, adhesive fluid ignites when exposed to air.\nAs an action, you can throw this flask up to 20 feet, shattering it on impact. Make a ranged attack against a creature or object, treating the alchemist\'s fire as an improvised weapon.\nOn a hit, the target takes 1d4 fire damage at the start of each of its turns. A creature can end this damage by using its action to make a DC 10 Dexterity check to extinguish the flames.',NULL,NULL,NULL,NULL,NULL,NULL,NULL,0,NULL,0,NULL),(4,'alchemists-supplies','Alchemist\'s Supplies','TOOLS','Tools',8,5000,'These special tools include the items needed to pursue a craft or trade. The table shows examples of the most common types of tools, each providing items related to a single craft. Proficiency with a set of artisan\'s tools lets you add your proficiency bonus to any ability checks you make using the tools in your craft. Each type of artisan\'s tools requires a separate proficiency.',NULL,NULL,NULL,NULL,NULL,NULL,NULL,0,NULL,0,NULL),(5,'alms-box','Alms box','ADVENTURING_GEAR','Adventuring Gear',0,0,'A small box for alms, typically found in a priest\'s pack.',NULL,NULL,NULL,NULL,NULL,NULL,NULL,0,NULL,0,NULL),(6,'amulet','Amulet','ADVENTURING_GEAR','Adventuring Gear',1,500,'A holy symbol is a representation of a god or pantheon. It might be an amulet depicting a symbol representing a deity, the same symbol carefully engraved or inlaid as an emblem on a shield, or a tiny box holding a fragment of a sacred relic.\nAppendix B lists the symbols commonly associated with many gods in the multiverse. A cleric or paladin can use a holy symbol as a spellcasting focus. To use the symbol in this way, the caster must hold it in hand, wear it visibly, or bear it on a shield.',NULL,NULL,NULL,NULL,NULL,NULL,NULL,0,NULL,0,NULL),(7,'animal-feed-1-day','Animal Feed (1 day)','MOUNTS_AND_VEHICLES','Mounts and Vehicles',10,5,NULL,NULL,NULL,NULL,NULL,NULL,NULL,NULL,0,NULL,0,NULL),(8,'antitoxin-vial','Antitoxin (vial)','ADVENTURING_GEAR','Adventuring Gear',0,5000,'A creature that drinks this vial of liquid gains advantage on saving throws against poison for 1 hour. It confers no benefit to undead or constructs.',NULL,NULL,NULL,NULL,NULL,NULL,NULL,0,NULL,0,NULL),(9,'arrow','Arrow','ADVENTURING_GEAR','Adventuring Gear',1,100,NULL,NULL,NULL,NULL,NULL,NULL,NULL,NULL,0,NULL,0,NULL),(10,'backpack','Backpack','ADVENTURING_GEAR','Adventuring Gear',5,200,NULL,NULL,NULL,NULL,NULL,NULL,NULL,NULL,0,NULL,0,NULL),(11,'bagpipes','Bagpipes','TOOLS','Tools',6,3000,'Several of the most common types of musical instruments are shown on the table as examples. If you have proficiency with a given musical instrument, you can add your proficiency bonus to any ability checks you make to play music with the instrument. A bard can use a musical instrument as a spellcasting focus. Each type of musical instrument requires a separate proficiency.',NULL,NULL,NULL,NULL,NULL,NULL,NULL,0,NULL,0,NULL),(12,'ball-bearings-bag-of-1000','Ball bearings (bag of 1,000)','ADVENTURING_GEAR','Adventuring Gear',2,100,'As an action, you can spill these tiny metal balls from their pouch to cover a level, square area that is 10 feet on a side.\nA creature moving across the covered area must succeed on a DC 10 Dexterity saving throw or fall prone.\nA creature moving through the area at half speed doesn\'t need to make the save.',NULL,NULL,NULL,NULL,NULL,NULL,NULL,0,NULL,0,NULL),(13,'barding-breastplate','Barding: Breastplate','MOUNTS_AND_VEHICLES','Mounts and Vehicles',40,160000,'Barding is armor designed to protect an animal\'s head, neck, chest, and body. Any type of armor shown on the Armor table can be purchased as barding. The cost is four times the equivalent armor made for humanoids, and it weighs twice as much.',NULL,NULL,NULL,NULL,NULL,NULL,NULL,0,NULL,0,NULL),(14,'barding-chain-mail','Barding: Chain mail','MOUNTS_AND_VEHICLES','Mounts and Vehicles',110,30000,'Barding is armor designed to protect an animal\'s head, neck, chest, and body. Any type of armor shown on the Armor table can be purchased as barding. The cost is four times the equivalent armor made for humanoids, and it weighs twice as much.',NULL,NULL,NULL,NULL,NULL,NULL,NULL,0,NULL,0,NULL),(15,'barding-chain-shirt','Barding: Chain shirt','MOUNTS_AND_VEHICLES','Mounts and Vehicles',40,20000,'Barding is armor designed to protect an animal\'s head, neck, chest, and body. Any type of armor shown on the Armor table can be purchased as barding. The cost is four times the equivalent armor made for humanoids, and it weighs twice as much.',NULL,NULL,NULL,NULL,NULL,NULL,NULL,0,NULL,0,NULL),(16,'barding-half-plate','Barding: Half plate','MOUNTS_AND_VEHICLES','Mounts and Vehicles',80,300000,'Barding is armor designed to protect an animal\'s head, neck, chest, and body. Any type of armor shown on the Armor table can be purchased as barding. The cost is four times the equivalent armor made for humanoids, and it weighs twice as much.',NULL,NULL,NULL,NULL,NULL,NULL,NULL,0,NULL,0,NULL),(17,'barding-hide','Barding: Hide','MOUNTS_AND_VEHICLES','Mounts and Vehicles',24,4000,'Barding is armor designed to protect an animal\'s head, neck, chest, and body. Any type of armor shown on the Armor table can be purchased as barding. The cost is four times the equivalent armor made for humanoids, and it weighs twice as much.',NULL,NULL,NULL,NULL,NULL,NULL,NULL,0,NULL,0,NULL),(18,'barding-leather','Barding: Leather','MOUNTS_AND_VEHICLES','Mounts and Vehicles',20,4000,'Barding is armor designed to protect an animal\'s head, neck, chest, and body. Any type of armor shown on the Armor table can be purchased as barding. The cost is four times the equivalent armor made for humanoids, and it weighs twice as much.',NULL,NULL,NULL,NULL,NULL,NULL,NULL,0,NULL,0,NULL),(19,'barding-padded','Barding: Padded','MOUNTS_AND_VEHICLES','Mounts and Vehicles',16,2000,'Barding is armor designed to protect an animal\'s head, neck, chest, and body. Any type of armor shown on the Armor table can be purchased as barding. The cost is four times the equivalent armor made for humanoids, and it weighs twice as much.',NULL,NULL,NULL,NULL,NULL,NULL,NULL,0,NULL,0,NULL),(20,'barding-plate','Barding: Plate','MOUNTS_AND_VEHICLES','Mounts and Vehicles',130,600000,'Barding is armor designed to protect an animal\'s head, neck, chest, and body. Any type of armor shown on the Armor table can be purchased as barding. The cost is four times the equivalent armor made for humanoids, and it weighs twice as much.',NULL,NULL,NULL,NULL,NULL,NULL,NULL,0,NULL,0,NULL),(21,'barding-ring-mail','Barding: Ring mail','MOUNTS_AND_VEHICLES','Mounts and Vehicles',80,1200,'Barding is armor designed to protect an animal\'s head, neck, chest, and body. Any type of armor shown on the Armor table can be purchased as barding. The cost is four times the equivalent armor made for humanoids, and it weighs twice as much.',NULL,NULL,NULL,NULL,NULL,NULL,NULL,0,NULL,0,NULL),(22,'barding-scale-mail','Barding: Scale mail','MOUNTS_AND_VEHICLES','Mounts and Vehicles',90,20000,'Barding is armor designed to protect an animal\'s head, neck, chest, and body. Any type of armor shown on the Armor table can be purchased as barding. The cost is four times the equivalent armor made for humanoids, and it weighs twice as much.',NULL,NULL,NULL,NULL,NULL,NULL,NULL,0,NULL,0,NULL),(23,'barding-splint','Barding: Splint','MOUNTS_AND_VEHICLES','Mounts and Vehicles',120,80000,'Barding is armor designed to protect an animal\'s head, neck, chest, and body. Any type of armor shown on the Armor table can be purchased as barding. The cost is four times the equivalent armor made for humanoids, and it weighs twice as much.',NULL,NULL,NULL,NULL,NULL,NULL,NULL,0,NULL,0,NULL),(24,'barding-studded-leather','Barding: Studded Leather','MOUNTS_AND_VEHICLES','Mounts and Vehicles',26,18000,'Barding is armor designed to protect an animal\'s head, neck, chest, and body. Any type of armor shown on the Armor table can be purchased as barding. The cost is four times the equivalent armor made for humanoids, and it weighs twice as much.',NULL,NULL,NULL,NULL,NULL,NULL,NULL,0,NULL,0,NULL),(25,'barrel','Barrel','ADVENTURING_GEAR','Adventuring Gear',70,200,NULL,NULL,NULL,NULL,NULL,NULL,NULL,NULL,0,NULL,0,NULL),(26,'basket','Basket','ADVENTURING_GEAR','Adventuring Gear',2,40,NULL,NULL,NULL,NULL,NULL,NULL,NULL,NULL,0,NULL,0,NULL),(27,'battleaxe','Battleaxe','WEAPON','Weapon',4,1000,NULL,'1d8','Slashing','Melee',NULL,NULL,NULL,NULL,0,NULL,0,NULL),(28,'bedroll','Bedroll','ADVENTURING_GEAR','Adventuring Gear',7,100,NULL,NULL,NULL,NULL,NULL,NULL,NULL,NULL,0,NULL,0,NULL),(29,'bell','Bell','ADVENTURING_GEAR','Adventuring Gear',0,100,NULL,NULL,NULL,NULL,NULL,NULL,NULL,NULL,0,NULL,0,NULL),(30,'bit-and-bridle','Bit and bridle','MOUNTS_AND_VEHICLES','Mounts and Vehicles',1,200,NULL,NULL,NULL,NULL,NULL,NULL,NULL,NULL,0,NULL,0,NULL),(31,'blanket','Blanket','ADVENTURING_GEAR','Adventuring Gear',3,50,NULL,NULL,NULL,NULL,NULL,NULL,NULL,NULL,0,NULL,0,NULL),(32,'block-and-tackle','Block and tackle','ADVENTURING_GEAR','Adventuring Gear',5,100,'A set of pulleys with a cable threaded through them and a hook to attach to objects, a block and tackle allows you to hoist up to four times the weight you can normally lift.',NULL,NULL,NULL,NULL,NULL,NULL,NULL,0,NULL,0,NULL),(33,'block-of-incense','Block of incense','ADVENTURING_GEAR','Adventuring Gear',0,0,'A block of incense, typically found in a priest\'s pack.',NULL,NULL,NULL,NULL,NULL,NULL,NULL,0,NULL,0,NULL),(34,'blowgun','Blowgun','WEAPON','Weapon',1,1000,NULL,'1','Piercing','Ranged',NULL,NULL,NULL,NULL,0,NULL,0,NULL),(35,'blowgun-needle','Blowgun needle','ADVENTURING_GEAR','Adventuring Gear',1,100,NULL,NULL,NULL,NULL,NULL,NULL,NULL,NULL,0,NULL,0,NULL),(36,'book','Book','ADVENTURING_GEAR','Adventuring Gear',5,2500,'A book might contain poetry, historical accounts, information pertaining to a particular field of lore, diagrams and notes on gnomish contraptions, or just about anything else that can be represented using text or pictures. A book of spells is a spellbook (described later in this section).',NULL,NULL,NULL,NULL,NULL,NULL,NULL,0,NULL,0,NULL),(37,'bottle-glass','Bottle, glass','ADVENTURING_GEAR','Adventuring Gear',2,200,NULL,NULL,NULL,NULL,NULL,NULL,NULL,NULL,0,NULL,0,NULL),(38,'breastplate','Breastplate','ARMOR','Armor',20,40000,NULL,NULL,NULL,NULL,14,'Medium',NULL,0,0,NULL,0,NULL),(39,'brewers-supplies','Brewer\'s Supplies','TOOLS','Tools',9,2000,'These special tools include the items needed to pursue a craft or trade. The table shows examples of the most common types of tools, each providing items related to a single craft. Proficiency with a set of artisan\'s tools lets you add your proficiency bonus to any ability checks you make using the tools in your craft. Each type of artisan\'s tools requires a separate proficiency.',NULL,NULL,NULL,NULL,NULL,NULL,NULL,0,NULL,0,NULL),(40,'bucket','Bucket','ADVENTURING_GEAR','Adventuring Gear',2,5,NULL,NULL,NULL,NULL,NULL,NULL,NULL,NULL,0,NULL,0,NULL),(41,'burglars-pack','Burglar\'s Pack','ADVENTURING_GEAR','Adventuring Gear',0,1600,NULL,NULL,NULL,NULL,NULL,NULL,NULL,NULL,0,NULL,0,NULL),(42,'calligraphers-supplies','Calligrapher\'s Supplies','TOOLS','Tools',5,1000,'These special tools include the items needed to pursue a craft or trade. The table shows examples of the most common types of tools, each providing items related to a single craft. Proficiency with a set of artisan\'s tools lets you add your proficiency bonus to any ability checks you make using the tools in your craft. Each type of artisan\'s tools requires a separate proficiency.',NULL,NULL,NULL,NULL,NULL,NULL,NULL,0,NULL,0,NULL),(43,'caltrops','Caltrops','ADVENTURING_GEAR','Adventuring Gear',2,5,'As an action, you can spread a bag of caltrops to cover a square area that is 5 feet on a side.\nAny creature that enters the area must succeed on a DC 15 Dexterity saving throw or stop moving this turn and take 1 piercing damage.\nTaking this damage reduces the creature\'s walking speed by 10 feet until the creature regains at least 1 hit point.\nA creature moving through the area at half speed doesn\'t need to make the save.',NULL,NULL,NULL,NULL,NULL,NULL,NULL,0,NULL,0,NULL),(44,'camel','Camel','MOUNTS_AND_VEHICLES','Mounts and Vehicles',0,5000,NULL,NULL,NULL,NULL,NULL,NULL,NULL,NULL,0,NULL,0,NULL),(45,'candle','Candle','ADVENTURING_GEAR','Adventuring Gear',0,1,'For 1 hour, a candle sheds bright light in a 5-foot radius and dim light for an additional 5 feet.',NULL,NULL,NULL,NULL,NULL,NULL,NULL,0,NULL,0,NULL),(46,'carpenters-tools','Carpenter\'s Tools','TOOLS','Tools',6,800,'These special tools include the items needed to pursue a craft or trade. The table shows examples of the most common types of tools, each providing items related to a single craft. Proficiency with a set of artisan\'s tools lets you add your proficiency bonus to any ability checks you make using the tools in your craft. Each type of artisan\'s tools requires a separate proficiency.',NULL,NULL,NULL,NULL,NULL,NULL,NULL,0,NULL,0,NULL),(47,'carriage','Carriage','MOUNTS_AND_VEHICLES','Mounts and Vehicles',600,10000,NULL,NULL,NULL,NULL,NULL,NULL,NULL,NULL,0,NULL,0,NULL),(48,'cart','Cart','MOUNTS_AND_VEHICLES','Mounts and Vehicles',200,1500,NULL,NULL,NULL,NULL,NULL,NULL,NULL,NULL,0,NULL,0,NULL),(49,'cartographers-tools','Cartographer\'s Tools','TOOLS','Tools',6,1500,'These special tools include the items needed to pursue a craft or trade. The table shows examples of the most common types of tools, each providing items related to a single craft. Proficiency with a set of artisan\'s tools lets you add your proficiency bonus to any ability checks you make using the tools in your craft. Each type of artisan\'s tools requires a separate proficiency.',NULL,NULL,NULL,NULL,NULL,NULL,NULL,0,NULL,0,NULL),(50,'case-crossbow-bolt','Case, crossbow bolt','ADVENTURING_GEAR','Adventuring Gear',1,100,'This wooden case can hold up to twenty crossbow bolts.',NULL,NULL,NULL,NULL,NULL,NULL,NULL,0,NULL,0,NULL),(51,'case-map-or-scroll','Case, map or scroll','ADVENTURING_GEAR','Adventuring Gear',1,100,'This cylindrical leather case can hold up to ten rolled-up sheets of paper or five rolled-up sheets of parchment.',NULL,NULL,NULL,NULL,NULL,NULL,NULL,0,NULL,0,NULL),(52,'censer','Censer','ADVENTURING_GEAR','Adventuring Gear',0,0,'A censer, typically found in a priest\'s pack.',NULL,NULL,NULL,NULL,NULL,NULL,NULL,0,NULL,0,NULL),(53,'chain-10-feet','Chain (10 feet)','ADVENTURING_GEAR','Adventuring Gear',10,500,'A chain has 10 hit points. It can be burst with a successful DC 20 Strength check.',NULL,NULL,NULL,NULL,NULL,NULL,NULL,0,NULL,0,NULL),(54,'chain-mail','Chain Mail','ARMOR','Armor',55,7500,NULL,NULL,NULL,NULL,16,'Heavy',NULL,13,1,NULL,0,NULL),(55,'chain-shirt','Chain Shirt','ARMOR','Armor',20,5000,NULL,NULL,NULL,NULL,13,'Medium',NULL,0,0,NULL,0,NULL),(56,'chalk-1-piece','Chalk (1 piece)','ADVENTURING_GEAR','Adventuring Gear',0,1,NULL,NULL,NULL,NULL,NULL,NULL,NULL,NULL,0,NULL,0,NULL),(57,'chariot','Chariot','MOUNTS_AND_VEHICLES','Mounts and Vehicles',100,25000,NULL,NULL,NULL,NULL,NULL,NULL,NULL,NULL,0,NULL,0,NULL),(58,'chest','Chest','ADVENTURING_GEAR','Adventuring Gear',25,500,NULL,NULL,NULL,NULL,NULL,NULL,NULL,NULL,0,NULL,0,NULL),(59,'climbers-kit','Climber\'s Kit','ADVENTURING_GEAR','Adventuring Gear',12,2500,'A climber\'s kit includes special pitons, boot tips, gloves, and a harness. You can use the climber\'s kit as an action to anchor yourself; when you do, you can\'t fall more than 25 feet from the point where you anchored yourself, and you can\'t climb more than 25 feet away from that point without undoing the anchor.',NULL,NULL,NULL,NULL,NULL,NULL,NULL,0,NULL,0,NULL),(60,'clothes-common','Clothes, common','ADVENTURING_GEAR','Adventuring Gear',3,50,NULL,NULL,NULL,NULL,NULL,NULL,NULL,NULL,0,NULL,0,NULL),(61,'clothes-costume','Clothes, costume','ADVENTURING_GEAR','Adventuring Gear',4,500,NULL,NULL,NULL,NULL,NULL,NULL,NULL,NULL,0,NULL,0,NULL),(62,'clothes-fine','Clothes, fine','ADVENTURING_GEAR','Adventuring Gear',6,1500,NULL,NULL,NULL,NULL,NULL,NULL,NULL,NULL,0,NULL,0,NULL),(63,'clothes-travelers','Clothes, traveler\'s','ADVENTURING_GEAR','Adventuring Gear',4,200,NULL,NULL,NULL,NULL,NULL,NULL,NULL,NULL,0,NULL,0,NULL),(64,'club','Club','WEAPON','Weapon',2,10,NULL,'1d4','Bludgeoning','Melee',NULL,NULL,NULL,NULL,0,NULL,0,NULL),(65,'cobblers-tools','Cobbler\'s Tools','TOOLS','Tools',5,500,'These special tools include the items needed to pursue a craft or trade. The table shows examples of the most common types of tools, each providing items related to a single craft. Proficiency with a set of artisan\'s tools lets you add your proficiency bonus to any ability checks you make using the tools in your craft. Each type of artisan\'s tools requires a separate proficiency.',NULL,NULL,NULL,NULL,NULL,NULL,NULL,0,NULL,0,NULL),(66,'component-pouch','Component pouch','ADVENTURING_GEAR','Adventuring Gear',2,2500,'A component pouch is a small, watertight leather belt pouch that has compartments to hold all the material components and other special items you need to cast your spells, except for those components that have a specific cost (as indicated in a spell\'s description).',NULL,NULL,NULL,NULL,NULL,NULL,NULL,0,NULL,0,NULL),(67,'cooks-utensils','Cook\'s utensils','TOOLS','Tools',8,100,'These special tools include the items needed to pursue a craft or trade. The table shows examples of the most common types of tools, each providing items related to a single craft. Proficiency with a set of artisan\'s tools lets you add your proficiency bonus to any ability checks you make using the tools in your craft. Each type of artisan\'s tools requires a separate proficiency.',NULL,NULL,NULL,NULL,NULL,NULL,NULL,0,NULL,0,NULL),(68,'crossbow-bolt','Crossbow bolt','ADVENTURING_GEAR','Adventuring Gear',1.5,100,NULL,NULL,NULL,NULL,NULL,NULL,NULL,NULL,0,NULL,0,NULL),(69,'crossbow-hand','Crossbow, hand','WEAPON','Weapon',3,7500,NULL,'1d6','Piercing','Ranged',NULL,NULL,NULL,NULL,0,NULL,0,NULL),(70,'crossbow-heavy','Crossbow, heavy','WEAPON','Weapon',18,5000,NULL,'1d10','Piercing','Ranged',NULL,NULL,NULL,NULL,0,NULL,0,NULL),(71,'crossbow-light','Crossbow, light','WEAPON','Weapon',5,2500,NULL,'1d8','Piercing','Ranged',NULL,NULL,NULL,NULL,0,NULL,0,NULL),(72,'crowbar','Crowbar','ADVENTURING_GEAR','Adventuring Gear',5,200,'Using a crowbar grants advantage to Strength checks where the crowbar\'s leverage can be applied.',NULL,NULL,NULL,NULL,NULL,NULL,NULL,0,NULL,0,NULL),(73,'crystal','Crystal','ADVENTURING_GEAR','Adventuring Gear',1,1000,'An arcane focus is a special item--an orb, a crystal, a rod, a specially constructed staff, a wand-like length of wood, or some similar item--designed to channel the power of arcane spells. A sorcerer, warlock, or wizard can use such an item as a spellcasting focus.',NULL,NULL,NULL,NULL,NULL,NULL,NULL,0,NULL,0,NULL),(74,'dagger','Dagger','WEAPON','Weapon',1,200,NULL,'1d4','Piercing','Melee',NULL,NULL,NULL,NULL,0,NULL,0,NULL),(75,'dart','Dart','WEAPON','Weapon',0.25,5,NULL,'1d4','Piercing','Ranged',NULL,NULL,NULL,NULL,0,NULL,0,NULL),(76,'dice-set','Dice Set','TOOLS','Tools',0,10,'This item encompasses a wide range of game pieces, including dice and decks of cards (for games such as Three-Dragon Ante). A few common examples appear on the Tools table, but other kinds of gaming sets exist. If you are proficient with a gaming set, you can add your proficiency bonus to ability checks you make to play a game with that set. Each type of gaming set requires a separate proficiency.',NULL,NULL,NULL,NULL,NULL,NULL,NULL,0,NULL,0,NULL),(77,'diplomats-pack','Diplomat\'s Pack','ADVENTURING_GEAR','Adventuring Gear',0,3900,NULL,NULL,NULL,NULL,NULL,NULL,NULL,NULL,0,NULL,0,NULL),(78,'disguise-kit','Disguise Kit','ADVENTURING_GEAR','Adventuring Gear',3,2500,'This pouch of cosmetics, hair dye, and small props lets you create disguises that change your physical appearance. Proficiency with this kit lets you add your proficiency bonus to any ability checks you make to create a visual disguise.',NULL,NULL,NULL,NULL,NULL,NULL,NULL,0,NULL,0,NULL),(79,'donkey','Donkey','MOUNTS_AND_VEHICLES','Mounts and Vehicles',0,800,NULL,NULL,NULL,NULL,NULL,NULL,NULL,NULL,0,NULL,0,NULL),(80,'drum','Drum','TOOLS','Tools',3,600,'Several of the most common types of musical instruments are shown on the table as examples. If you have proficiency with a given musical instrument, you can add your proficiency bonus to any ability checks you make to play music with the instrument. A bard can use a musical instrument as a spellcasting focus. Each type of musical instrument requires a separate proficiency.',NULL,NULL,NULL,NULL,NULL,NULL,NULL,0,NULL,0,NULL),(81,'dulcimer','Dulcimer','TOOLS','Tools',10,2500,'Several of the most common types of musical instruments are shown on the table as examples. If you have proficiency with a given musical instrument, you can add your proficiency bonus to any ability checks you make to play music with the instrument. A bard can use a musical instrument as a spellcasting focus. Each type of musical instrument requires a separate proficiency.',NULL,NULL,NULL,NULL,NULL,NULL,NULL,0,NULL,0,NULL),(82,'dungeoneers-pack','Dungeoneer\'s Pack','ADVENTURING_GEAR','Adventuring Gear',0,1200,NULL,NULL,NULL,NULL,NULL,NULL,NULL,NULL,0,NULL,0,NULL),(83,'elephant','Elephant','MOUNTS_AND_VEHICLES','Mounts and Vehicles',0,20000,NULL,NULL,NULL,NULL,NULL,NULL,NULL,NULL,0,NULL,0,NULL),(84,'emblem','Emblem','ADVENTURING_GEAR','Adventuring Gear',0,500,'A holy symbol is a representation of a god or pantheon. It might be an amulet depicting a symbol representing a deity, the same symbol carefully engraved or inlaid as an emblem on a shield, or a tiny box holding a fragment of a sacred relic.\nAppendix B lists the symbols commonly associated with many gods in the multiverse. A cleric or paladin can use a holy symbol as a spellcasting focus. To use the symbol in this way, the caster must hold it in hand, wear it visibly, or bear it on a shield.',NULL,NULL,NULL,NULL,NULL,NULL,NULL,0,NULL,0,NULL),(85,'entertainers-pack','Entertainer\'s Pack','ADVENTURING_GEAR','Adventuring Gear',0,4000,NULL,NULL,NULL,NULL,NULL,NULL,NULL,NULL,0,NULL,0,NULL),(86,'explorers-pack','Explorer\'s Pack','ADVENTURING_GEAR','Adventuring Gear',0,1000,NULL,NULL,NULL,NULL,NULL,NULL,NULL,NULL,0,NULL,0,NULL),(87,'fishing-tackle','Fishing tackle','ADVENTURING_GEAR','Adventuring Gear',4,100,'This kit includes a wooden rod, silken line, corkwood bobbers, steel hooks, lead sinkers, velvet lures, and narrow netting.',NULL,NULL,NULL,NULL,NULL,NULL,NULL,0,NULL,0,NULL),(88,'flail','Flail','WEAPON','Weapon',2,1000,NULL,'1d8','Bludgeoning','Melee',NULL,NULL,NULL,NULL,0,NULL,0,NULL),(89,'flask-or-tankard','Flask or tankard','ADVENTURING_GEAR','Adventuring Gear',1,2,NULL,NULL,NULL,NULL,NULL,NULL,NULL,NULL,0,NULL,0,NULL),(90,'flute','Flute','TOOLS','Tools',1,200,'Several of the most common types of musical instruments are shown on the table as examples. If you have proficiency with a given musical instrument, you can add your proficiency bonus to any ability checks you make to play music with the instrument. A bard can use a musical instrument as a spellcasting focus. Each type of musical instrument requires a separate proficiency.',NULL,NULL,NULL,NULL,NULL,NULL,NULL,0,NULL,0,NULL),(91,'forgery-kit','Forgery Kit','ADVENTURING_GEAR','Adventuring Gear',5,1500,'This small box contains a variety of papers and parchments, pens and inks, seals and sealing wax, gold and silver leaf, and other supplies necessary to create convincing forgeries of physical documents. Proficiency with this kit lets you add your proficiency bonus to any ability checks you make to create a physical forgery of a document.',NULL,NULL,NULL,NULL,NULL,NULL,NULL,0,NULL,0,NULL),(92,'galley','Galley','MOUNTS_AND_VEHICLES','Mounts and Vehicles',0,3000000,NULL,NULL,NULL,NULL,NULL,NULL,NULL,NULL,0,NULL,0,NULL),(93,'glaive','Glaive','WEAPON','Weapon',6,2000,NULL,'1d10','Slashing','Melee',NULL,NULL,NULL,NULL,0,NULL,0,NULL),(94,'glassblowers-tools','Glassblower\'s Tools','TOOLS','Tools',5,3000,'These special tools include the items needed to pursue a craft or trade. The table shows examples of the most common types of tools, each providing items related to a single craft. Proficiency with a set of artisan\'s tools lets you add your proficiency bonus to any ability checks you make using the tools in your craft. Each type of artisan\'s tools requires a separate proficiency.',NULL,NULL,NULL,NULL,NULL,NULL,NULL,0,NULL,0,NULL),(95,'grappling-hook','Grappling hook','ADVENTURING_GEAR','Adventuring Gear',4,200,NULL,NULL,NULL,NULL,NULL,NULL,NULL,NULL,0,NULL,0,NULL),(96,'greataxe','Greataxe','WEAPON','Weapon',7,3000,NULL,'1d12','Slashing','Melee',NULL,NULL,NULL,NULL,0,NULL,0,NULL),(97,'greatclub','Greatclub','WEAPON','Weapon',10,20,NULL,'1d8','Bludgeoning','Melee',NULL,NULL,NULL,NULL,0,NULL,0,NULL),(98,'greatsword','Greatsword','WEAPON','Weapon',6,5000,NULL,'2d6','Slashing','Melee',NULL,NULL,NULL,NULL,0,NULL,0,NULL),(99,'halberd','Halberd','WEAPON','Weapon',6,2000,NULL,'1d10','Slashing','Melee',NULL,NULL,NULL,NULL,0,NULL,0,NULL),(100,'half-plate-armor','Half Plate Armor','ARMOR','Armor',40,75000,NULL,NULL,NULL,NULL,15,'Medium',NULL,0,1,NULL,0,NULL),(101,'hammer','Hammer','ADVENTURING_GEAR','Adventuring Gear',3,100,NULL,NULL,NULL,NULL,NULL,NULL,NULL,NULL,0,NULL,0,NULL),(102,'hammer-sledge','Hammer, sledge','ADVENTURING_GEAR','Adventuring Gear',10,200,NULL,NULL,NULL,NULL,NULL,NULL,NULL,NULL,0,NULL,0,NULL),(103,'handaxe','Handaxe','WEAPON','Weapon',2,500,NULL,'1d6','Slashing','Melee',NULL,NULL,NULL,NULL,0,NULL,0,NULL),(104,'healers-kit','Healer\'s Kit','ADVENTURING_GEAR','Adventuring Gear',3,500,'This kit is a leather pouch containing bandages, salves, and splints. The kit has ten uses. As an action, you can expend one use of the kit to stabilize a creature that has 0 hit points, without needing to make a Wisdom (Medicine) check.',NULL,NULL,NULL,NULL,NULL,NULL,NULL,0,NULL,0,NULL),(105,'herbalism-kit','Herbalism Kit','ADVENTURING_GEAR','Adventuring Gear',3,500,'This kit contains a variety of instruments such as clippers, mortar and pestle, and pouches and vials used by herbalists to create remedies and potions. Proficiency with this kit lets you add your proficiency bonus to any ability checks you make to identify or apply herbs. Also, proficiency with this kit is required to create antitoxin and potions of healing.',NULL,NULL,NULL,NULL,NULL,NULL,NULL,0,NULL,0,NULL),(106,'hide-armor','Hide Armor','ARMOR','Armor',12,1000,NULL,NULL,NULL,NULL,12,'Medium',NULL,0,0,NULL,0,NULL),(107,'holy-water-flask','Holy water (flask)','ADVENTURING_GEAR','Adventuring Gear',1,2500,'As an action, you can splash the contents of this flask onto a creature within 5 feet of you or throw it up to 20 feet, shattering it on impact. In either case, make a ranged attack against a target creature, treating the holy water as an improvised weapon.\nIf the target is a fiend or undead, it takes 2d6 radiant damage.\nA cleric or paladin may create holy water by performing a special ritual.\nThe ritual takes 1 hour to perform, uses 25 gp worth of powdered silver, and requires the caster to expend a 1st-level spell slot.',NULL,NULL,NULL,NULL,NULL,NULL,NULL,0,NULL,0,NULL),(108,'horn','Horn','TOOLS','Tools',2,300,'Several of the most common types of musical instruments are shown on the table as examples. If you have proficiency with a given musical instrument, you can add your proficiency bonus to any ability checks you make to play music with the instrument. A bard can use a musical instrument as a spellcasting focus. Each type of musical instrument requires a separate proficiency.',NULL,NULL,NULL,NULL,NULL,NULL,NULL,0,NULL,0,NULL),(109,'horse-draft','Horse, draft','MOUNTS_AND_VEHICLES','Mounts and Vehicles',0,5000,NULL,NULL,NULL,NULL,NULL,NULL,NULL,NULL,0,NULL,0,NULL),(110,'horse-riding','Horse, riding','MOUNTS_AND_VEHICLES','Mounts and Vehicles',0,7500,NULL,NULL,NULL,NULL,NULL,NULL,NULL,NULL,0,NULL,0,NULL),(111,'hourglass','Hourglass','ADVENTURING_GEAR','Adventuring Gear',1,2500,NULL,NULL,NULL,NULL,NULL,NULL,NULL,NULL,0,NULL,0,NULL),(112,'hunting-trap','Hunting trap','ADVENTURING_GEAR','Adventuring Gear',25,500,'When you use your action to set it, this trap forms a saw-toothed steel ring that snaps shut when a creature steps on a pressure plate in the center. The trap is affixed by a heavy chain to an immobile object, such as a tree or a spike driven into the ground.\nA creature that steps on the plate must succeed on a DC 13 Dexterity saving throw or take 1d4 piercing damage and stop moving. Thereafter, until the creature breaks free of the trap, its movement is limited by the length of the chain (typically 3 feet long).\nA creature can use its action to make a DC 13 Strength check, freeing itself or another creature within its reach on a success. Each failed check deals 1 piercing damage to the trapped creature.',NULL,NULL,NULL,NULL,NULL,NULL,NULL,0,NULL,0,NULL),(113,'ink-1-ounce-bottle','Ink (1 ounce bottle)','ADVENTURING_GEAR','Adventuring Gear',0,1000,NULL,NULL,NULL,NULL,NULL,NULL,NULL,NULL,0,NULL,0,NULL),(114,'ink-pen','Ink pen','ADVENTURING_GEAR','Adventuring Gear',0,2,NULL,NULL,NULL,NULL,NULL,NULL,NULL,NULL,0,NULL,0,NULL),(115,'javelin','Javelin','WEAPON','Weapon',2,50,NULL,'1d6','Piercing','Melee',NULL,NULL,NULL,NULL,0,NULL,0,NULL),(116,'jewelers-tools','Jeweler\'s Tools','TOOLS','Tools',2,2500,'These special tools include the items needed to pursue a craft or trade. The table shows examples of the most common types of tools, each providing items related to a single craft. Proficiency with a set of artisan\'s tools lets you add your proficiency bonus to any ability checks you make using the tools in your craft. Each type of artisan\'s tools requires a separate proficiency.',NULL,NULL,NULL,NULL,NULL,NULL,NULL,0,NULL,0,NULL),(117,'jug-or-pitcher','Jug or pitcher','ADVENTURING_GEAR','Adventuring Gear',4,2,NULL,NULL,NULL,NULL,NULL,NULL,NULL,NULL,0,NULL,0,NULL),(118,'keelboat','Keelboat','MOUNTS_AND_VEHICLES','Mounts and Vehicles',0,300000,'Keelboats and rowboats are used on lakes and rivers. If going downstream, add the speed of the current (typically 3 miles per hour) to the speed of the vehicle. These vehicles can\'t be rowed against any significant current, but they can be pulled upstream by draft animals on the shores. A rowboat weighs 100 pounds, in case adventurers carry it over land.',NULL,NULL,NULL,NULL,NULL,NULL,NULL,0,NULL,0,NULL),(119,'ladder-10-foot','Ladder (10-foot)','ADVENTURING_GEAR','Adventuring Gear',25,10,NULL,NULL,NULL,NULL,NULL,NULL,NULL,NULL,0,NULL,0,NULL),(120,'lamp','Lamp','ADVENTURING_GEAR','Adventuring Gear',1,50,'A lamp casts bright light in a 15-foot radius and dim light for an additional 30 feet. Once lit, it burns for 6 hours on a flask (1 pint) of oil.',NULL,NULL,NULL,NULL,NULL,NULL,NULL,0,NULL,0,NULL),(121,'lance','Lance','WEAPON','Weapon',6,1000,NULL,'1d12','Piercing','Melee',NULL,NULL,NULL,NULL,0,NULL,0,NULL),(122,'lantern-bullseye','Lantern, bullseye','ADVENTURING_GEAR','Adventuring Gear',2,1000,'A bullseye lantern casts bright light in a 60-foot cone and dim light for an additional 60 feet. Once lit, it burns for 6 hours on a flask (1 pint) of oil.',NULL,NULL,NULL,NULL,NULL,NULL,NULL,0,NULL,0,NULL),(123,'lantern-hooded','Lantern, hooded','ADVENTURING_GEAR','Adventuring Gear',2,500,'A hooded lantern casts bright light in a 30-foot radius and dim light for an additional 30 feet. Once lit, it burns for 6 hours on a flask (1 pint) of oil. As an action, you can lower the hood, reducing the light to dim light in a 5-foot radius.',NULL,NULL,NULL,NULL,NULL,NULL,NULL,0,NULL,0,NULL),(124,'leather-armor','Leather Armor','ARMOR','Armor',10,1000,NULL,NULL,NULL,NULL,11,'Light',NULL,0,0,NULL,0,NULL),(125,'leatherworkers-tools','Leatherworker\'s Tools','TOOLS','Tools',5,500,'These special tools include the items needed to pursue a craft or trade. The table shows examples of the most common types of tools, each providing items related to a single craft. Proficiency with a set of artisan\'s tools lets you add your proficiency bonus to any ability checks you make using the tools in your craft. Each type of artisan\'s tools requires a separate proficiency.',NULL,NULL,NULL,NULL,NULL,NULL,NULL,0,NULL,0,NULL),(126,'light-hammer','Light hammer','WEAPON','Weapon',2,200,NULL,'1d4','Bludgeoning','Melee',NULL,NULL,NULL,NULL,0,NULL,0,NULL),(127,'little-bag-of-sand','Little bag of sand','ADVENTURING_GEAR','Adventuring Gear',0,0,'A small bag of sand, typically found in a scholar\'s pack.',NULL,NULL,NULL,NULL,NULL,NULL,NULL,0,NULL,0,NULL),(128,'lock','Lock','ADVENTURING_GEAR','Adventuring Gear',1,1000,'A key is provided with the lock. Without the key, a creature proficient with thieves\' tools can pick this lock with a successful DC 15 Dexterity check. Your GM may decide that better locks are available for higher prices.',NULL,NULL,NULL,NULL,NULL,NULL,NULL,0,NULL,0,NULL),(129,'longbow','Longbow','WEAPON','Weapon',2,5000,NULL,'1d8','Piercing','Ranged',NULL,NULL,NULL,NULL,0,NULL,0,NULL),(130,'longship','Longship','MOUNTS_AND_VEHICLES','Mounts and Vehicles',0,1000000,NULL,NULL,NULL,NULL,NULL,NULL,NULL,NULL,0,NULL,0,NULL),(131,'longsword','Longsword','WEAPON','Weapon',3,1500,NULL,'1d8','Slashing','Melee',NULL,NULL,NULL,NULL,0,NULL,0,NULL),(132,'lute','Lute','TOOLS','Tools',2,3500,'Several of the most common types of musical instruments are shown on the table as examples. If you have proficiency with a given musical instrument, you can add your proficiency bonus to any ability checks you make to play music with the instrument. A bard can use a musical instrument as a spellcasting focus. Each type of musical instrument requires a separate proficiency.',NULL,NULL,NULL,NULL,NULL,NULL,NULL,0,NULL,0,NULL),(133,'lyre','Lyre','TOOLS','Tools',2,3000,'Several of the most common types of musical instruments are shown on the table as examples. If you have proficiency with a given musical instrument, you can add your proficiency bonus to any ability checks you make to play music with the instrument. A bard can use a musical instrument as a spellcasting focus. Each type of musical instrument requires a separate proficiency.',NULL,NULL,NULL,NULL,NULL,NULL,NULL,0,NULL,0,NULL),(134,'mace','Mace','WEAPON','Weapon',4,500,NULL,'1d6','Bludgeoning','Melee',NULL,NULL,NULL,NULL,0,NULL,0,NULL),(135,'magnifying-glass','Magnifying glass','ADVENTURING_GEAR','Adventuring Gear',0,10000,'This lens allows a closer look at small objects. It is also useful as a substitute for flint and steel when starting fires. Lighting a fire with a magnifying glass requires light as bright as sunlight to focus, tinder to ignite, and about 5 minutes for the fire to ignite.\nA magnifying glass grants advantage on any ability check made to appraise or inspect an item that is small or highly detailed.',NULL,NULL,NULL,NULL,NULL,NULL,NULL,0,NULL,0,NULL),(136,'manacles','Manacles','ADVENTURING_GEAR','Adventuring Gear',6,200,'These metal restraints can bind a Small or Medium creature. Escaping the manacles requires a successful DC 20 Dexterity check. Breaking them requires a successful DC 20 Strength check.\nEach set of manacles comes with one key. Without the key, a creature proficient with thieves\' tools can pick the manacles\' lock with a successful DC 15 Dexterity check. Manacles have 15 hit points.',NULL,NULL,NULL,NULL,NULL,NULL,NULL,0,NULL,0,NULL),(137,'masons-tools','Mason\'s Tools','TOOLS','Tools',8,1000,'These special tools include the items needed to pursue a craft or trade. The table shows examples of the most common types of tools, each providing items related to a single craft. Proficiency with a set of artisan\'s tools lets you add your proficiency bonus to any ability checks you make using the tools in your craft. Each type of artisan\'s tools requires a separate proficiency.',NULL,NULL,NULL,NULL,NULL,NULL,NULL,0,NULL,0,NULL),(138,'mastiff','Mastiff','MOUNTS_AND_VEHICLES','Mounts and Vehicles',0,2500,NULL,NULL,NULL,NULL,NULL,NULL,NULL,NULL,0,NULL,0,NULL),(139,'maul','Maul','WEAPON','Weapon',10,1000,NULL,'2d6','Bludgeoning','Melee',NULL,NULL,NULL,NULL,0,NULL,0,NULL),(140,'mess-kit','Mess Kit','ADVENTURING_GEAR','Adventuring Gear',1,20,'This tin box contains a cup and simple cutlery. The box clamps together, and one side can be used as a cooking pan and the other as a plate or shallow bowl.',NULL,NULL,NULL,NULL,NULL,NULL,NULL,0,NULL,0,NULL),(141,'mirror-steel','Mirror, steel','ADVENTURING_GEAR','Adventuring Gear',0.5,500,NULL,NULL,NULL,NULL,NULL,NULL,NULL,NULL,0,NULL,0,NULL),(142,'morningstar','Morningstar','WEAPON','Weapon',4,1500,NULL,'1d8','Piercing','Melee',NULL,NULL,NULL,NULL,0,NULL,0,NULL),(143,'mule','Mule','MOUNTS_AND_VEHICLES','Mounts and Vehicles',0,800,NULL,NULL,NULL,NULL,NULL,NULL,NULL,NULL,0,NULL,0,NULL),(144,'navigators-tools','Navigator\'s Tools','TOOLS','Tools',2,2500,'This set of instruments is used for navigation at sea. Proficiency with navigator\'s tools lets you chart a ship\'s course and follow navigation charts. In addition, these tools allow you to add your proficiency bonus to any ability check you make to avoid getting lost at sea.',NULL,NULL,NULL,NULL,NULL,NULL,NULL,0,NULL,0,NULL),(145,'net','Net','WEAPON','Weapon',3,100,NULL,NULL,NULL,'Ranged',NULL,NULL,NULL,NULL,0,NULL,0,NULL),(146,'oil-flask','Oil (flask)','ADVENTURING_GEAR','Adventuring Gear',1,10,'Oil usually comes in a clay flask that holds 1 pint.\nAs an action, you can splash the oil in this flask onto a creature within 5 feet of you or throw it up to 20 feet, shattering it on impact. Make a ranged attack against a target creature or object, treating the oil as an improvised weapon.\nOn a hit, the target is covered in oil. If the target takes any fire damage before the oil dries (after 1 minute), the target takes an additional 5 fire damage from the burning oil.\nYou can also pour a flask of oil on the ground to cover a 5-foot-square area, provided that the surface is level.\nIf lit, the oil burns for 2 rounds and deals 5 fire damage to any creature that enters the area or ends its turn in the area. A creature can take this damage only once per turn.',NULL,NULL,NULL,NULL,NULL,NULL,NULL,0,NULL,0,NULL),(147,'orb','Orb','ADVENTURING_GEAR','Adventuring Gear',3,2000,'An arcane focus is a special item--an orb, a crystal, a rod, a specially constructed staff, a wand-like length of wood, or some similar item--designed to channel the power of arcane spells. A sorcerer, warlock, or wizard can use such an item as a spellcasting focus.',NULL,NULL,NULL,NULL,NULL,NULL,NULL,0,NULL,0,NULL),(148,'padded-armor','Padded Armor','ARMOR','Armor',8,500,NULL,NULL,NULL,NULL,11,'Light',NULL,0,1,NULL,0,NULL),(149,'painters-supplies','Painter\'s Supplies','TOOLS','Tools',5,1000,'These special tools include the items needed to pursue a craft or trade. The table shows examples of the most common types of tools, each providing items related to a single craft. Proficiency with a set of artisan\'s tools lets you add your proficiency bonus to any ability checks you make using the tools in your craft. Each type of artisan\'s tools requires a separate proficiency.',NULL,NULL,NULL,NULL,NULL,NULL,NULL,0,NULL,0,NULL),(150,'pan-flute','Pan flute','TOOLS','Tools',2,1200,'Several of the most common types of musical instruments are shown on the table as examples. If you have proficiency with a given musical instrument, you can add your proficiency bonus to any ability checks you make to play music with the instrument. A bard can use a musical instrument as a spellcasting focus. Each type of musical instrument requires a separate proficiency.',NULL,NULL,NULL,NULL,NULL,NULL,NULL,0,NULL,0,NULL),(151,'paper-one-sheet','Paper (one sheet)','ADVENTURING_GEAR','Adventuring Gear',0,20,NULL,NULL,NULL,NULL,NULL,NULL,NULL,NULL,0,NULL,0,NULL),(152,'parchment-one-sheet','Parchment (one sheet)','ADVENTURING_GEAR','Adventuring Gear',0,10,NULL,NULL,NULL,NULL,NULL,NULL,NULL,NULL,0,NULL,0,NULL),(153,'perfume-vial','Perfume (vial)','ADVENTURING_GEAR','Adventuring Gear',0,500,NULL,NULL,NULL,NULL,NULL,NULL,NULL,NULL,0,NULL,0,NULL),(154,'pick-miners','Pick, miner\'s','ADVENTURING_GEAR','Adventuring Gear',10,200,NULL,NULL,NULL,NULL,NULL,NULL,NULL,NULL,0,NULL,0,NULL),(155,'pike','Pike','WEAPON','Weapon',18,500,NULL,'1d10','Piercing','Melee',NULL,NULL,NULL,NULL,0,NULL,0,NULL),(156,'piton','Piton','ADVENTURING_GEAR','Adventuring Gear',0.25,5,NULL,NULL,NULL,NULL,NULL,NULL,NULL,NULL,0,NULL,0,NULL),(157,'plate-armor','Plate Armor','ARMOR','Armor',65,150000,NULL,NULL,NULL,NULL,18,'Heavy',NULL,15,1,NULL,0,NULL),(158,'playing-card-set','Playing Card Set','TOOLS','Tools',0,50,'This item encompasses a wide range of game pieces, including dice and decks of cards (for games such as Three-Dragon Ante). A few common examples appear on the Tools table, but other kinds of gaming sets exist. If you are proficient with a gaming set, you can add your proficiency bonus to ability checks you make to play a game with that set. Each type of gaming set requires a separate proficiency.',NULL,NULL,NULL,NULL,NULL,NULL,NULL,0,NULL,0,NULL),(159,'poison-basic-vial','Poison, basic (vial)','ADVENTURING_GEAR','Adventuring Gear',0,10000,'You can use the poison in this vial to coat one slashing or piercing weapon or up to three pieces of ammunition. Applying the poison takes an action. A creature hit by the poisoned weapon or ammunition must make a DC 10 Constitution saving throw or take 1d4 poison damage. Once applied, the poison retains potency for 1 minute before drying.',NULL,NULL,NULL,NULL,NULL,NULL,NULL,0,NULL,0,NULL),(160,'poisoners-kit','Poisoner\'s Kit','ADVENTURING_GEAR','Adventuring Gear',2,5000,'A poisoner\'s kit includes the vials, chemicals, and other equipment necessary for the creation of poisons. Proficiency with this kit lets you add your proficiency bonus to any ability checks you make to craft or use poisons.',NULL,NULL,NULL,NULL,NULL,NULL,NULL,0,NULL,0,NULL),(161,'pole-10-foot','Pole (10-foot)','ADVENTURING_GEAR','Adventuring Gear',7,5,NULL,NULL,NULL,NULL,NULL,NULL,NULL,NULL,0,NULL,0,NULL),(162,'pony','Pony','MOUNTS_AND_VEHICLES','Mounts and Vehicles',0,3000,NULL,NULL,NULL,NULL,NULL,NULL,NULL,NULL,0,NULL,0,NULL),(163,'pot-iron','Pot, iron','ADVENTURING_GEAR','Adventuring Gear',10,200,NULL,NULL,NULL,NULL,NULL,NULL,NULL,NULL,0,NULL,0,NULL),(164,'potters-tools','Potter\'s Tools','TOOLS','Tools',3,1000,'These special tools include the items needed to pursue a craft or trade. The table shows examples of the most common types of tools, each providing items related to a single craft. Proficiency with a set of artisan\'s tools lets you add your proficiency bonus to any ability checks you make using the tools in your craft. Each type of artisan\'s tools requires a separate proficiency.',NULL,NULL,NULL,NULL,NULL,NULL,NULL,0,NULL,0,NULL),(165,'pouch','Pouch','ADVENTURING_GEAR','Adventuring Gear',1,50,'A cloth or leather pouch can hold up to 20 sling bullets or 50 blowgun needles, among other things. A compartmentalized pouch for holding spell components is called a component pouch (described earlier in this section).',NULL,NULL,NULL,NULL,NULL,NULL,NULL,0,NULL,0,NULL),(166,'priests-pack','Priest\'s Pack','ADVENTURING_GEAR','Adventuring Gear',0,1900,NULL,NULL,NULL,NULL,NULL,NULL,NULL,NULL,0,NULL,0,NULL),(167,'quarterstaff','Quarterstaff','WEAPON','Weapon',4,20,NULL,'1d6','Bludgeoning','Melee',NULL,NULL,NULL,NULL,0,NULL,0,NULL),(168,'quiver','Quiver','ADVENTURING_GEAR','Adventuring Gear',1,100,'A quiver can hold up to 20 arrows.',NULL,NULL,NULL,NULL,NULL,NULL,NULL,0,NULL,0,NULL),(169,'ram-portable','Ram, portable','ADVENTURING_GEAR','Adventuring Gear',35,400,'You can use a portable ram to break down doors. When doing so, you gain a +4 bonus on the Strength check. One other character can help you use the ram, giving you advantage on this check.',NULL,NULL,NULL,NULL,NULL,NULL,NULL,0,NULL,0,NULL),(170,'rapier','Rapier','WEAPON','Weapon',2,2500,NULL,'1d8','Piercing','Melee',NULL,NULL,NULL,NULL,0,NULL,0,NULL),(171,'rations-1-day','Rations (1 day)','ADVENTURING_GEAR','Adventuring Gear',2,50,'Rations consist of dry foods suitable for extended travel, including jerky, dried fruit, hardtack, and nuts.',NULL,NULL,NULL,NULL,NULL,NULL,NULL,0,NULL,0,NULL),(172,'reliquary','Reliquary','ADVENTURING_GEAR','Adventuring Gear',2,500,'A holy symbol is a representation of a god or pantheon. It might be an amulet depicting a symbol representing a deity, the same symbol carefully engraved or inlaid as an emblem on a shield, or a tiny box holding a fragment of a sacred relic.\nAppendix B lists the symbols commonly associated with many gods in the multiverse. A cleric or paladin can use a holy symbol as a spellcasting focus. To use the symbol in this way, the caster must hold it in hand, wear it visibly, or bear it on a shield.',NULL,NULL,NULL,NULL,NULL,NULL,NULL,0,NULL,0,NULL),(173,'ring-mail','Ring Mail','ARMOR','Armor',40,3000,NULL,NULL,NULL,NULL,14,'Heavy',NULL,0,1,NULL,0,NULL),(174,'robes','Robes','ADVENTURING_GEAR','Adventuring Gear',4,100,NULL,NULL,NULL,NULL,NULL,NULL,NULL,NULL,0,NULL,0,NULL),(175,'rod','Rod','ADVENTURING_GEAR','Adventuring Gear',2,1000,'An arcane focus is a special item--an orb, a crystal, a rod, a specially constructed staff, a wand-like length of wood, or some similar item--designed to channel the power of arcane spells. A sorcerer, warlock, or wizard can use such an item as a spellcasting focus.',NULL,NULL,NULL,NULL,NULL,NULL,NULL,0,NULL,0,NULL),(176,'rope-hempen-50-feet','Rope, hempen (50 feet)','ADVENTURING_GEAR','Adventuring Gear',10,100,'Rope, whether made of hemp or silk, has 2 hit points and can be burst with a DC 17 Strength check.',NULL,NULL,NULL,NULL,NULL,NULL,NULL,0,NULL,0,NULL),(177,'rope-silk-50-feet','Rope, silk (50 feet)','ADVENTURING_GEAR','Adventuring Gear',5,1000,'Rope, whether made of hemp or silk, has 2 hit points and can be burst with a DC 17 Strength check.',NULL,NULL,NULL,NULL,NULL,NULL,NULL,0,NULL,0,NULL),(178,'rowboat','Rowboat','MOUNTS_AND_VEHICLES','Mounts and Vehicles',0,5000,'Keelboats and rowboats are used on lakes and rivers. If going downstream, add the speed of the current (typically 3 miles per hour) to the speed of the vehicle. These vehicles can\'t be rowed against any significant current, but they can be pulled upstream by draft animals on the shores. A rowboat weighs 100 pounds, in case adventurers carry it over land.',NULL,NULL,NULL,NULL,NULL,NULL,NULL,0,NULL,0,NULL),(179,'sack','Sack','ADVENTURING_GEAR','Adventuring Gear',0.5,1,NULL,NULL,NULL,NULL,NULL,NULL,NULL,NULL,0,NULL,0,NULL),(180,'saddle-exotic','Saddle, Exotic','MOUNTS_AND_VEHICLES','Mounts and Vehicles',50,6000,'An exotic saddle is required for riding any aquatic or flying mount.',NULL,NULL,NULL,NULL,NULL,NULL,NULL,0,NULL,0,NULL),(181,'saddle-military','Saddle, Military','MOUNTS_AND_VEHICLES','Mounts and Vehicles',30,2000,'A military saddle braces the rider, helping you keep your seat on an active mount in battle. It gives you advantage on any check you make to remain mounted.',NULL,NULL,NULL,NULL,NULL,NULL,NULL,0,NULL,0,NULL),(182,'saddle-pack','Saddle, Pack','MOUNTS_AND_VEHICLES','Mounts and Vehicles',15,500,NULL,NULL,NULL,NULL,NULL,NULL,NULL,NULL,0,NULL,0,NULL),(183,'saddle-riding','Saddle, Riding','MOUNTS_AND_VEHICLES','Mounts and Vehicles',25,1000,NULL,NULL,NULL,NULL,NULL,NULL,NULL,NULL,0,NULL,0,NULL),(184,'saddlebags','Saddlebags','MOUNTS_AND_VEHICLES','Mounts and Vehicles',8,400,NULL,NULL,NULL,NULL,NULL,NULL,NULL,NULL,0,NULL,0,NULL),(185,'sailing-ship','Sailing ship','MOUNTS_AND_VEHICLES','Mounts and Vehicles',0,1000000,NULL,NULL,NULL,NULL,NULL,NULL,NULL,NULL,0,NULL,0,NULL),(186,'scale-mail','Scale Mail','ARMOR','Armor',45,5000,NULL,NULL,NULL,NULL,14,'Medium',NULL,0,1,NULL,0,NULL),(187,'scale-merchants','Scale, merchant\'s','ADVENTURING_GEAR','Adventuring Gear',3,500,'A scale includes a small balance, pans, and a suitable assortment of weights up to 2 pounds. With it, you can measure the exact weight of small objects, such as raw precious metals or trade goods, to help determine their worth.',NULL,NULL,NULL,NULL,NULL,NULL,NULL,0,NULL,0,NULL),(188,'scholars-pack','Scholar\'s Pack','ADVENTURING_GEAR','Adventuring Gear',0,4000,NULL,NULL,NULL,NULL,NULL,NULL,NULL,NULL,0,NULL,0,NULL),(189,'scimitar','Scimitar','WEAPON','Weapon',3,2500,NULL,'1d6','Slashing','Melee',NULL,NULL,NULL,NULL,0,NULL,0,NULL),(190,'sealing-wax','Sealing wax','ADVENTURING_GEAR','Adventuring Gear',0,50,NULL,NULL,NULL,NULL,NULL,NULL,NULL,NULL,0,NULL,0,NULL),(191,'shawm','Shawm','TOOLS','Tools',1,200,'Several of the most common types of musical instruments are shown on the table as examples. If you have proficiency with a given musical instrument, you can add your proficiency bonus to any ability checks you make to play music with the instrument. A bard can use a musical instrument as a spellcasting focus. Each type of musical instrument requires a separate proficiency.',NULL,NULL,NULL,NULL,NULL,NULL,NULL,0,NULL,0,NULL),(192,'shield','Shield','ARMOR','Armor',6,1000,NULL,NULL,NULL,NULL,2,'Shield',NULL,0,0,NULL,0,NULL),(193,'shortbow','Shortbow','WEAPON','Weapon',2,2500,NULL,'1d6','Piercing','Ranged',NULL,NULL,NULL,NULL,0,NULL,0,NULL),(194,'shortsword','Shortsword','WEAPON','Weapon',2,1000,NULL,'1d6','Piercing','Melee',NULL,NULL,NULL,NULL,0,NULL,0,NULL),(195,'shovel','Shovel','ADVENTURING_GEAR','Adventuring Gear',5,200,NULL,NULL,NULL,NULL,NULL,NULL,NULL,NULL,0,NULL,0,NULL),(196,'sickle','Sickle','WEAPON','Weapon',2,100,NULL,'1d4','Slashing','Melee',NULL,NULL,NULL,NULL,0,NULL,0,NULL),(197,'signal-whistle','Signal whistle','ADVENTURING_GEAR','Adventuring Gear',0,5,NULL,NULL,NULL,NULL,NULL,NULL,NULL,NULL,0,NULL,0,NULL),(198,'signet-ring','Signet ring','ADVENTURING_GEAR','Adventuring Gear',0,500,NULL,NULL,NULL,NULL,NULL,NULL,NULL,NULL,0,NULL,0,NULL),(199,'sled','Sled','MOUNTS_AND_VEHICLES','Mounts and Vehicles',300,2000,NULL,NULL,NULL,NULL,NULL,NULL,NULL,NULL,0,NULL,0,NULL),(200,'sling','Sling','WEAPON','Weapon',0,10,NULL,'1d4','Bludgeoning','Ranged',NULL,NULL,NULL,NULL,0,NULL,0,NULL),(201,'sling-bullet','Sling bullet','ADVENTURING_GEAR','Adventuring Gear',1.5,4,NULL,NULL,NULL,NULL,NULL,NULL,NULL,NULL,0,NULL,0,NULL),(202,'small-knife','Small knife','ADVENTURING_GEAR','Adventuring Gear',0,0,'A small knife, typically found in a scholar\'s pack.',NULL,NULL,NULL,NULL,NULL,NULL,NULL,0,NULL,0,NULL),(203,'smiths-tools','Smith\'s Tools','TOOLS','Tools',8,2000,'These special tools include the items needed to pursue a craft or trade. The table shows examples of the most common types of tools, each providing items related to a single craft. Proficiency with a set of artisan\'s tools lets you add your proficiency bonus to any ability checks you make using the tools in your craft. Each type of artisan\'s tools requires a separate proficiency.',NULL,NULL,NULL,NULL,NULL,NULL,NULL,0,NULL,0,NULL),(204,'soap','Soap','ADVENTURING_GEAR','Adventuring Gear',0,2,NULL,NULL,NULL,NULL,NULL,NULL,NULL,NULL,0,NULL,0,NULL),(205,'spear','Spear','WEAPON','Weapon',3,100,NULL,'1d6','Piercing','Melee',NULL,NULL,NULL,NULL,0,NULL,0,NULL),(206,'spellbook','Spellbook','ADVENTURING_GEAR','Adventuring Gear',3,5000,'Essential for wizards, a spellbook is a leather-bound tome with 100 blank vellum pages suitable for recording spells.',NULL,NULL,NULL,NULL,NULL,NULL,NULL,0,NULL,0,NULL),(207,'spike-iron','Spike, iron','ADVENTURING_GEAR','Adventuring Gear',5,10,NULL,NULL,NULL,NULL,NULL,NULL,NULL,NULL,0,NULL,0,NULL),(208,'splint-armor','Splint Armor','ARMOR','Armor',60,20000,NULL,NULL,NULL,NULL,17,'Heavy',NULL,15,1,NULL,0,NULL),(209,'sprig-of-mistletoe','Sprig of mistletoe','ADVENTURING_GEAR','Adventuring Gear',0,100,'A druidic focus might be a sprig of mistletoe or holly, a wand or scepter made of yew or another special wood, a staff drawn whole out of a living tree, or a totem object incorporating feathers, fur, bones, and teeth from sacred animals. A druid can use such an object as a spellcasting focus.',NULL,NULL,NULL,NULL,NULL,NULL,NULL,0,NULL,0,NULL),(210,'spyglass','Spyglass','ADVENTURING_GEAR','Adventuring Gear',1,100000,'Objects viewed through a spyglass are magnified to twice their size.',NULL,NULL,NULL,NULL,NULL,NULL,NULL,0,NULL,0,NULL),(211,'stabling-1-day','Stabling (1 day)','MOUNTS_AND_VEHICLES','Mounts and Vehicles',0,50,NULL,NULL,NULL,NULL,NULL,NULL,NULL,NULL,0,NULL,0,NULL),(212,'staff','Staff','ADVENTURING_GEAR','Adventuring Gear',4,500,'An arcane focus is a special item--an orb, a crystal, a rod, a specially constructed staff, a wand-like length of wood, or some similar item--designed to channel the power of arcane spells. A sorcerer, warlock, or wizard can use such an item as a spellcasting focus.',NULL,NULL,NULL,NULL,NULL,NULL,NULL,0,NULL,0,NULL),(213,'string-10-feet','String (10 feet)','ADVENTURING_GEAR','Adventuring Gear',0,0,'A 10-foot length of string, typically found in a burglar\'s pack.',NULL,NULL,NULL,NULL,NULL,NULL,NULL,0,NULL,0,NULL),(214,'studded-leather-armor','Studded Leather Armor','ARMOR','Armor',13,4500,NULL,NULL,NULL,NULL,12,'Light',NULL,0,0,NULL,0,NULL),(215,'tent-two-person','Tent, two-person','ADVENTURING_GEAR','Adventuring Gear',20,200,'A simple and portable canvas shelter, a tent sleeps two.',NULL,NULL,NULL,NULL,NULL,NULL,NULL,0,NULL,0,NULL),(216,'thieves-tools','Thieves\' Tools','TOOLS','Tools',1,2500,'This set of tools includes a small file, a set of lock picks, a small mirror mounted on a metal handle, a set of narrow-bladed scissors, and a pair of pliers. Proficiency with these tools lets you add your proficiency bonus to any ability checks you make to disarm traps or open locks.',NULL,NULL,NULL,NULL,NULL,NULL,NULL,0,NULL,0,NULL),(217,'tinderbox','Tinderbox','ADVENTURING_GEAR','Adventuring Gear',1,50,'This small container holds flint, fire steel, and tinder (usually dry cloth soaked in light oil) used to kindle a fire. Using it to light a torch--or anything else with abundant, exposed fuel--takes an action.\nLighting any other fire takes 1 minute.',NULL,NULL,NULL,NULL,NULL,NULL,NULL,0,NULL,0,NULL),(218,'tinkers-tools','Tinker\'s Tools','TOOLS','Tools',10,5000,'These special tools include the items needed to pursue a craft or trade. The table shows examples of the most common types of tools, each providing items related to a single craft. Proficiency with a set of artisan\'s tools lets you add your proficiency bonus to any ability checks you make using the tools in your craft. Each type of artisan\'s tools requires a separate proficiency.',NULL,NULL,NULL,NULL,NULL,NULL,NULL,0,NULL,0,NULL),(219,'torch','Torch','ADVENTURING_GEAR','Adventuring Gear',1,1,'A torch burns for 1 hour, providing bright light in a 20-foot radius and dim light for an additional 20 feet. If you make a melee attack with a burning torch and hit, it deals 1 fire damage.',NULL,NULL,NULL,NULL,NULL,NULL,NULL,0,NULL,0,NULL),(220,'totem','Totem','ADVENTURING_GEAR','Adventuring Gear',0,100,'A druidic focus might be a sprig of mistletoe or holly, a wand or scepter made of yew or another special wood, a staff drawn whole out of a living tree, or a totem object incorporating feathers, fur, bones, and teeth from sacred animals. A druid can use such an object as a spellcasting focus.',NULL,NULL,NULL,NULL,NULL,NULL,NULL,0,NULL,0,NULL),(221,'trident','Trident','WEAPON','Weapon',4,500,NULL,'1d6','Piercing','Melee',NULL,NULL,NULL,NULL,0,NULL,0,NULL),(222,'vestments','Vestments','ADVENTURING_GEAR','Adventuring Gear',0,0,'Religious clothing, typically found in a priest\'s pack.',NULL,NULL,NULL,NULL,NULL,NULL,NULL,0,NULL,0,NULL),(223,'vial','Vial','ADVENTURING_GEAR','Adventuring Gear',0,100,NULL,NULL,NULL,NULL,NULL,NULL,NULL,NULL,0,NULL,0,NULL),(224,'viol','Viol','TOOLS','Tools',1,3000,'Several of the most common types of musical instruments are shown on the table as examples. If you have proficiency with a given musical instrument, you can add your proficiency bonus to any ability checks you make to play music with the instrument. A bard can use a musical instrument as a spellcasting focus. Each type of musical instrument requires a separate proficiency.',NULL,NULL,NULL,NULL,NULL,NULL,NULL,0,NULL,0,NULL),(225,'wagon','Wagon','MOUNTS_AND_VEHICLES','Mounts and Vehicles',400,3500,NULL,NULL,NULL,NULL,NULL,NULL,NULL,NULL,0,NULL,0,NULL),(226,'wand','Wand','ADVENTURING_GEAR','Adventuring Gear',1,1000,'An arcane focus is a special item--an orb, a crystal, a rod, a specially constructed staff, a wand-like length of wood, or some similar item--designed to channel the power of arcane spells. A sorcerer, warlock, or wizard can use such an item as a spellcasting focus.',NULL,NULL,NULL,NULL,NULL,NULL,NULL,0,NULL,0,NULL),(227,'war-pick','War pick','WEAPON','Weapon',2,500,NULL,'1d8','Piercing','Melee',NULL,NULL,NULL,NULL,0,NULL,0,NULL),(228,'warhammer','Warhammer','WEAPON','Weapon',2,1500,NULL,'1d8','Bludgeoning','Melee',NULL,NULL,NULL,NULL,0,NULL,0,NULL),(229,'warhorse','Warhorse','MOUNTS_AND_VEHICLES','Mounts and Vehicles',0,40000,NULL,NULL,NULL,NULL,NULL,NULL,NULL,NULL,0,NULL,0,NULL),(230,'warship','Warship','MOUNTS_AND_VEHICLES','Mounts and Vehicles',0,2500000,NULL,NULL,NULL,NULL,NULL,NULL,NULL,NULL,0,NULL,0,NULL),(231,'waterskin','Waterskin','ADVENTURING_GEAR','Adventuring Gear',5,20,NULL,NULL,NULL,NULL,NULL,NULL,NULL,NULL,0,NULL,0,NULL),(232,'weavers-tools','Weaver\'s Tools','TOOLS','Tools',5,100,'These special tools include the items needed to pursue a craft or trade. The table shows examples of the most common types of tools, each providing items related to a single craft. Proficiency with a set of artisan\'s tools lets you add your proficiency bonus to any ability checks you make using the tools in your craft. Each type of artisan\'s tools requires a separate proficiency.',NULL,NULL,NULL,NULL,NULL,NULL,NULL,0,NULL,0,NULL),(233,'whetstone','Whetstone','ADVENTURING_GEAR','Adventuring Gear',1,1,NULL,NULL,NULL,NULL,NULL,NULL,NULL,NULL,0,NULL,0,NULL),(234,'whip','Whip','WEAPON','Weapon',3,200,NULL,'1d4','Slashing','Melee',NULL,NULL,NULL,NULL,0,NULL,0,NULL),(235,'woodcarvers-tools','Woodcarver\'s Tools','TOOLS','Tools',5,100,'These special tools include the items needed to pursue a craft or trade. The table shows examples of the most common types of tools, each providing items related to a single craft. Proficiency with a set of artisan\'s tools lets you add your proficiency bonus to any ability checks you make using the tools in your craft. Each type of artisan\'s tools requires a separate proficiency.',NULL,NULL,NULL,NULL,NULL,NULL,NULL,0,NULL,0,NULL),(236,'wooden-staff','Wooden staff','ADVENTURING_GEAR','Adventuring Gear',4,500,'A druidic focus might be a sprig of mistletoe or holly, a wand or scepter made of yew or another special wood, a staff drawn whole out of a living tree, or a totem object incorporating feathers, fur, bones, and teeth from sacred animals. A druid can use such an object as a spellcasting focus.',NULL,NULL,NULL,NULL,NULL,NULL,NULL,0,NULL,0,NULL),(237,'yew-wand','Yew wand','ADVENTURING_GEAR','Adventuring Gear',1,1000,'A druidic focus might be a sprig of mistletoe or holly, a wand or scepter made of yew or another special wood, a staff drawn whole out of a living tree, or a totem object incorporating feathers, fur, bones, and teeth from sacred animals. A druid can use such an object as a spellcasting focus.',NULL,NULL,NULL,NULL,NULL,NULL,NULL,0,NULL,0,NULL);
/*!40000 ALTER TABLE `items` ENABLE KEYS */;
UNLOCK TABLES;

--
-- Table structure for table `languages`
--

DROP TABLE IF EXISTS `languages`;
/*!40101 SET @saved_cs_client     = @@character_set_client */;
/*!50503 SET character_set_client = utf8mb4 */;
CREATE TABLE `languages` (
  `id` bigint NOT NULL AUTO_INCREMENT,
  `index_name` varchar(255) COLLATE utf8mb4_unicode_ci DEFAULT NULL,
  `name` varchar(255) COLLATE utf8mb4_unicode_ci DEFAULT NULL,
  `script` varchar(255) COLLATE utf8mb4_unicode_ci DEFAULT NULL,
  `type` varchar(50) COLLATE utf8mb4_unicode_ci DEFAULT NULL,
  `description` text COLLATE utf8mb4_unicode_ci,
  `typical_speakers` text COLLATE utf8mb4_unicode_ci,
  PRIMARY KEY (`id`),
  UNIQUE KEY `index_name` (`index_name`),
  KEY `idx_languages_name` (`name`)
) ENGINE=InnoDB AUTO_INCREMENT=17 DEFAULT CHARSET=utf8mb4 COLLATE=utf8mb4_unicode_ci;
/*!40101 SET character_set_client = @saved_cs_client */;

--
-- Dumping data for table `languages`
--

LOCK TABLES `languages` WRITE;
/*!40000 ALTER TABLE `languages` DISABLE KEYS */;
INSERT INTO `languages` VALUES (1,'abyssal','Abyssal','Infernal','Exotic',NULL,'Demons'),(2,'celestial','Celestial','Celestial','Exotic',NULL,'Celestials'),(3,'common','Common','Common','Standard',NULL,'Humans'),(4,'deep-speech','Deep Speech',NULL,'Exotic',NULL,'Aboleths, Cloakers'),(5,'draconic','Draconic','Draconic','Exotic','Draconic is thought to be one of the oldest languages and is often used in the study of magic. The language sounds harsh to most other creatures and includes numerous hard consonants and sibilants.','Dragons, Dragonborn'),(6,'dwarvish','Dwarvish','Dwarvish','Standard','Dwarvish is full of hard consonants and guttural sounds.','Dwarves'),(7,'elvish','Elvish','Elvish','Standard','Elvish is fluid, with subtle intonations and intricate grammar. Elven literature is rich and varied, and their songs and poems are famous among other races. Many bards learn their language so they can add Elvish ballads to their repertoires.','Elves'),(8,'giant','Giant','Dwarvish','Standard',NULL,'Ogres, Giants'),(9,'gnomish','Gnomish','Dwarvish','Standard','The Gnomish language, which uses the Dwarvish script, is renowned for its technical treatises and its catalogs of knowledge about the natural world.','Gnomes'),(10,'goblin','Goblin','Dwarvish','Standard',NULL,'Goblinoids'),(11,'halfling','Halfling','Common','Standard','The Halfling language isn\'t secret, but halflings are loath to share it with others. They write very little, so they don\'t have a rich body of literature. Their oral tradition, however, is very strong.','Halflings'),(12,'infernal','Infernal','Infernal','Exotic',NULL,'Devils'),(13,'orc','Orc','Dwarvish','Standard','Orc is a harsh, grating language with hard consonants. It has no script of its own but is written in the Dwarvish script.','Orcs'),(14,'primordial','Primordial','Dwarvish','Exotic',NULL,'Elementals'),(15,'sylvan','Sylvan','Elvish','Exotic',NULL,'Fey creatures'),(16,'undercommon','Undercommon','Elvish','Exotic',NULL,'Underdark traders');
/*!40000 ALTER TABLE `languages` ENABLE KEYS */;
UNLOCK TABLES;

--
-- Table structure for table `level_up_task`
--

DROP TABLE IF EXISTS `level_up_task`;
/*!40101 SET @saved_cs_client     = @@character_set_client */;
/*!50503 SET character_set_client = utf8mb4 */;
CREATE TABLE `level_up_task` (
  `id` bigint NOT NULL AUTO_INCREMENT,
  `character_id` bigint NOT NULL,
  `target_level` int NOT NULL,
  `type` varchar(50) COLLATE utf8mb4_unicode_ci NOT NULL,
  `completed` tinyint(1) NOT NULL DEFAULT '0',
  `feature_type` enum('HP_INCREASE','SPELL_LEARN','SPELL_PREPARE','SPELL_SLOT_UPDATE','SUBCLASS_CHOICE','ASI_OR_FEAT','FIGHTING_STYLE','INVOCATION','METAMAGIC','CLASS_FEATURE') COLLATE utf8mb4_unicode_ci DEFAULT NULL,
  `metadata` text COLLATE utf8mb4_unicode_ci,
  PRIMARY KEY (`id`),
  KEY `idx_levelup_char` (`character_id`),
  KEY `idx_levelup_completed` (`completed`),
  CONSTRAINT `level_up_task_ibfk_1` FOREIGN KEY (`character_id`) REFERENCES `characters` (`id`) ON DELETE CASCADE
) ENGINE=InnoDB DEFAULT CHARSET=utf8mb4 COLLATE=utf8mb4_unicode_ci;
/*!40101 SET character_set_client = @saved_cs_client */;

--
-- Dumping data for table `level_up_task`
--

LOCK TABLES `level_up_task` WRITE;
/*!40000 ALTER TABLE `level_up_task` DISABLE KEYS */;
/*!40000 ALTER TABLE `level_up_task` ENABLE KEYS */;
UNLOCK TABLES;

--
-- Table structure for table `pending_tasks`
--

DROP TABLE IF EXISTS `pending_tasks`;
/*!40101 SET @saved_cs_client     = @@character_set_client */;
/*!50503 SET character_set_client = utf8mb4 */;
CREATE TABLE `pending_tasks` (
  `id` bigint NOT NULL AUTO_INCREMENT,
  `character_id` bigint NOT NULL,
  `task_type` varchar(100) COLLATE utf8mb4_unicode_ci DEFAULT NULL,
  `related_level` int NOT NULL,
  `description` text COLLATE utf8mb4_unicode_ci,
  `completed` tinyint(1) NOT NULL DEFAULT '0',
  `metadata` text COLLATE utf8mb4_unicode_ci,
  PRIMARY KEY (`id`),
  KEY `idx_pending_tasks_character` (`character_id`),
  KEY `idx_pending_tasks_completed` (`completed`),
  CONSTRAINT `pending_tasks_ibfk_1` FOREIGN KEY (`character_id`) REFERENCES `characters` (`id`) ON DELETE CASCADE
) ENGINE=InnoDB AUTO_INCREMENT=17 DEFAULT CHARSET=utf8mb4 COLLATE=utf8mb4_unicode_ci;
/*!40101 SET character_set_client = @saved_cs_client */;

--
-- Dumping data for table `pending_tasks`
--

LOCK TABLES `pending_tasks` WRITE;
/*!40000 ALTER TABLE `pending_tasks` DISABLE KEYS */;
INSERT INTO `pending_tasks` VALUES (1,47,'FIGHTING_STYLE',2,'Choose a fighting style',0,NULL),(2,47,'LEARN_SPELLS',2,'Learn new spell(s)',0,'{\"count\": 2}'),(3,47,'CHOOSE_SUBCLASS',3,'Choose your Ranger subclass/archetype',0,NULL),(4,47,'LEARN_SPELLS',3,'Learn new spell(s)',0,'{\"count\": 1}'),(5,48,'FIGHTING_STYLE',1,'Choose a fighting style',0,NULL),(6,49,'FIGHTING_STYLE',2,'Choose a fighting style',0,NULL),(7,49,'LEARN_SPELLS',2,'Learn new spell(s)',0,'{\"count\": 2}'),(8,49,'CHOOSE_SUBCLASS',3,'Choose your Ranger subclass/archetype',0,NULL),(9,49,'LEARN_SPELLS',3,'Learn new spell(s)',0,'{\"count\": 1}'),(16,52,'ASI_OR_FEAT',4,'Choose between increasing ability scores (+2 to one or +1 to two) or taking a feat',1,'{\"choice\":\"Feat\"}');
/*!40000 ALTER TABLE `pending_tasks` ENABLE KEYS */;
UNLOCK TABLES;

--
-- Table structure for table `proficiencies`
--

DROP TABLE IF EXISTS `proficiencies`;
/*!40101 SET @saved_cs_client     = @@character_set_client */;
/*!50503 SET character_set_client = utf8mb4 */;
CREATE TABLE `proficiencies` (
  `id` bigint NOT NULL AUTO_INCREMENT,
  `index_name` varchar(255) COLLATE utf8mb4_unicode_ci DEFAULT NULL,
  `name` varchar(255) COLLATE utf8mb4_unicode_ci DEFAULT NULL,
  `type` enum('ARMOR','WEAPON','TOOL','LANGUAGE','SKILL','SAVING_THROW','VEHICLE') COLLATE utf8mb4_unicode_ci DEFAULT NULL,
  `description` text COLLATE utf8mb4_unicode_ci,
  `api_url` varchar(255) COLLATE utf8mb4_unicode_ci DEFAULT NULL,
  `category` varchar(255) COLLATE utf8mb4_unicode_ci DEFAULT NULL,
  PRIMARY KEY (`id`),
  UNIQUE KEY `index_name` (`index_name`),
  KEY `idx_proficiencies_name` (`name`),
  KEY `idx_proficiencies_type` (`type`)
) ENGINE=InnoDB AUTO_INCREMENT=118 DEFAULT CHARSET=utf8mb4 COLLATE=utf8mb4_unicode_ci;
/*!40101 SET character_set_client = @saved_cs_client */;

--
-- Dumping data for table `proficiencies`
--

LOCK TABLES `proficiencies` WRITE;
/*!40000 ALTER TABLE `proficiencies` DISABLE KEYS */;
INSERT INTO `proficiencies` VALUES (1,'alchemists-supplies','Alchemist\'s Supplies','TOOL',NULL,'/api/2014/proficiencies/alchemists-supplies','Alchemist\'s Supplies'),(2,'all-armor','All armor','ARMOR',NULL,'/api/2014/proficiencies/all-armor','Class Proficiency'),(3,'bagpipes','Bagpipes','TOOL',NULL,'/api/2014/proficiencies/bagpipes','Bagpipes'),(4,'battleaxes','Battleaxes','WEAPON',NULL,'/api/2014/proficiencies/battleaxes','Battleaxe'),(5,'blowguns','Blowguns','WEAPON',NULL,'/api/2014/proficiencies/blowguns','Blowgun'),(6,'breastplate','Breastplate','ARMOR',NULL,'/api/2014/proficiencies/breastplate','Breastplate'),(7,'brewers-supplies','Brewer\'s Supplies','TOOL',NULL,'/api/2014/proficiencies/brewers-supplies','Brewer\'s Supplies'),(8,'calligraphers-supplies','Calligrapher\'s Supplies','TOOL',NULL,'/api/2014/proficiencies/calligraphers-supplies','Calligrapher\'s Supplies'),(9,'carpenters-tools','Carpenter\'s Tools','TOOL',NULL,'/api/2014/proficiencies/carpenters-tools','Carpenter\'s Tools'),(10,'cartographers-tools','Cartographer\'s Tools','TOOL',NULL,'/api/2014/proficiencies/cartographers-tools','Cartographer\'s Tools'),(11,'chain-mail','Chain Mail','ARMOR',NULL,'/api/2014/proficiencies/chain-mail','Chain Mail'),(12,'chain-shirt','Chain Shirt','ARMOR',NULL,'/api/2014/proficiencies/chain-shirt','Chain Shirt'),(13,'clubs','Clubs','WEAPON',NULL,'/api/2014/proficiencies/clubs','Class Proficiency'),(14,'cobblers-tools','Cobbler\'s Tools','TOOL',NULL,'/api/2014/proficiencies/cobblers-tools','Cobbler\'s Tools'),(15,'cooks-utensils','Cook\'s utensils','TOOL',NULL,'/api/2014/proficiencies/cooks-utensils','Cook\'s utensils'),(16,'crossbows-heavy','Crossbows, heavy','WEAPON',NULL,'/api/2014/proficiencies/crossbows-heavy','Crossbow, heavy'),(17,'crossbows-light','Crossbows, light','WEAPON',NULL,'/api/2014/proficiencies/crossbows-light','Class Proficiency'),(18,'daggers','Daggers','WEAPON',NULL,'/api/2014/proficiencies/daggers','Class Proficiency'),(19,'darts','Darts','WEAPON',NULL,'/api/2014/proficiencies/darts','Class Proficiency'),(20,'dice-set','Dice Set','TOOL',NULL,'/api/2014/proficiencies/dice-set','Dice Set'),(21,'disguise-kit','Disguise Kit','TOOL',NULL,'/api/2014/proficiencies/disguise-kit','Disguise Kit'),(22,'drum','Drum','TOOL',NULL,'/api/2014/proficiencies/drum','Drum'),(23,'dulcimer','Dulcimer','TOOL',NULL,'/api/2014/proficiencies/dulcimer','Dulcimer'),(24,'flails','Flails','WEAPON',NULL,'/api/2014/proficiencies/flails','Flail'),(25,'flute','Flute','TOOL',NULL,'/api/2014/proficiencies/flute','Flute'),(26,'forgery-kit','Forgery Kit','TOOL',NULL,'/api/2014/proficiencies/forgery-kit','Forgery Kit'),(27,'glaives','Glaives','WEAPON',NULL,'/api/2014/proficiencies/glaives','Glaive'),(28,'glassblowers-tools','Glassblower\'s Tools','TOOL',NULL,'/api/2014/proficiencies/glassblowers-tools','Glassblower\'s Tools'),(29,'greataxes','Greataxes','WEAPON',NULL,'/api/2014/proficiencies/greataxes','Greataxe'),(30,'greatclubs','Greatclubs','WEAPON',NULL,'/api/2014/proficiencies/greatclubs','Greatclub'),(31,'greatswords','Greatswords','WEAPON',NULL,'/api/2014/proficiencies/greatswords','Greatsword'),(32,'halberds','Halberds','WEAPON',NULL,'/api/2014/proficiencies/halberds','Halberd'),(33,'half-plate-armor','Half Plate Armor','ARMOR',NULL,'/api/2014/proficiencies/half-plate-armor','Half Plate Armor'),(34,'hand-crossbows','Hand crossbows','WEAPON',NULL,'/api/2014/proficiencies/hand-crossbows','Class Proficiency'),(35,'handaxes','Handaxes','WEAPON',NULL,'/api/2014/proficiencies/handaxes','Handaxe'),(36,'heavy-armor','Heavy Armor','ARMOR',NULL,'/api/2014/proficiencies/heavy-armor','Heavy Armor'),(37,'herbalism-kit','Herbalism Kit','TOOL',NULL,'/api/2014/proficiencies/herbalism-kit','Class Proficiency'),(38,'hide-armor','Hide Armor','ARMOR',NULL,'/api/2014/proficiencies/hide-armor','Hide Armor'),(39,'horn','Horn','TOOL',NULL,'/api/2014/proficiencies/horn','Horn'),(40,'javelins','Javelins','WEAPON',NULL,'/api/2014/proficiencies/javelins','Class Proficiency'),(41,'jewelers-tools','Jeweler\'s Tools','TOOL',NULL,'/api/2014/proficiencies/jewelers-tools','Jeweler\'s Tools'),(42,'lances','Lances','WEAPON',NULL,'/api/2014/proficiencies/lances','Lance'),(43,'land-vehicles','Land Vehicles','VEHICLE',NULL,'/api/2014/proficiencies/land-vehicles','Land Vehicles'),(44,'leather-armor','Leather Armor','ARMOR',NULL,'/api/2014/proficiencies/leather-armor','Leather Armor'),(45,'leatherworkers-tools','Leatherworker\'s Tools','TOOL',NULL,'/api/2014/proficiencies/leatherworkers-tools','Leatherworker\'s Tools'),(46,'light-armor','Light Armor','ARMOR',NULL,'/api/2014/proficiencies/light-armor','Class Proficiency'),(47,'light-hammers','Light hammers','WEAPON',NULL,'/api/2014/proficiencies/light-hammers','Light hammer'),(48,'longbows','Longbows','WEAPON',NULL,'/api/2014/proficiencies/longbows','Longbow'),(49,'longswords','Longswords','WEAPON',NULL,'/api/2014/proficiencies/longswords','Class Proficiency'),(50,'lute','Lute','TOOL',NULL,'/api/2014/proficiencies/lute','Lute'),(51,'lyre','Lyre','TOOL',NULL,'/api/2014/proficiencies/lyre','Lyre'),(52,'maces','Maces','WEAPON',NULL,'/api/2014/proficiencies/maces','Class Proficiency'),(53,'martial-weapons','Martial Weapons','WEAPON',NULL,'/api/2014/proficiencies/martial-weapons','Class Proficiency'),(54,'masons-tools','Mason\'s Tools','TOOL',NULL,'/api/2014/proficiencies/masons-tools','Mason\'s Tools'),(55,'mauls','Mauls','WEAPON',NULL,'/api/2014/proficiencies/mauls','Maul'),(56,'medium-armor','Medium Armor','ARMOR',NULL,'/api/2014/proficiencies/medium-armor','Class Proficiency'),(57,'morningstars','Morningstars','WEAPON',NULL,'/api/2014/proficiencies/morningstars','Morningstar'),(58,'navigators-tools','Navigator\'s Tools','TOOL',NULL,'/api/2014/proficiencies/navigators-tools','Navigator\'s Tools'),(59,'nets','Nets','WEAPON',NULL,'/api/2014/proficiencies/nets','Net'),(60,'padded-armor','Padded Armor','ARMOR',NULL,'/api/2014/proficiencies/padded-armor','Padded Armor'),(61,'painters-supplies','Painter\'s Supplies','TOOL',NULL,'/api/2014/proficiencies/painters-supplies','Painter\'s Supplies'),(62,'pan-flute','Pan flute','TOOL',NULL,'/api/2014/proficiencies/pan-flute','Pan flute'),(63,'pikes','Pikes','WEAPON',NULL,'/api/2014/proficiencies/pikes','Pike'),(64,'plate-armor','Plate Armor','ARMOR',NULL,'/api/2014/proficiencies/plate-armor','Plate Armor'),(65,'playing-card-set','Playing Card Set','TOOL',NULL,'/api/2014/proficiencies/playing-card-set','Playing Card Set'),(66,'poisoners-kit','Poisoner\'s Kit','TOOL',NULL,'/api/2014/proficiencies/poisoners-kit','Poisoner\'s Kit'),(67,'potters-tools','Potter\'s Tools','TOOL',NULL,'/api/2014/proficiencies/potters-tools','Potter\'s Tools'),(68,'quarterstaffs','Quarterstaffs','WEAPON',NULL,'/api/2014/proficiencies/quarterstaffs','Class Proficiency'),(69,'rapiers','Rapiers','WEAPON',NULL,'/api/2014/proficiencies/rapiers','Class Proficiency'),(70,'ring-mail','Ring Mail','ARMOR',NULL,'/api/2014/proficiencies/ring-mail','Ring Mail'),(71,'saving-throw-cha','Saving Throw: CHA','SAVING_THROW',NULL,'/api/2014/proficiencies/saving-throw-cha','Class Proficiency'),(72,'saving-throw-con','Saving Throw: CON','SAVING_THROW',NULL,'/api/2014/proficiencies/saving-throw-con','Class Proficiency'),(73,'saving-throw-dex','Saving Throw: DEX','SAVING_THROW',NULL,'/api/2014/proficiencies/saving-throw-dex','Class Proficiency'),(74,'saving-throw-int','Saving Throw: INT','SAVING_THROW',NULL,'/api/2014/proficiencies/saving-throw-int','Class Proficiency'),(75,'saving-throw-str','Saving Throw: STR','SAVING_THROW',NULL,'/api/2014/proficiencies/saving-throw-str','Class Proficiency'),(76,'saving-throw-wis','Saving Throw: WIS','SAVING_THROW',NULL,'/api/2014/proficiencies/saving-throw-wis','Class Proficiency'),(77,'scale-mail','Scale Mail','ARMOR',NULL,'/api/2014/proficiencies/scale-mail','Scale Mail'),(78,'scimitars','Scimitars','WEAPON',NULL,'/api/2014/proficiencies/scimitars','Class Proficiency'),(79,'shawm','Shawm','TOOL',NULL,'/api/2014/proficiencies/shawm','Shawm'),(80,'shields','Shields','ARMOR',NULL,'/api/2014/proficiencies/shields','Class Proficiency'),(81,'shortbows','Shortbows','WEAPON',NULL,'/api/2014/proficiencies/shortbows','Shortbow'),(82,'shortswords','Shortswords','WEAPON',NULL,'/api/2014/proficiencies/shortswords','Class Proficiency'),(83,'sickles','Sickles','WEAPON',NULL,'/api/2014/proficiencies/sickles','Class Proficiency'),(84,'simple-weapons','Simple Weapons','WEAPON',NULL,'/api/2014/proficiencies/simple-weapons','Class Proficiency'),(85,'skill-acrobatics','Skill: Acrobatics','SKILL',NULL,'/api/2014/proficiencies/skill-acrobatics','Acrobatics'),(86,'skill-animal-handling','Skill: Animal Handling','SKILL',NULL,'/api/2014/proficiencies/skill-animal-handling','Animal Handling'),(87,'skill-arcana','Skill: Arcana','SKILL',NULL,'/api/2014/proficiencies/skill-arcana','Arcana'),(88,'skill-athletics','Skill: Athletics','SKILL',NULL,'/api/2014/proficiencies/skill-athletics','Athletics'),(89,'skill-deception','Skill: Deception','SKILL',NULL,'/api/2014/proficiencies/skill-deception','Deception'),(90,'skill-history','Skill: History','SKILL',NULL,'/api/2014/proficiencies/skill-history','History'),(91,'skill-insight','Skill: Insight','SKILL',NULL,'/api/2014/proficiencies/skill-insight','Insight'),(92,'skill-intimidation','Skill: Intimidation','SKILL',NULL,'/api/2014/proficiencies/skill-intimidation','Intimidation'),(93,'skill-investigation','Skill: Investigation','SKILL',NULL,'/api/2014/proficiencies/skill-investigation','Investigation'),(94,'skill-medicine','Skill: Medicine','SKILL',NULL,'/api/2014/proficiencies/skill-medicine','Medicine'),(95,'skill-nature','Skill: Nature','SKILL',NULL,'/api/2014/proficiencies/skill-nature','Nature'),(96,'skill-perception','Skill: Perception','SKILL',NULL,'/api/2014/proficiencies/skill-perception','Perception'),(97,'skill-performance','Skill: Performance','SKILL',NULL,'/api/2014/proficiencies/skill-performance','Performance'),(98,'skill-persuasion','Skill: Persuasion','SKILL',NULL,'/api/2014/proficiencies/skill-persuasion','Persuasion'),(99,'skill-religion','Skill: Religion','SKILL',NULL,'/api/2014/proficiencies/skill-religion','Religion'),(100,'skill-sleight-of-hand','Skill: Sleight of Hand','SKILL',NULL,'/api/2014/proficiencies/skill-sleight-of-hand','Sleight of Hand'),(101,'skill-stealth','Skill: Stealth','SKILL',NULL,'/api/2014/proficiencies/skill-stealth','Stealth'),(102,'skill-survival','Skill: Survival','SKILL',NULL,'/api/2014/proficiencies/skill-survival','Survival'),(103,'slings','Slings','WEAPON',NULL,'/api/2014/proficiencies/slings','Class Proficiency'),(104,'smiths-tools','Smith\'s Tools','TOOL',NULL,'/api/2014/proficiencies/smiths-tools','Smith\'s Tools'),(105,'spears','Spears','WEAPON',NULL,'/api/2014/proficiencies/spears','Class Proficiency'),(106,'splint-armor','Splint Armor','ARMOR',NULL,'/api/2014/proficiencies/splint-armor','Splint Armor'),(107,'studded-leather-armor','Studded Leather Armor','ARMOR',NULL,'/api/2014/proficiencies/studded-leather-armor','Studded Leather Armor'),(108,'thieves-tools','Thieves\' Tools','TOOL',NULL,'/api/2014/proficiencies/thieves-tools','Class Proficiency'),(109,'tinkers-tools','Tinker\'s Tools','TOOL',NULL,'/api/2014/proficiencies/tinkers-tools','Tinker\'s Tools'),(110,'tridents','Tridents','WEAPON',NULL,'/api/2014/proficiencies/tridents','Trident'),(111,'viol','Viol','TOOL',NULL,'/api/2014/proficiencies/viol','Viol'),(112,'war-picks','War picks','WEAPON',NULL,'/api/2014/proficiencies/war-picks','War pick'),(113,'warhammers','Warhammers','WEAPON',NULL,'/api/2014/proficiencies/warhammers','Warhammer'),(114,'water-vehicles','Water Vehicles','VEHICLE',NULL,'/api/2014/proficiencies/water-vehicles','Waterborne Vehicles'),(115,'weavers-tools','Weaver\'s Tools','TOOL',NULL,'/api/2014/proficiencies/weavers-tools','Weaver\'s Tools'),(116,'whips','Whips','WEAPON',NULL,'/api/2014/proficiencies/whips','Whip'),(117,'woodcarvers-tools','Woodcarver\'s Tools','TOOL',NULL,'/api/2014/proficiencies/woodcarvers-tools','Woodcarver\'s Tools');
/*!40000 ALTER TABLE `proficiencies` ENABLE KEYS */;
UNLOCK TABLES;

--
-- Table structure for table `race`
--

DROP TABLE IF EXISTS `race`;
/*!40101 SET @saved_cs_client     = @@character_set_client */;
/*!50503 SET character_set_client = utf8mb4 */;
CREATE TABLE `race` (
  `id` bigint NOT NULL AUTO_INCREMENT,
  `index_name` varchar(255) COLLATE utf8mb4_unicode_ci NOT NULL,
  `name` varchar(255) COLLATE utf8mb4_unicode_ci NOT NULL,
  `size` varchar(50) COLLATE utf8mb4_unicode_ci DEFAULT NULL,
  `speed` int NOT NULL,
  `description` text COLLATE utf8mb4_unicode_ci,
  PRIMARY KEY (`id`),
  KEY `idx_race_index` (`index_name`)
) ENGINE=InnoDB AUTO_INCREMENT=10 DEFAULT CHARSET=utf8mb4 COLLATE=utf8mb4_unicode_ci;
/*!40101 SET character_set_client = @saved_cs_client */;

--
-- Dumping data for table `race`
--

LOCK TABLES `race` WRITE;
/*!40000 ALTER TABLE `race` DISABLE KEYS */;
INSERT INTO `race` VALUES (1,'dragonborn','Dragonborn','Medium',30,''),(2,'dwarf','Dwarf','Medium',25,''),(3,'elf','Elf','Medium',30,''),(4,'gnome','Gnome','Small',25,''),(5,'half-elf','Half-Elf','Medium',30,''),(6,'half-orc','Half-Orc','Medium',30,''),(7,'halfling','Halfling','Small',25,''),(8,'human','Human','Medium',30,''),(9,'tiefling','Tiefling','Medium',30,'');
/*!40000 ALTER TABLE `race` ENABLE KEYS */;
UNLOCK TABLES;

--
-- Table structure for table `race_ability_bonuses`
--

DROP TABLE IF EXISTS `race_ability_bonuses`;
/*!40101 SET @saved_cs_client     = @@character_set_client */;
/*!50503 SET character_set_client = utf8mb4 */;
CREATE TABLE `race_ability_bonuses` (
  `race_id` bigint NOT NULL,
  `ability` varchar(255) COLLATE utf8mb4_unicode_ci NOT NULL,
  `bonus` int NOT NULL,
  PRIMARY KEY (`race_id`,`ability`),
  CONSTRAINT `race_ability_bonuses_ibfk_1` FOREIGN KEY (`race_id`) REFERENCES `race` (`id`) ON DELETE CASCADE
) ENGINE=InnoDB DEFAULT CHARSET=utf8mb4 COLLATE=utf8mb4_unicode_ci;
/*!40101 SET character_set_client = @saved_cs_client */;

--
-- Dumping data for table `race_ability_bonuses`
--

LOCK TABLES `race_ability_bonuses` WRITE;
/*!40000 ALTER TABLE `race_ability_bonuses` DISABLE KEYS */;
INSERT INTO `race_ability_bonuses` VALUES (1,'cha',1),(1,'str',2),(2,'con',2),(3,'dex',2),(4,'int',2),(5,'cha',2),(6,'con',1),(6,'str',2),(7,'dex',2),(8,'cha',1),(8,'con',1),(8,'dex',1),(8,'int',1),(8,'str',1),(8,'wis',1),(9,'cha',2),(9,'int',1);
/*!40000 ALTER TABLE `race_ability_bonuses` ENABLE KEYS */;
UNLOCK TABLES;

--
-- Table structure for table `race_spells`
--

DROP TABLE IF EXISTS `race_spells`;
/*!40101 SET @saved_cs_client     = @@character_set_client */;
/*!50503 SET character_set_client = utf8mb4 */;
CREATE TABLE `race_spells` (
  `race_id` bigint NOT NULL,
  `spell_id` bigint NOT NULL,
  PRIMARY KEY (`race_id`,`spell_id`),
  KEY `spell_id` (`spell_id`),
  CONSTRAINT `race_spells_ibfk_1` FOREIGN KEY (`race_id`) REFERENCES `race` (`id`) ON DELETE CASCADE,
  CONSTRAINT `race_spells_ibfk_2` FOREIGN KEY (`spell_id`) REFERENCES `spells` (`id`) ON DELETE CASCADE
) ENGINE=InnoDB DEFAULT CHARSET=utf8mb4 COLLATE=utf8mb4_unicode_ci;
/*!40101 SET character_set_client = @saved_cs_client */;

--
-- Dumping data for table `race_spells`
--

LOCK TABLES `race_spells` WRITE;
/*!40000 ALTER TABLE `race_spells` DISABLE KEYS */;
/*!40000 ALTER TABLE `race_spells` ENABLE KEYS */;
UNLOCK TABLES;

--
-- Table structure for table `race_traits`
--

DROP TABLE IF EXISTS `race_traits`;
/*!40101 SET @saved_cs_client     = @@character_set_client */;
/*!50503 SET character_set_client = utf8mb4 */;
CREATE TABLE `race_traits` (
  `race_id` bigint NOT NULL,
  `trait_id` bigint NOT NULL,
  KEY `FKbsgxwx96192g1wekp5st7yef7` (`trait_id`),
  KEY `FKsqrm7d92wumie6ekwnx9hy9g8` (`race_id`),
  CONSTRAINT `FKbsgxwx96192g1wekp5st7yef7` FOREIGN KEY (`trait_id`) REFERENCES `racial_traits` (`id`),
  CONSTRAINT `FKsqrm7d92wumie6ekwnx9hy9g8` FOREIGN KEY (`race_id`) REFERENCES `race` (`id`)
) ENGINE=InnoDB DEFAULT CHARSET=utf8mb4 COLLATE=utf8mb4_unicode_ci;
/*!40101 SET character_set_client = @saved_cs_client */;

--
-- Dumping data for table `race_traits`
--

LOCK TABLES `race_traits` WRITE;
/*!40000 ALTER TABLE `race_traits` DISABLE KEYS */;
INSERT INTO `race_traits` VALUES (1,1),(1,2),(1,3),(2,4),(2,5),(2,6),(2,7),(2,8),(3,4),(3,9),(3,10),(3,11),(4,4),(4,12),(5,4),(5,9),(5,13),(6,4),(6,14),(6,15),(6,16),(7,17),(7,18),(7,19),(9,4),(9,20),(9,21);
/*!40000 ALTER TABLE `race_traits` ENABLE KEYS */;
UNLOCK TABLES;

--
-- Table structure for table `racial_traits`
--

DROP TABLE IF EXISTS `racial_traits`;
/*!40101 SET @saved_cs_client     = @@character_set_client */;
/*!50503 SET character_set_client = utf8mb4 */;
CREATE TABLE `racial_traits` (
  `id` bigint NOT NULL AUTO_INCREMENT,
  `description` text COLLATE utf8mb4_unicode_ci,
  `index_name` varchar(255) COLLATE utf8mb4_unicode_ci DEFAULT NULL,
  `name` varchar(255) COLLATE utf8mb4_unicode_ci DEFAULT NULL,
  `trait_type` varchar(255) COLLATE utf8mb4_unicode_ci DEFAULT NULL,
  PRIMARY KEY (`id`),
  UNIQUE KEY `UK_i43u4phj79wemdlehl15ylui5` (`index_name`)
) ENGINE=InnoDB AUTO_INCREMENT=39 DEFAULT CHARSET=utf8mb4 COLLATE=utf8mb4_unicode_ci;
/*!40101 SET character_set_client = @saved_cs_client */;

--
-- Dumping data for table `racial_traits`
--

LOCK TABLES `racial_traits` WRITE;
/*!40000 ALTER TABLE `racial_traits` DISABLE KEYS */;
INSERT INTO `racial_traits` VALUES (1,'You have draconic ancestry. Choose one type of dragon from the Draconic Ancestry table. Your breath weapon and damage resistance are determined by the dragon type, as shown in the table.','draconic-ancestry','Draconic Ancestry','CHOICE_REQUIRED'),(2,'You can use your action to exhale destructive energy. Your draconic ancestry determines the size, shape, and damage type of the exhalation.\nWhen you use your breath weapon, each creature in the area of the exhalation must make a saving throw, the type of which is determined by your draconic ancestry. The DC for this saving throw equals 8 + your Constitution modifier + your proficiency bonus. A creature takes 2d6 damage on a failed save, and half as much damage on a successful one. The damage increases to 3d6 at 6th level, 4d6 at 11th level, and 5d6 at 16th level.\nAfter you use your breath weapon, you cannot use it again until you complete a short or long rest.','breath-weapon','Breath Weapon','CHOICE_REQUIRED'),(3,'You have resistance to the damage type associated with your draconic ancestry.','damage-resistance','Damage Resistance','PASSIVE'),(4,'You have superior vision in dark and dim conditions. You can see in dim light within 60 feet of you as if it were bright light, and in darkness as if it were dim light. You cannot discern color in darkness, only shades of gray.','darkvision','Darkvision','PASSIVE'),(5,'You have advantage on saving throws against poison, and you have resistance against poison damage.','dwarven-resilience','Dwarven Resilience','COMBAT'),(6,'Whenever you make an Intelligence (History) check related to the origin of stonework, you are considered proficient in the History skill and add double your proficiency bonus to the check, instead of your normal proficiency bonus.','stonecunning','Stonecunning','PASSIVE'),(7,'You have proficiency with the battleaxe, handaxe, light hammer, and warhammer.','dwarven-combat-training','Dwarven Combat Training','COMBAT'),(8,'You gain proficiency with the artisan\'s tools of your choice: smith\'s tools, brewer\'s supplies, or mason\'s tools.','tool-proficiency','Tool Proficiency','CHOICE_REQUIRED'),(9,'You have advantage on saving throws against being charmed, and magic cannot put you to sleep.','fey-ancestry','Fey Ancestry','PASSIVE'),(10,'Elves do not need to sleep. Instead, they meditate deeply, remaining semiconscious, for 4 hours a day. (The Common word for such meditation is \"trance.\") While meditating, you can dream after a fashion; such dreams are actually mental exercises that have become reflexive through years of practice. After resting this way, you gain the same benefit that a human does from 8 hours of sleep.','trance','Trance','COMBAT'),(11,'You have proficiency in the Perception skill.','keen-senses','Keen Senses','PASSIVE'),(12,'You have advantage on all Intelligence, Wisdom, and Charisma saving throws against magic.','gnome-cunning','Gnome Cunning','COMBAT'),(13,'You gain proficiency in two skills of your choice.','skill-versatility','Skill Versatility','CHOICE_REQUIRED'),(14,'When you score a critical hit with a melee weapon attack, you can roll one of the weapon\'s damage dice one additional time and add it to the extra damage of the critical hit.','savage-attacks','Savage Attacks','COMBAT'),(15,'When you are reduced to 0 hit points but not killed outright, you can drop to 1 hit point instead. you cannot use this feature again until you finish a long rest.','relentless-endurance','Relentless Endurance','COMBAT'),(16,'You gain proficiency in the Intimidation skill.','menacing','Menacing','PASSIVE'),(17,'You have advantage on saving throw against being frightened.','brave','Brave','COMBAT'),(18,'You can move through the space of any creature that is of a size larger than yours.','halfling-nimbleness','Halfling Nimbleness','COMBAT'),(19,'When you roll a 1 on the d20 for an attack roll, ability check, or saving throw, you can reroll the die and must use the new roll.','lucky','Lucky','COMBAT'),(20,'You have resistance to fire damage.','hellish-resistance','Hellish Resistance','PASSIVE'),(21,'You know the thaumaturgy cantrip. When you reach 3rd level, you can cast the hellish rebuke spell as a 2nd-level spell once with this trait and regain the ability to do so when you finish a long rest. When you reach 5th level, you can cast the darkness spell once with this trait and regain the ability to do so when you finish a long rest. Charisma is your spellcasting ability for these spells.','infernal-legacy','Infernal Legacy','PASSIVE'),(22,'You have proficiency with the longsword, shortsword, shortbow, and longbow.','elf-weapon-training','Elf Weapon Training','PASSIVE'),(23,'You know one cantrip of your choice form the wizard spell list. Intelligence is your spellcasting ability for it.','high-elf-cantrip','High Elf Cantrip','PASSIVE'),(24,'You can speak, read, and write one extra language of your choice.','extra-language','Extra Language','CHOICE_REQUIRED'),(25,'Your hit point maximum increases by 1, and it increases by 1 every time you gain a level.','dwarven-toughness','Dwarven Toughness','PASSIVE'),(26,'You can attempt to hide even when you are obscured only by a creature that is at least one size larger than you.','naturally-stealthy','Naturally Stealthy','PASSIVE'),(27,'Whenever you make an Intelligence (History) check related to magic items, alchemical objects, or technological devices, you can add twice your proficiency bonus, instead of any proficiency bonus you normally apply.','artificers-lore','Artificer\'s Lore','COMBAT'),(28,'You have proficiency with artisan\'s tools (tinker\'s tools). Using those tools, you can spend 1 hour and 10 gp worth of materials to construct a Tiny clockwork device (AC 5, 1 hp). The device ceases to function after 24 hours (unless you spend 1 hour repairing it to keep the device functioning), or when you use your action to dismantle it; at that time, you can reclaim the materials used to create it. You can have up to three such devices active at a time.\nWhen you create a device, choose one of the following options:\nClockwork Toy: This toy is a clockwork animal, monster, or person, such as a frog, mouse, bird, dragon, or soldier. When placed on the ground, the toy moves 5 feet across the ground on each of your turns in a random direction. It makes noises as appropriate to the creature it represents.\nFire Starter: The device produces a miniature flame, which you can use to light a candle, torch, or campfire. Using the device requires your action.\nMusic Box: When opened, this music box plays a single song at a moderate volume. The box stops playing when it reaches the song\'s end or when it is closed.','tinker','Tinker','COMBAT'),(29,NULL,'dwarven-armor-training','Dwarven Armor Training',NULL),(30,NULL,'fleet-of-foot','Fleet of Foot',NULL),(31,NULL,'mask-of-the-wild','Mask of the Wild',NULL),(32,NULL,'superior-darkvision','Superior Darkvision',NULL),(33,NULL,'sunlight-sensitivity','Sunlight Sensitivity',NULL),(34,NULL,'drow-magic','Drow Magic',NULL),(35,NULL,'drow-weapon-training','Drow Weapon Training',NULL),(36,NULL,'stout-resilience','Stout Resilience',NULL),(37,NULL,'natural-illusionist','Natural Illusionist',NULL),(38,NULL,'speak-with-small-beasts','Speak with Small Beasts',NULL);
/*!40000 ALTER TABLE `racial_traits` ENABLE KEYS */;
UNLOCK TABLES;

--
-- Table structure for table `skills`
--

DROP TABLE IF EXISTS `skills`;
/*!40101 SET @saved_cs_client     = @@character_set_client */;
/*!50503 SET character_set_client = utf8mb4 */;
CREATE TABLE `skills` (
  `id` bigint NOT NULL AUTO_INCREMENT,
  `index_name` varchar(255) COLLATE utf8mb4_unicode_ci DEFAULT NULL,
  `name` varchar(255) COLLATE utf8mb4_unicode_ci DEFAULT NULL,
  `ability_score` varchar(10) COLLATE utf8mb4_unicode_ci DEFAULT NULL,
  `description` text COLLATE utf8mb4_unicode_ci,
  PRIMARY KEY (`id`),
  UNIQUE KEY `index_name` (`index_name`),
  KEY `idx_skills_name` (`name`)
) ENGINE=InnoDB AUTO_INCREMENT=19 DEFAULT CHARSET=utf8mb4 COLLATE=utf8mb4_unicode_ci;
/*!40101 SET character_set_client = @saved_cs_client */;

--
-- Dumping data for table `skills`
--

LOCK TABLES `skills` WRITE;
/*!40000 ALTER TABLE `skills` DISABLE KEYS */;
INSERT INTO `skills` VALUES (1,'acrobatics','Acrobatics','dex','Your Dexterity (Acrobatics) check covers your attempt to stay on your feet in a tricky situation, such as when you\'re trying to run across a sheet of ice, balance on a tightrope, or stay upright on a rocking ship\'s deck. The GM might also call for a Dexterity (Acrobatics) check to see if you can perform acrobatic stunts, including dives, rolls, somersaults, and flips.'),(2,'animal-handling','Animal Handling','wis','When there is any question whether you can calm down a domesticated animal, keep a mount from getting spooked, or intuit an animal\'s intentions, the GM might call for a Wisdom (Animal Handling) check. You also make a Wisdom (Animal Handling) check to control your mount when you attempt a risky maneuver.'),(3,'arcana','Arcana','int','Your Intelligence (Arcana) check measures your ability to recall lore about spells, magic items, eldritch symbols, magical traditions, the planes of existence, and the inhabitants of those planes.'),(4,'athletics','Athletics','str','Your Strength (Athletics) check covers difficult situations you encounter while climbing, jumping, or swimming.'),(5,'deception','Deception','cha','Your Charisma (Deception) check determines whether you can convincingly hide the truth, either verbally or through your actions. This deception can encompass everything from misleading others through ambiguity to telling outright lies. Typical situations include trying to fast- talk a guard, con a merchant, earn money through gambling, pass yourself off in a disguise, dull someone\'s suspicions with false assurances, or maintain a straight face while telling a blatant lie.'),(6,'history','History','int','Your Intelligence (History) check measures your ability to recall lore about historical events, legendary people, ancient kingdoms, past disputes, recent wars, and lost civilizations.'),(7,'insight','Insight','wis','Your Wisdom (Insight) check decides whether you can determine the true intentions of a creature, such as when searching out a lie or predicting someone\'s next move. Doing so involves gleaning clues from body language, speech habits, and changes in mannerisms.'),(8,'intimidation','Intimidation','cha','When you attempt to influence someone through overt threats, hostile actions, and physical violence, the GM might ask you to make a Charisma (Intimidation) check. Examples include trying to pry information out of a prisoner, convincing street thugs to back down from a confrontation, or using the edge of a broken bottle to convince a sneering vizier to reconsider a decision.'),(9,'investigation','Investigation','int','When you look around for clues and make deductions based on those clues, you make an Intelligence (Investigation) check. You might deduce the location of a hidden object, discern from the appearance of a wound what kind of weapon dealt it, or determine the weakest point in a tunnel that could cause it to collapse. Poring through ancient scrolls in search of a hidden fragment of knowledge might also call for an Intelligence (Investigation) check.'),(10,'medicine','Medicine','wis','A Wisdom (Medicine) check lets you try to stabilize a dying companion or diagnose an illness.'),(11,'nature','Nature','int','Your Intelligence (Nature) check measures your ability to recall lore about terrain, plants and animals, the weather, and natural cycles.'),(12,'perception','Perception','wis','Your Wisdom (Perception) check lets you spot, hear, or otherwise detect the presence of something. It measures your general awareness of your surroundings and the keenness of your senses. For example, you might try to hear a conversation through a closed door, eavesdrop under an open window, or hear monsters moving stealthily in the forest. Or you might try to spot things that are obscured or easy to miss, whether they are orcs lying in ambush on a road, thugs hiding in the shadows of an alley, or candlelight under a closed secret door.'),(13,'performance','Performance','cha','Your Charisma (Performance) check determines how well you can delight an audience with music, dance, acting, storytelling, or some other form of entertainment.'),(14,'persuasion','Persuasion','cha','When you attempt to influence someone or a group of people with tact, social graces, or good nature, the GM might ask you to make a Charisma (Persuasion) check. Typically, you use persuasion when acting in good faith, to foster friendships, make cordial requests, or exhibit proper etiquette. Examples of persuading others include convincing a chamberlain to let your party see the king, negotiating peace between warring tribes, or inspiring a crowd of townsfolk.'),(15,'religion','Religion','int','Your Intelligence (Religion) check measures your ability to recall lore about deities, rites and prayers, religious hierarchies, holy symbols, and the practices of secret cults.'),(16,'sleight-of-hand','Sleight of Hand','dex','Whenever you attempt an act of legerdemain or manual trickery, such as planting something on someone else or concealing an object on your person, make a Dexterity (Sleight of Hand) check. The GM might also call for a Dexterity (Sleight of Hand) check to determine whether you can lift a coin purse off another person or slip something out of another person\'s pocket.'),(17,'stealth','Stealth','dex','Make a Dexterity (Stealth) check when you attempt to conceal yourself from enemies, slink past guards, slip away without being noticed, or sneak up on someone without being seen or heard.'),(18,'survival','Survival','wis','The GM might ask you to make a Wisdom (Survival) check to follow tracks, hunt wild game, guide your group through frozen wastelands, identify signs that owlbears live nearby, predict the weather, or avoid quicksand and other natural hazards.');
/*!40000 ALTER TABLE `skills` ENABLE KEYS */;
UNLOCK TABLES;

--
-- Table structure for table `spell_slot_progression`
--

DROP TABLE IF EXISTS `spell_slot_progression`;
/*!40101 SET @saved_cs_client     = @@character_set_client */;
/*!50503 SET character_set_client = utf8mb4 */;
CREATE TABLE `spell_slot_progression` (
  `id` bigint NOT NULL AUTO_INCREMENT,
  `class_id` bigint NOT NULL,
  `character_level` int NOT NULL,
  `spell_level` int NOT NULL,
  `slots` int NOT NULL DEFAULT '0',
  PRIMARY KEY (`id`),
  UNIQUE KEY `unique_class_char_spell_level` (`class_id`,`character_level`,`spell_level`),
  KEY `idx_spell_slot_prog_class` (`class_id`),
  KEY `idx_spell_slot_prog_level` (`character_level`),
  CONSTRAINT `spell_slot_progression_ibfk_1` FOREIGN KEY (`class_id`) REFERENCES `classes` (`id`) ON DELETE CASCADE
) ENGINE=InnoDB AUTO_INCREMENT=679 DEFAULT CHARSET=utf8mb4 COLLATE=utf8mb4_unicode_ci;
/*!40101 SET character_set_client = @saved_cs_client */;

--
-- Dumping data for table `spell_slot_progression`
--

LOCK TABLES `spell_slot_progression` WRITE;
/*!40000 ALTER TABLE `spell_slot_progression` DISABLE KEYS */;
INSERT INTO `spell_slot_progression` VALUES (1,2,1,1,2),(2,2,2,1,3),(3,2,3,1,4),(4,2,3,2,2),(5,2,4,1,4),(6,2,4,2,3),(7,2,5,1,4),(8,2,5,2,3),(9,2,5,3,2),(10,2,6,1,4),(11,2,6,2,3),(12,2,6,3,3),(13,2,7,1,4),(14,2,7,2,3),(15,2,7,3,3),(16,2,7,4,1),(17,2,8,1,4),(18,2,8,2,3),(19,2,8,3,3),(20,2,8,4,2),(21,2,9,1,4),(22,2,9,2,3),(23,2,9,3,3),(24,2,9,4,3),(25,2,9,5,1),(26,2,10,1,4),(27,2,10,2,3),(28,2,10,3,3),(29,2,10,4,3),(30,2,10,5,2),(31,2,11,1,4),(32,2,11,2,3),(33,2,11,3,3),(34,2,11,4,3),(35,2,11,5,2),(36,2,11,6,1),(37,2,12,1,4),(38,2,12,2,3),(39,2,12,3,3),(40,2,12,4,3),(41,2,12,5,2),(42,2,12,6,1),(43,2,13,1,4),(44,2,13,2,3),(45,2,13,3,3),(46,2,13,4,3),(47,2,13,5,2),(48,2,13,6,1),(49,2,13,7,1),(50,2,14,1,4),(51,2,14,2,3),(52,2,14,3,3),(53,2,14,4,3),(54,2,14,5,2),(55,2,14,6,1),(56,2,14,7,1),(57,2,15,1,4),(58,2,15,2,3),(59,2,15,3,3),(60,2,15,4,3),(61,2,15,5,2),(62,2,15,6,1),(63,2,15,7,1),(64,2,15,8,1),(65,2,16,1,4),(66,2,16,2,3),(67,2,16,3,3),(68,2,16,4,3),(69,2,16,5,2),(70,2,16,6,1),(71,2,16,7,1),(72,2,16,8,1),(73,2,17,1,4),(74,2,17,2,3),(75,2,17,3,3),(76,2,17,4,3),(77,2,17,5,2),(78,2,17,6,1),(79,2,17,7,1),(80,2,17,8,1),(81,2,17,9,1),(82,2,18,1,4),(83,2,18,2,3),(84,2,18,3,3),(85,2,18,4,3),(86,2,18,5,3),(87,2,18,6,1),(88,2,18,7,1),(89,2,18,8,1),(90,2,18,9,1),(91,2,19,1,4),(92,2,19,2,3),(93,2,19,3,3),(94,2,19,4,3),(95,2,19,5,3),(96,2,19,6,2),(97,2,19,7,1),(98,2,19,8,1),(99,2,19,9,1),(100,2,20,1,4),(101,2,20,2,3),(102,2,20,3,3),(103,2,20,4,3),(104,2,20,5,3),(105,2,20,6,2),(106,2,20,7,2),(107,2,20,8,1),(108,2,20,9,1),(109,3,1,1,2),(110,3,2,1,3),(111,3,3,1,4),(112,3,3,2,2),(113,3,4,1,4),(114,3,4,2,3),(115,3,5,1,4),(116,3,5,2,3),(117,3,5,3,2),(118,3,6,1,4),(119,3,6,2,3),(120,3,6,3,3),(121,3,7,1,4),(122,3,7,2,3),(123,3,7,3,3),(124,3,7,4,1),(125,3,8,1,4),(126,3,8,2,3),(127,3,8,3,3),(128,3,8,4,2),(129,3,9,1,4),(130,3,9,2,3),(131,3,9,3,3),(132,3,9,4,3),(133,3,9,5,1),(134,3,10,1,4),(135,3,10,2,3),(136,3,10,3,3),(137,3,10,4,3),(138,3,10,5,2),(139,3,11,1,4),(140,3,11,2,3),(141,3,11,3,3),(142,3,11,4,3),(143,3,11,5,2),(144,3,11,6,1),(145,3,12,1,4),(146,3,12,2,3),(147,3,12,3,3),(148,3,12,4,3),(149,3,12,5,2),(150,3,12,6,1),(151,3,13,1,4),(152,3,13,2,3),(153,3,13,3,3),(154,3,13,4,3),(155,3,13,5,2),(156,3,13,6,1),(157,3,13,7,1),(158,3,14,1,4),(159,3,14,2,3),(160,3,14,3,3),(161,3,14,4,3),(162,3,14,5,2),(163,3,14,6,1),(164,3,14,7,1),(165,3,15,1,4),(166,3,15,2,3),(167,3,15,3,3),(168,3,15,4,3),(169,3,15,5,2),(170,3,15,6,1),(171,3,15,7,1),(172,3,15,8,1),(173,3,16,1,4),(174,3,16,2,3),(175,3,16,3,3),(176,3,16,4,3),(177,3,16,5,2),(178,3,16,6,1),(179,3,16,7,1),(180,3,16,8,1),(181,3,17,1,4),(182,3,17,2,3),(183,3,17,3,3),(184,3,17,4,3),(185,3,17,5,2),(186,3,17,6,1),(187,3,17,7,1),(188,3,17,8,1),(189,3,17,9,1),(190,3,18,1,4),(191,3,18,2,3),(192,3,18,3,3),(193,3,18,4,3),(194,3,18,5,3),(195,3,18,6,1),(196,3,18,7,1),(197,3,18,8,1),(198,3,18,9,1),(199,3,19,1,4),(200,3,19,2,3),(201,3,19,3,3),(202,3,19,4,3),(203,3,19,5,3),(204,3,19,6,2),(205,3,19,7,1),(206,3,19,8,1),(207,3,19,9,1),(208,3,20,1,4),(209,3,20,2,3),(210,3,20,3,3),(211,3,20,4,3),(212,3,20,5,3),(213,3,20,6,2),(214,3,20,7,2),(215,3,20,8,1),(216,3,20,9,1),(217,4,1,1,2),(218,4,2,1,3),(219,4,3,1,4),(220,4,3,2,2),(221,4,4,1,4),(222,4,4,2,3),(223,4,5,1,4),(224,4,5,2,3),(225,4,5,3,2),(226,4,6,1,4),(227,4,6,2,3),(228,4,6,3,3),(229,4,7,1,4),(230,4,7,2,3),(231,4,7,3,3),(232,4,7,4,1),(233,4,8,1,4),(234,4,8,2,3),(235,4,8,3,3),(236,4,8,4,2),(237,4,9,1,4),(238,4,9,2,3),(239,4,9,3,3),(240,4,9,4,3),(241,4,9,5,1),(242,4,10,1,4),(243,4,10,2,3),(244,4,10,3,3),(245,4,10,4,3),(246,4,10,5,2),(247,4,11,1,4),(248,4,11,2,3),(249,4,11,3,3),(250,4,11,4,3),(251,4,11,5,2),(252,4,11,6,1),(253,4,12,1,4),(254,4,12,2,3),(255,4,12,3,3),(256,4,12,4,3),(257,4,12,5,2),(258,4,12,6,1),(259,4,13,1,4),(260,4,13,2,3),(261,4,13,3,3),(262,4,13,4,3),(263,4,13,5,2),(264,4,13,6,1),(265,4,13,7,1),(266,4,14,1,4),(267,4,14,2,3),(268,4,14,3,3),(269,4,14,4,3),(270,4,14,5,2),(271,4,14,6,1),(272,4,14,7,1),(273,4,15,1,4),(274,4,15,2,3),(275,4,15,3,3),(276,4,15,4,3),(277,4,15,5,2),(278,4,15,6,1),(279,4,15,7,1),(280,4,15,8,1),(281,4,16,1,4),(282,4,16,2,3),(283,4,16,3,3),(284,4,16,4,3),(285,4,16,5,2),(286,4,16,6,1),(287,4,16,7,1),(288,4,16,8,1),(289,4,17,1,4),(290,4,17,2,3),(291,4,17,3,3),(292,4,17,4,3),(293,4,17,5,2),(294,4,17,6,1),(295,4,17,7,1),(296,4,17,8,1),(297,4,17,9,1),(298,4,18,1,4),(299,4,18,2,3),(300,4,18,3,3),(301,4,18,4,3),(302,4,18,5,3),(303,4,18,6,1),(304,4,18,7,1),(305,4,18,8,1),(306,4,18,9,1),(307,4,19,1,4),(308,4,19,2,3),(309,4,19,3,3),(310,4,19,4,3),(311,4,19,5,3),(312,4,19,6,2),(313,4,19,7,1),(314,4,19,8,1),(315,4,19,9,1),(316,4,20,1,4),(317,4,20,2,3),(318,4,20,3,3),(319,4,20,4,3),(320,4,20,5,3),(321,4,20,6,2),(322,4,20,7,2),(323,4,20,8,1),(324,4,20,9,1),(325,7,2,1,2),(326,7,3,1,3),(327,7,4,1,3),(328,7,5,1,4),(329,7,5,2,2),(330,7,6,1,4),(331,7,6,2,2),(332,7,7,1,4),(333,7,7,2,3),(334,7,8,1,4),(335,7,8,2,3),(336,7,9,1,4),(337,7,9,2,3),(338,7,9,3,2),(339,7,10,1,4),(340,7,10,2,3),(341,7,10,3,2),(342,7,11,1,4),(343,7,11,2,3),(344,7,11,3,3),(345,7,12,1,4),(346,7,12,2,3),(347,7,12,3,3),(348,7,13,1,4),(349,7,13,2,3),(350,7,13,3,3),(351,7,13,4,1),(352,7,14,1,4),(353,7,14,2,3),(354,7,14,3,3),(355,7,14,4,1),(356,7,15,1,4),(357,7,15,2,3),(358,7,15,3,3),(359,7,15,4,2),(360,7,16,1,4),(361,7,16,2,3),(362,7,16,3,3),(363,7,16,4,2),(364,7,17,1,4),(365,7,17,2,3),(366,7,17,3,3),(367,7,17,4,3),(368,7,17,5,1),(369,7,18,1,4),(370,7,18,2,3),(371,7,18,3,3),(372,7,18,4,3),(373,7,18,5,1),(374,7,19,1,4),(375,7,19,2,3),(376,7,19,3,3),(377,7,19,4,3),(378,7,19,5,2),(379,7,20,1,4),(380,7,20,2,3),(381,7,20,3,3),(382,7,20,4,3),(383,7,20,5,2),(384,8,2,1,2),(385,8,3,1,3),(386,8,4,1,3),(387,8,5,1,4),(388,8,5,2,2),(389,8,6,1,4),(390,8,6,2,2),(391,8,7,1,4),(392,8,7,2,3),(393,8,8,1,4),(394,8,8,2,3),(395,8,9,1,4),(396,8,9,2,3),(397,8,9,3,2),(398,8,10,1,4),(399,8,10,2,3),(400,8,10,3,2),(401,8,11,1,4),(402,8,11,2,3),(403,8,11,3,3),(404,8,12,1,4),(405,8,12,2,3),(406,8,12,3,3),(407,8,13,1,4),(408,8,13,2,3),(409,8,13,3,3),(410,8,13,4,1),(411,8,14,1,4),(412,8,14,2,3),(413,8,14,3,3),(414,8,14,4,1),(415,8,15,1,4),(416,8,15,2,3),(417,8,15,3,3),(418,8,15,4,2),(419,8,16,1,4),(420,8,16,2,3),(421,8,16,3,3),(422,8,16,4,2),(423,8,17,1,4),(424,8,17,2,3),(425,8,17,3,3),(426,8,17,4,3),(427,8,17,5,1),(428,8,18,1,4),(429,8,18,2,3),(430,8,18,3,3),(431,8,18,4,3),(432,8,18,5,1),(433,8,19,1,4),(434,8,19,2,3),(435,8,19,3,3),(436,8,19,4,3),(437,8,19,5,2),(438,8,20,1,4),(439,8,20,2,3),(440,8,20,3,3),(441,8,20,4,3),(442,8,20,5,2),(443,10,1,1,2),(444,10,2,1,3),(445,10,3,1,4),(446,10,3,2,2),(447,10,4,1,4),(448,10,4,2,3),(449,10,5,1,4),(450,10,5,2,3),(451,10,5,3,2),(452,10,6,1,4),(453,10,6,2,3),(454,10,6,3,3),(455,10,7,1,4),(456,10,7,2,3),(457,10,7,3,3),(458,10,7,4,1),(459,10,8,1,4),(460,10,8,2,3),(461,10,8,3,3),(462,10,8,4,2),(463,10,9,1,4),(464,10,9,2,3),(465,10,9,3,3),(466,10,9,4,3),(467,10,9,5,1),(468,10,10,1,4),(469,10,10,2,3),(470,10,10,3,3),(471,10,10,4,3),(472,10,10,5,2),(473,10,11,1,4),(474,10,11,2,3),(475,10,11,3,3),(476,10,11,4,3),(477,10,11,5,2),(478,10,11,6,1),(479,10,12,1,4),(480,10,12,2,3),(481,10,12,3,3),(482,10,12,4,3),(483,10,12,5,2),(484,10,12,6,1),(485,10,13,1,4),(486,10,13,2,3),(487,10,13,3,3),(488,10,13,4,3),(489,10,13,5,2),(490,10,13,6,1),(491,10,13,7,1),(492,10,14,1,4),(493,10,14,2,3),(494,10,14,3,3),(495,10,14,4,3),(496,10,14,5,2),(497,10,14,6,1),(498,10,14,7,1),(499,10,15,1,4),(500,10,15,2,3),(501,10,15,3,3),(502,10,15,4,3),(503,10,15,5,2),(504,10,15,6,1),(505,10,15,7,1),(506,10,15,8,1),(507,10,16,1,4),(508,10,16,2,3),(509,10,16,3,3),(510,10,16,4,3),(511,10,16,5,2),(512,10,16,6,1),(513,10,16,7,1),(514,10,16,8,1),(515,10,17,1,4),(516,10,17,2,3),(517,10,17,3,3),(518,10,17,4,3),(519,10,17,5,2),(520,10,17,6,1),(521,10,17,7,1),(522,10,17,8,1),(523,10,17,9,1),(524,10,18,1,4),(525,10,18,2,3),(526,10,18,3,3),(527,10,18,4,3),(528,10,18,5,3),(529,10,18,6,1),(530,10,18,7,1),(531,10,18,8,1),(532,10,18,9,1),(533,10,19,1,4),(534,10,19,2,3),(535,10,19,3,3),(536,10,19,4,3),(537,10,19,5,3),(538,10,19,6,2),(539,10,19,7,1),(540,10,19,8,1),(541,10,19,9,1),(542,10,20,1,4),(543,10,20,2,3),(544,10,20,3,3),(545,10,20,4,3),(546,10,20,5,3),(547,10,20,6,2),(548,10,20,7,2),(549,10,20,8,1),(550,10,20,9,1),(551,11,1,1,1),(552,11,2,1,2),(553,11,3,2,2),(554,11,4,2,2),(555,11,5,3,2),(556,11,6,3,2),(557,11,7,4,2),(558,11,8,4,2),(559,11,9,5,2),(560,11,10,5,2),(561,11,11,5,3),(562,11,12,5,3),(563,11,13,5,3),(564,11,14,5,3),(565,11,15,5,3),(566,11,16,5,3),(567,11,17,5,4),(568,11,18,5,4),(569,11,19,5,4),(570,11,20,5,4),(571,12,1,1,2),(572,12,2,1,3),(573,12,3,1,4),(574,12,3,2,2),(575,12,4,1,4),(576,12,4,2,3),(577,12,5,1,4),(578,12,5,2,3),(579,12,5,3,2),(580,12,6,1,4),(581,12,6,2,3),(582,12,6,3,3),(583,12,7,1,4),(584,12,7,2,3),(585,12,7,3,3),(586,12,7,4,1),(587,12,8,1,4),(588,12,8,2,3),(589,12,8,3,3),(590,12,8,4,2),(591,12,9,1,4),(592,12,9,2,3),(593,12,9,3,3),(594,12,9,4,3),(595,12,9,5,1),(596,12,10,1,4),(597,12,10,2,3),(598,12,10,3,3),(599,12,10,4,3),(600,12,10,5,2),(601,12,11,1,4),(602,12,11,2,3),(603,12,11,3,3),(604,12,11,4,3),(605,12,11,5,2),(606,12,11,6,1),(607,12,12,1,4),(608,12,12,2,3),(609,12,12,3,3),(610,12,12,4,3),(611,12,12,5,2),(612,12,12,6,1),(613,12,13,1,4),(614,12,13,2,3),(615,12,13,3,3),(616,12,13,4,3),(617,12,13,5,2),(618,12,13,6,1),(619,12,13,7,1),(620,12,14,1,4),(621,12,14,2,3),(622,12,14,3,3),(623,12,14,4,3),(624,12,14,5,2),(625,12,14,6,1),(626,12,14,7,1),(627,12,15,1,4),(628,12,15,2,3),(629,12,15,3,3),(630,12,15,4,3),(631,12,15,5,2),(632,12,15,6,1),(633,12,15,7,1),(634,12,15,8,1),(635,12,16,1,4),(636,12,16,2,3),(637,12,16,3,3),(638,12,16,4,3),(639,12,16,5,2),(640,12,16,6,1),(641,12,16,7,1),(642,12,16,8,1),(643,12,17,1,4),(644,12,17,2,3),(645,12,17,3,3),(646,12,17,4,3),(647,12,17,5,2),(648,12,17,6,1),(649,12,17,7,1),(650,12,17,8,1),(651,12,17,9,1),(652,12,18,1,4),(653,12,18,2,3),(654,12,18,3,3),(655,12,18,4,3),(656,12,18,5,3),(657,12,18,6,1),(658,12,18,7,1),(659,12,18,8,1),(660,12,18,9,1),(661,12,19,1,4),(662,12,19,2,3),(663,12,19,3,3),(664,12,19,4,3),(665,12,19,5,3),(666,12,19,6,2),(667,12,19,7,1),(668,12,19,8,1),(669,12,19,9,1),(670,12,20,1,4),(671,12,20,2,3),(672,12,20,3,3),(673,12,20,4,3),(674,12,20,5,3),(675,12,20,6,2),(676,12,20,7,2),(677,12,20,8,1),(678,12,20,9,1);
/*!40000 ALTER TABLE `spell_slot_progression` ENABLE KEYS */;
UNLOCK TABLES;

--
-- Table structure for table `spells`
--

DROP TABLE IF EXISTS `spells`;
/*!40101 SET @saved_cs_client     = @@character_set_client */;
/*!50503 SET character_set_client = utf8mb4 */;
CREATE TABLE `spells` (
  `id` bigint NOT NULL AUTO_INCREMENT,
  `index_api` varchar(255) COLLATE utf8mb4_unicode_ci NOT NULL,
  `name` varchar(255) COLLATE utf8mb4_unicode_ci NOT NULL,
  `level` int NOT NULL,
  `school` varchar(255) COLLATE utf8mb4_unicode_ci DEFAULT NULL,
  `casting_time` varchar(255) COLLATE utf8mb4_unicode_ci DEFAULT NULL,
  `range` varchar(255) COLLATE utf8mb4_unicode_ci DEFAULT NULL,
  `duration` varchar(255) COLLATE utf8mb4_unicode_ci DEFAULT NULL,
  `components` varchar(255) COLLATE utf8mb4_unicode_ci DEFAULT NULL,
  `description` text COLLATE utf8mb4_unicode_ci,
  `attack_type` varchar(255) COLLATE utf8mb4_unicode_ci DEFAULT NULL,
  `damage_base` varchar(255) COLLATE utf8mb4_unicode_ci DEFAULT NULL,
  `damage_type` varchar(255) COLLATE utf8mb4_unicode_ci DEFAULT NULL,
  `dc_type` varchar(255) COLLATE utf8mb4_unicode_ci DEFAULT NULL,
  `extended_data_synced` bit(1) NOT NULL,
  PRIMARY KEY (`id`),
  UNIQUE KEY `index_api` (`index_api`),
  KEY `idx_spell_level` (`level`),
  KEY `idx_spell_name` (`name`),
  KEY `idx_index_api` (`index_api`),
  KEY `idx_spell_level_school` (`level`,`school`)
) ENGINE=InnoDB AUTO_INCREMENT=320 DEFAULT CHARSET=utf8mb4 COLLATE=utf8mb4_unicode_ci;
/*!40101 SET character_set_client = @saved_cs_client */;

--
-- Dumping data for table `spells`
--

LOCK TABLES `spells` WRITE;
/*!40000 ALTER TABLE `spells` DISABLE KEYS */;
INSERT INTO `spells` VALUES (1,'acid-arrow','Acid Arrow',2,'Evocation','1 action','90 feet','Instantaneous','V, S, M','A shimmering green arrow streaks toward a target within range and bursts in a spray of acid. Make a ranged spell attack against the target. On a hit, the target takes 4d4 acid damage immediately and 2d4 acid damage at the end of its next turn. On a miss, the arrow splashes the target with acid for half as much of the initial damage and no damage at the end of its next turn.','ranged','4d4','Acid',NULL,_binary ''),(2,'acid-splash','Acid Splash',0,'Conjuration','1 action','60 feet','Instantaneous','V, S','You hurl a bubble of acid. Choose one creature within range, or choose two creatures within range that are within 5 feet of each other. A target must succeed on a dexterity saving throw or take 1d6 acid damage.\nThis spell\'s damage increases by 1d6 when you reach 5th level (2d6), 11th level (3d6), and 17th level (4d6).',NULL,'1d6','Acid','DEX',_binary ''),(3,'aid','Aid',2,'Abjuration','1 action','30 feet','8 hours','V, S, M','Your spell bolsters your allies with toughness and resolve. Choose up to three creatures within range. Each target\'s hit point maximum and current hit points increase by 5 for the duration.',NULL,NULL,NULL,NULL,_binary ''),(4,'alarm','Alarm',1,'Abjuration','1 minute','30 feet','8 hours','V, S, M','You set an alarm against unwanted intrusion. Choose a door, a window, or an area within range that is no larger than a 20-foot cube. Until the spell ends, an alarm alerts you whenever a Tiny or larger creature touches or enters the warded area. When you cast the spell, you can designate creatures that won\'t set off the alarm. You also choose whether the alarm is mental or audible.\nA mental alarm alerts you with a ping in your mind if you are within 1 mile of the warded area. This ping awakens you if you are sleeping.\nAn audible alarm produces the sound of a hand bell for 10 seconds within 60 feet.',NULL,NULL,NULL,NULL,_binary ''),(5,'alter-self','Alter Self',2,'Transmutation','1 action','Self','Up to 1 hour','V, S','You assume a different form. When you cast the spell, choose one of the following options, the effects of which last for the duration of the spell. While the spell lasts, you can end one option as an action to gain the benefits of a different one.\n***Aquatic Adaptation.*** You adapt your body to an aquatic environment, sprouting gills and growing webbing between your fingers. You can breathe underwater and gain a swimming speed equal to your walking speed.\n***Change Appearance.*** You transform your appearance. You decide what you look like, including your height, weight, facial features, sound of your voice, hair length, coloration, and distinguishing characteristics, if any. You can make yourself appear as a member of another race, though none of your statistics change. You also can\'t appear as a creature of a different size than you, and your basic shape stays the same; if you\'re bipedal, you can\'t use this spell to become quadrupedal, for instance. At any time for the duration of the spell, you can use your action to change your appearance in this way again.\n***Natural Weapons.*** You grow claws, fangs, spines, horns, or a different natural weapon of your choice. Your unarmed strikes deal 1d6 bludgeoning, piercing, or slashing damage, as appropriate to the natural weapon you chose, and you are proficient with your unarmed strikes. Finally, the natural weapon is magic and you have a +1 bonus to the attack and damage rolls you make using it.',NULL,NULL,NULL,NULL,_binary ''),(6,'animal-friendship','Animal Friendship',1,'Enchantment','1 action','30 feet','24 hours','V, S, M','This spell lets you convince a beast that you mean it no harm. Choose a beast that you can see within range. It must see and hear you. If the beast\'s Intelligence is 4 or higher, the spell fails. Otherwise, the beast must succeed on a wisdom saving throw or be charmed by you for the spell\'s duration. If you or one of your companions harms the target, the spells ends.',NULL,NULL,NULL,'WIS',_binary ''),(7,'animal-messenger','Animal Messenger',2,'Enchantment','1 action','30 feet','24 hours','V, S, M','By means of this spell, you use an animal to deliver a message. Choose a Tiny beast you can see within range, such as a squirrel, a blue jay, or a bat. You specify a location, which you must have visited, and a recipient who matches a general description, such as \"a man or woman dressed in the uniform of the town guard\" or \"a red-haired dwarf wearing a pointed hat.\" You also speak a message of up to twenty-five words. The target beast travels for the duration of the spell toward the specified location, covering about 50 miles per 24 hours for a flying messenger, or 25 miles for other animals.\nWhen the messenger arrives, it delivers your message to the creature that you described, replicating the sound of your voice. The messenger speaks only to a creature matching the description you gave. If the messenger doesn\'t reach its destination before the spell ends, the message is lost, and the beast makes its way back to where you cast this spell.',NULL,NULL,NULL,NULL,_binary ''),(8,'animal-shapes','Animal Shapes',8,'Transmutation','1 action','30 feet','Up to 24 hours','V, S','Your magic turns others into beasts. Choose any number of willing creatures that you can see within range. You transform each target into the form of a Large or smaller beast with a challenge rating of 4 or lower. On subsequent turns, you can use your action to transform affected creatures into new forms.\nThe transformation lasts for the duration for each target, or until the target drops to 0 hit points or dies. You can choose a different form for each target. A target\'s game statistics are replaced by the statistics of the chosen beast, though the target retains its alignment and Intelligence, Wisdom, and Charisma scores. The target assumes the hit points of its new form, and when it reverts to its normal form, it returns to the number of hit points it had before it transformed. If it reverts as a result of dropping to 0 hit points, any excess damage carries over to its normal form. As long as the excess damage doesn\'t reduce the creature\'s normal form to 0 hit points, it isn\'t knocked unconscious. The creature is limited in the actions it can perform by the nature of its new form, and it can\'t speak or cast spells.\nThe target\'s gear melds into the new form. The target can\'t activate, wield, or otherwise benefit from any of its equipment.',NULL,NULL,NULL,NULL,_binary ''),(9,'animate-dead','Animate Dead',3,'Necromancy','1 minute','10 feet','Instantaneous','V, S, M','This spell creates an undead servant. Choose a pile of bones or a corpse of a Medium or Small humanoid within range. Your spell imbues the target with a foul mimicry of life, raising it as an undead creature. The target becomes a skeleton if you chose bones or a zombie if you chose a corpse (the GM has the creature\'s game statistics).\nOn each of your turns, you can use a bonus action to mentally command any creature you made with this spell if the creature is within 60 feet of you (if you control multiple creatures, you can command any or all of them at the same time, issuing the same command to each one). You decide what action the creature will take and where it will move during its next turn, or you can issue a general command, such as to guard a particular chamber or corridor. If you issue no commands, the creature only defends itself against hostile creatures. Once given an order, the creature continues to follow it until its task is complete.\nThe creature is under your control for 24 hours, after which it stops obeying any command you\'ve given it. To maintain control of the creature for another 24 hours, you must cast this spell on the creature again before the current 24-hour period ends. This use of the spell reasserts your control over up to four creatures you have animated with this spell, rather than animating a new one.',NULL,NULL,NULL,NULL,_binary ''),(10,'animate-objects','Animate Objects',5,'Transmutation','1 action','120 feet','Up to 1 minute','V, S','Objects come to life at your command. Choose up to ten nonmagical objects within range that are not being worn or carried. Medium targets count as two objects, Large targets count as four objects, Huge targets count as eight objects. You can\'t animate any object larger than Huge. Each target animates and becomes a creature under your control until the spell ends or until reduced to 0 hit points.\nAs a bonus action, you can mentally command any creature you made with this spell if the creature is within 500 feet of you (if you control multiple creatures, you can command any or all of them at the same time, issuing the same command to each one). You decide what action the creature will take and where it will move during its next turn, or you can issue a general command, such as to guard a particular chamber or corridor. If you issue no commands, the creature only defends itself against hostile creatures. Once given an order, the creature continues to follow it until its task is complete.\n##### Animated Object Statistics\n| Size | HP | AC | Attack | Str | Dex |\n|---|---|---|---|---|---|\n| Tiny | 20 | 18 | +8 to hit, 1d4 + 4 damage | 4 | 18 |\n| Small | 25 | 16 | +6 to hit, 1d8 + 2 damage | 6 | 14 |\n| Medium | 40 | 13 | +5 to hit, 2d6 + 1 damage | 10 | 12 |\n| Large | 50 | 10 | +6 to hit, 2d10 + 2 damage | 14 | 10 |\n| Huge | 80 | 10 | +8 to hit, 2d12 + 4 damage | 18 | 6 |\nAn animated object is a construct with AC, hit points, attacks, Strength, and Dexterity determined by its size. Its Constitution is 10 and its Intelligence and Wisdom are 3, and its Charisma is 1. Its speed is 30 feet; if the object lacks legs or other appendages it can use for locomotion, it instead has a flying speed of 30 feet and can hover. If the object is securely attached to a surface or a larger object, such as a chain bolted to a wall, its speed is 0. It has blindsight with a radius of 30 feet and is blind beyond that distance. When the animated object drops to 0 hit points, it reverts to its original object form, and any remaining damage carries over to its original object form.\nIf you command an object to attack, it can make a single melee attack against a creature within 5 feet of it. It makes a slam attack with an attack bonus and bludgeoning damage determined by its size. The GM might rule that a specific object inflicts slashing or piercing damage based on its form.',NULL,NULL,NULL,NULL,_binary ''),(11,'antilife-shell','Antilife Shell',5,'Abjuration','1 action','Self','Up to 1 hour','V, S','A shimmering barrier extends out from you in a 10-foot radius and moves with you, remaining centered on you and hedging out creatures other than undead and constructs. The barrier lasts for the duration.\nThe barrier prevents an affected creature from passing or reaching through. An affected creature can cast spells or make attacks with ranged or reach weapons through the barrier.\nIf you move so that an affected creature is forced to pass through the barrier, the spell ends.',NULL,NULL,NULL,NULL,_binary ''),(12,'antimagic-field','Antimagic Field',8,'Abjuration','1 action','Self','Up to 1 hour','V, S, M','A 10-foot-radius invisible sphere of antimagic surrounds you. This area is divorced from the magical energy that suffuses the multiverse. Within the sphere, spells can\'t be cast, summoned creatures disappear, and even magic items become mundane. Until the spell ends, the sphere moves with you, centered on you.\nSpells and other magical effects, except those created by an artifact or a deity, are suppressed in the sphere and can\'t protrude into it. A slot expended to cast a suppressed spell is consumed. While an effect is suppressed, it doesn\'t function, but the time it spends suppressed counts against its duration.\n***Targeted Effects.*** Spells and other magical effects, such as magic missile and charm person, that target a creature or an object in the sphere have no effect on that target.\n***Areas of Magic.*** The area of another spell or magical effect, such as fireball, can\'t extend into the sphere. If the sphere overlaps an area of magic, the part of the area that is covered by the sphere is suppressed. For example, the flames created by a wall of fire are suppressed within the sphere, creating a gap in the wall if the overlap is large enough.\n***Spells.*** Any active spell or other magical effect on a creature or an object in the sphere is suppressed while the creature or object is in it.\n***Magic Items.*** The properties and powers of magic items are suppressed in the sphere. For example, a +1 longsword in the sphere functions as a nonmagical longsword.\nA magic weapon\'s properties and powers are suppressed if it is used against a target in the sphere or wielded by an attacker in the sphere. If a magic weapon or a piece of magic ammunition fully leaves the sphere (for example, if you fire a magic arrow or throw a magic spear at a target outside the sphere), the magic of the item ceases to be suppressed as soon as it exits.\n***Magical Travel.*** Teleportation and planar travel fail to work in the sphere, whether the sphere is the destination or the departure point for such magical travel. A portal to another location, world, or plane of existence, as well as an opening to an extradimensional space such as that created by the rope trick spell, temporarily closes while in the sphere.\n***Creatures and Objects.*** A creature or object summoned or created by magic temporarily winks out of existence in the sphere. Such a creature instantly reappears once the space the creature occupied is no longer within the sphere.\n***Dispel Magic.*** Spells and magical effects such as dispel magic have no effect on the sphere. Likewise, the spheres created by different antimagic field spells don\'t nullify each other.',NULL,NULL,NULL,NULL,_binary ''),(13,'antipathy-sympathy','Antipathy/Sympathy',8,'Enchantment','1 hour','60 feet','10 days','V, S, M','This spell attracts or repels creatures of your choice. You target something within range, either a Huge or smaller object or creature or an area that is no larger than a 200-foot cube. Then specify a kind of intelligent creature, such as red dragons, goblins, or vampires. You invest the target with an aura that either attracts or repels the specified creatures for the duration. Choose antipathy or sympathy as the aura\'s effect.\n***Antipathy.*** The enchantment causes creatures of the kind you designated to feel an intense urge to leave the area and avoid the target. When such a creature can see the target or comes within 60 feet of it, the creature must succeed on a wisdom saving throw or become frightened. The creature remains frightened while it can see the target or is within 60 feet of it. While frightened by the target, the creature must use its movement to move to the nearest safe spot from which it can\'t see the target. If the creature moves more than 60 feet from the target and can\'t see it, the creature is no longer frightened, but the creature becomes frightened again if it regains sight of the target or moves within 60 feet of it.\n***Sympathy.*** The enchantment causes the specified creatures to feel an intense urge to approach the target while within 60 feet of it or able to see it. When such a creature can see the target or comes within 60 feet of it, the creature must succeed on a wisdom saving throw or use its movement on each of its turns to enter the area or move within reach of the target. When the creature has done so, it can\'t willingly move away from the target.\nIf the target damages or otherwise harms an affected creature, the affected creature can make a wisdom saving throw to end the effect, as described below.\n***Ending the Effect.*** If an affected creature ends its turn while not within 60 feet of the target or able to see it, the creature makes a wisdom saving throw. On a successful save, the creature is no longer affected by the target and recognizes the feeling of repugnance or attraction as magical. In addition, a creature affected by the spell is allowed another wisdom saving throw every 24 hours while the spell persists.\nA creature that successfully saves against this effect is immune to it for 1 minute, after which time it can be affected again.',NULL,NULL,NULL,NULL,_binary ''),(14,'arcane-eye','Arcane Eye',4,'Divination','1 action','30 feet','Up to 1 hour','V, S, M','You create an invisible, magical eye within range that hovers in the air for the duration.\nYou mentally receive visual information from the eye, which has normal vision and darkvision out to 30 feet. The eye can look in every direction.\nAs an action, you can move the eye up to 30 feet in any direction. There is no limit to how far away from you the eye can move, but it can\'t enter another plane of existence. A solid barrier blocks the eye\'s movement, but the eye can pass through an opening as small as 1 inch in diameter.',NULL,NULL,NULL,NULL,_binary ''),(15,'arcane-hand','Arcane Hand',5,'Evocation','1 action','120 feet','Up to 1 minute','V, S, M','You create a Large hand of shimmering, translucent force in an unoccupied space that you can see within range. The hand lasts for the spell\'s duration, and it moves at your command, mimicking the movements of your own hand.\nThe hand is an object that has AC 20 and hit points equal to your hit point maximum. If it drops to 0 hit points, the spell ends. It has a Strength of 26 (+8) and a Dexterity of 10 (+0). The hand doesn\'t fill its space.\nWhen you cast the spell and as a bonus action on your subsequent turns, you can move the hand up to 60 feet and then cause one of the following effects with it.\n***Clenched Fist.*** The hand strikes one creature or object within 5 feet of it. Make a melee spell attack for the hand using your game statistics. On a hit, the target takes 4d8 force damage.\n***Forceful Hand.*** The hand attempts to push a creature within 5 feet of it in a direction you choose. Make a check with the hand\'s Strength contested by the Strength (Athletics) check of the target. If the target is Medium or smaller, you have advantage on the check. If you succeed, the hand pushes the target up to 5 feet plus a number of feet equal to five times your spellcasting ability modifier. The hand moves with the target to remain within 5 feet of it.\n***Grasping Hand.*** The hand attempts to grapple a Huge or smaller creature within 5 feet of it. You use the hand\'s Strength score to resolve the grapple. If the target is Medium or smaller, you have advantage on the check. While the hand is grappling the target, you can use a bonus action to have the hand crush it. When you do so, the target takes bludgeoning damage equal to 2d6 + your spellcasting ability modifier.\n***Interposing Hand.*** The hand interposes itself between you and a creature you choose until you give the hand a different command. The hand moves to stay between you and the target, providing you with half cover against the target. The target can\'t move through the hand\'s space if its Strength score is less than or equal to the hand\'s Strength score. If its Strength score is higher than the hand\'s Strength score, the target can move toward you through the hand\'s space, but that space is difficult terrain for the target.',NULL,NULL,NULL,NULL,_binary ''),(16,'arcane-lock','Arcane Lock',2,'Abjuration','1 action','Touch','Until dispelled','V, S, M','You touch a closed door, window, gate, chest, or other entryway, and it becomes locked for the duration. You and the creatures you designate when you cast this spell can open the object normally. You can also set a password that, when spoken within 5 feet of the object, suppresses this spell for 1 minute. Otherwise, it is impassable until it is broken or the spell is dispelled or suppressed. Casting knock on the object suppresses arcane lock for 10 minutes.\nWhile affected by this spell, the object is more difficult to break or force open; the DC to break it or pick any locks on it increases by 10.',NULL,NULL,NULL,NULL,_binary ''),(17,'arcane-sword','Arcane Sword',7,'Evocation','1 action','60 feet','Up to 1 minute','V, S, M','You create a sword-shaped plane of force that hovers within range. It lasts for the duration.\nWhen the sword appears, you make a melee spell attack against a target of your choice within 5 feet of the sword. On a hit, the target takes 3d10 force damage. Until the spell ends, you can use a bonus action on each of your turns to move the sword up to 20 feet to a spot you can see and repeat this attack against the same target or a different one.','melee','3d10','Force',NULL,_binary ''),(18,'arcanists-magic-aura','Arcanist\'s Magic Aura',2,'Illusion','1 action','Touch','24 hours','V, S, M','You place an illusion on a creature or an object you touch so that divination spells reveal false information about it. The target can be a willing creature or an object that isn\'t being carried or worn by another creature.\nWhen you cast the spell, choose one or both of the following effects. The effect lasts for the duration. If you cast this spell on the same creature or object every day for 30 days, placing the same effect on it each time, the illusion lasts until it is dispelled.\n***False Aura.*** You change the way the target appears to spells and magical effects, such as detect magic, that detect magical auras. You can make a nonmagical object appear magical, a magical object appear nonmagical, or change the object\'s magical aura so that it appears to belong to a specific school of magic that you choose. When you use this effect on an object, you can make the false magic apparent to any creature that handles the item.\n***Mask.*** You change the way the target appears to spells and magical effects that detect creature types, such as a paladin\'s Divine Sense or the trigger of a symbol spell. You choose a creature type and other spells and magical effects treat the target as if it were a creature of that type or of that alignment.',NULL,NULL,NULL,NULL,_binary ''),(19,'astral-projection','Astral Projection',9,'Necromancy','1 hour','10 feet','Special','V, S, M','You and up to eight willing creatures within range project your astral bodies into the Astral Plane (the spell fails and the casting is wasted if you are already on that plane). The material body you leave behind is unconscious and in a state of suspended animation; it doesn\'t need food or air and doesn\'t age.\nYour astral body resembles your mortal form in almost every way, replicating your game statistics and possessions. The principal difference is the addition of a silvery cord that extends from between your shoulder blades and trails behind you, fading to invisibility after 1 foot. This cord is your tether to your material body. As long as the tether remains intact, you can find your way home. If the cord is cut--something that can happen only when an effect specifically states that it does--your soul and body are separated, killing you instantly.\nYour astral form can freely travel through the Astral Plane and can pass through portals there leading to any other plane. If you enter a new plane or return to the plane you were on when casting this spell, your body and possessions are transported along the silver cord, allowing you to re-enter your body as you enter the new plane. Your astral form is a separate incarnation. Any damage or other effects that apply to it have no effect on your physical body, nor do they persist when you return to it.\nThe spell ends for you and your companions when you use your action to dismiss it. When the spell ends, the affected creature returns to its physical body, and it awakens.\nThe spell might also end early for you or one of your companions. A successful dispel magic spell used against an astral or physical body ends the spell for that creature. If a creature\'s original body or its astral form drops to 0 hit points, the spell ends for that creature. If the spell ends and the silver cord is intact, the cord pulls the creature\'s astral form back to its body, ending its state of suspended animation.\nIf you are returned to your body prematurely, your companions remain in their astral forms and must find their own way back to their bodies, usually by dropping to 0 hit points.',NULL,NULL,NULL,NULL,_binary ''),(20,'augury','Augury',2,'Divination','1 minute','Self','Instantaneous','V, S, M','By casting gem-inlaid sticks, rolling dragon bones, laying out ornate cards, or employing some other divining tool, you receive an omen from an otherworldly entity about the results of a specific course of action that you plan to take within the next 30 minutes. The GM chooses from the following possible omens:\n- Weal, for good results\n- Woe, for bad results\n- Weal and woe, for both good and bad results\n- Nothing, for results that aren\'t especially good or bad\nThe spell doesn\'t take into account any possible circumstances that might change the outcome, such as the casting of additional spells or the loss or gain of a companion.\nIf you cast the spell two or more times before completing your next long rest, there is a cumulative 25 percent chance for each casting after the first that you get a random reading. The GM makes this roll in secret.',NULL,NULL,NULL,NULL,_binary ''),(21,'awaken','Awaken',5,'Transmutation','8 hours','Touch','Instantaneous','V, S, M','After spending the casting time tracing magical pathways within a precious gemstone, you touch a Huge or smaller beast or plant. The target must have either no Intelligence score or an Intelligence of 3 or less. The target gains an Intelligence of 10. The target also gains the ability to speak one language you know. If the target is a plant, it gains the ability to move its limbs, roots, vines, creepers, and so forth, and it gains senses similar to a human\'s. Your GM chooses statistics appropriate for the awakened plant, such as the statistics for the awakened shrub or the awakened tree.\nThe awakened beast or plant is charmed by you for 30 days or until you or your companions do anything harmful to it. When the charmed condition ends, the awakened creature chooses whether to remain friendly to you, based on how you treated it while it was charmed.',NULL,NULL,NULL,NULL,_binary ''),(22,'bane','Bane',1,'Enchantment','1 action','30 feet','Up to 1 minute','V, S, M','Up to three creatures of your choice that you can see within range must make charisma saving throws. Whenever a target that fails this saving throw makes an attack roll or a saving throw before the spell ends, the target must roll a d4 and subtract the number rolled from the attack roll or saving throw.',NULL,NULL,NULL,'CHA',_binary ''),(23,'banishment','Banishment',4,'Abjuration','1 action','60 feet','Up to 1 minute','V, S, M','You attempt to send one creature that you can see within range to another plane of existence. The target must succeed on a charisma saving throw or be banished.\nIf the target is native to the plane of existence you\'re on, you banish the target to a harmless demiplane. While there, the target is incapacitated. The target remains there until the spell ends, at which point the target reappears in the space it left or in the nearest unoccupied space if that space is occupied.\nIf the target is native to a different plane of existence than the one you\'re on, the target is banished with a faint popping noise, returning to its home plane. If the spell ends before 1 minute has passed, the target reappears in the space it left or in the nearest unoccupied space if that space is occupied. Otherwise, the target doesn\'t return.',NULL,NULL,NULL,'CHA',_binary ''),(24,'barkskin','Barkskin',2,'Transmutation','1 action','Touch','Up to 1 hour','V, S, M','You touch a willing creature. Until the spell ends, the target\'s skin has a rough, bark-like appearance, and the target\'s AC can\'t be less than 16, regardless of what kind of armor it is wearing.',NULL,NULL,NULL,NULL,_binary ''),(25,'beacon-of-hope','Beacon of Hope',3,'Abjuration','1 action','30 feet','Up to 1 minute','V, S','This spell bestows hope and vitality. Choose any number of creatures within range. For the duration, each target has advantage on wisdom saving throws and death saving throws, and regains the maximum number of hit points possible from any healing.',NULL,NULL,NULL,NULL,_binary ''),(26,'bestow-curse','Bestow Curse',3,'Necromancy','1 action','Touch','Up to 1 minute','V, S','You touch a creature, and that creature must succeed on a wisdom saving throw or become cursed for the duration of the spell. When you cast this spell, choose the nature of the curse from the following options:\n- Choose one ability score. While cursed, the target has disadvantage on ability checks and saving throws made with that ability score.\n- While cursed, the target has disadvantage on attack rolls against you.\n- While cursed, the target must make a wisdom saving throw at the start of each of its turns. If it fails, it wastes its action that turn doing nothing.\n- While the target is cursed, your attacks and spells deal an extra 1d8 necrotic damage to the target.\nA remove curse spell ends this effect. At the GM\'s option, you may choose an alternative curse effect, but it should be no more powerful than those described above. The GM has final say on such a curse\'s effect.',NULL,NULL,NULL,'WIS',_binary ''),(27,'black-tentacles','Black Tentacles',4,'Conjuration','1 action','90 feet','Up to 1 minute','V, S, M','Squirming, ebony tentacles fill a 20-foot square on ground that you can see within range. For the duration, these tentacles turn the ground in the area into difficult terrain.\nWhen a creature enters the affected area for the first time on a turn or starts its turn there, the creature must succeed on a Dexterity saving throw or take 3d6 bludgeoning damage and be restrained by the tentacles until the spell ends. A creature that starts its turn in the area and is already restrained by the tentacles takes 3d6 bludgeoning damage.\nA creature restrained by the tentacles can use its action to make a Strength or Dexterity check (its choice) against your spell save DC. On a success, it frees itself.',NULL,'3d6','Bludgeoning','DEX',_binary ''),(28,'blade-barrier','Blade Barrier',6,'Evocation','1 action','90 feet','Up to 10 minutes','V, S','You create a vertical wall of whirling, razor-sharp blades made of magical energy. The wall appears within range and lasts for the duration. You can make a straight wall up to 100 feet long, 20 feet high, and 5 feet thick, or a ringed wall up to 60 feet in diameter, 20 feet high, and 5 feet thick. The wall provides three-quarters cover to creatures behind it, and its space is difficult terrain.\nWhen a creature enters the wall\'s area for the first time on a turn or starts its turn there, the creature must make a dexterity saving throw. On a failed save, the creature takes 6d10 slashing damage. On a successful save, the creature takes half as much damage.',NULL,'6d10','Slashing','DEX',_binary ''),(29,'bless','Bless',1,'Enchantment','1 action','30 feet','Up to 1 minute','V, S, M','You bless up to three creatures of your choice within range. Whenever a target makes an attack roll or a saving throw before the spell ends, the target can roll a d4 and add the number rolled to the attack roll or saving throw.',NULL,NULL,NULL,NULL,_binary ''),(30,'blight','Blight',4,'Necromancy','1 action','30 feet','Instantaneous','V, S','Necromantic energy washes over a creature of your choice that you can see within range, draining moisture and vitality from it. The target must make a constitution saving throw. The target takes 8d8 necrotic damage on a failed save, or half as much damage on a successful one. The spell has no effect on undead or constructs.\nIf you target a plant creature or a magical plant, it makes the saving throw with disadvantage, and the spell deals maximum damage to it.\nIf you target a nonmagical plant that isn\'t a creature, such as a tree or shrub, it doesn\'t make a saving throw; it simply withers and dies.',NULL,'8d8','Necrotic','CON',_binary ''),(31,'blindness-deafness','Blindness/Deafness',2,'Necromancy','1 action','30 feet','1 minute','V','You can blind or deafen a foe. Choose one creature that you can see within range to make a constitution saving throw. If it fails, the target is either blinded or deafened (your choice) for the duration. At the end of each of its turns, the target can make a constitution saving throw. On a success, the spell ends.',NULL,NULL,NULL,'CON',_binary ''),(32,'blink','Blink',3,'Transmutation','1 action','Self','1 minute','V, S','Roll a d20 at the end of each of your turns for the duration of the spell. On a roll of 11 or higher, you vanish from your current plane of existence and appear in the Ethereal Plane (the spell fails and the casting is wasted if you were already on that plane). At the start of your next turn, and when the spell ends if you are on the Ethereal Plane, you return to an unoccupied space of your choice that you can see within 10 feet of the space you vanished from. If no unoccupied space is available within that range, you appear in the nearest unoccupied space (chosen at random if more than one space is equally near). You can dismiss this spell as an action.\nWhile on the Ethereal Plane, you can see and hear the plane you originated from, which is cast in shades of gray, and you can\'t see anything there more than 60 feet away. You can only affect and be affected by other creatures on the Ethereal Plane. Creatures that aren\'t there can\'t perceive you or interact with you, unless they have the ability to do so.',NULL,NULL,NULL,NULL,_binary ''),(33,'blur','Blur',2,'Illusion','1 action','Self','Up to 1 minute','V','Your body becomes blurred, shifting and wavering to all who can see you. For the duration, any creature has disadvantage on attack rolls against you. An attacker is immune to this effect if it doesn\'t rely on sight, as with blindsight, or can see through illusions, as with truesight.',NULL,NULL,NULL,NULL,_binary ''),(34,'branding-smite','Branding Smite',2,'Evocation','1 bonus action','Self','Up to 1 minute','V','The next time you hit a creature with a weapon attack before this spell ends, the weapon gleams with astral radiance as you strike. The attack deals an extra 2d6 radiant damage to the target, which becomes visible if it\'s invisible, and the target sheds dim light in a 5-foot radius and can\'t become invisible until the spell ends.',NULL,'2d6','Radiant',NULL,_binary ''),(35,'burning-hands','Burning Hands',1,'Evocation','1 action','Self','Instantaneous','V, S','As you hold your hands with thumbs touching and fingers spread, a thin sheet of flames shoots forth from your outstretched fingertips. Each creature in a 15-foot cone must make a dexterity saving throw. A creature takes 3d6 fire damage on a failed save, or half as much damage on a successful one.\nThe fire ignites any flammable objects in the area that aren\'t being worn or carried.',NULL,'3d6','Fire','DEX',_binary ''),(36,'call-lightning','Call Lightning',3,'Conjuration','1 action','120 feet','Up to 10 minutes','V, S','A storm cloud appears in the shape of a cylinder that is 10 feet tall with a 60-foot radius, centered on a point you can see 100 feet directly above you. The spell fails if you can\'t see a point in the air where the storm cloud could appear (for example, if you are in a room that can\'t accommodate the cloud).\nWhen you cast the spell, choose a point you can see within range. A bolt of lightning flashes down from the cloud to that point. Each creature within 5 feet of that point must make a dexterity saving throw. A creature takes 3d10 lightning damage on a failed save, or half as much damage on a successful one. On each of your turns until the spell ends, you can use your action to call down lightning in this way again, targeting the same point or a different one.\nIf you are outdoors in stormy conditions when you cast this spell, the spell gives you control over the existing storm instead of creating a new one. Under such conditions, the spell\'s damage increases by 1d10.',NULL,'3d10','Lightning',NULL,_binary ''),(37,'calm-emotions','Calm Emotions',2,'Enchantment','1 action','60 feet','Up to 1 minute','V, S','You attempt to suppress strong emotions in a group of people. Each humanoid in a 20-foot-radius sphere centered on a point you choose within range must make a charisma saving throw; a creature can choose to fail this saving throw if it wishes. If a creature fails its saving throw, choose one of the following two effects. You can suppress any effect causing a target to be charmed or frightened. When this spell ends, any suppressed effect resumes, provided that its duration has not expired in the meantime.\nAlternatively, you can make a target indifferent about creatures of your choice that it is hostile toward. This indifference ends if the target is attacked or harmed by a spell or if it witnesses any of its friends being harmed. When the spell ends, the creature becomes hostile again, unless the GM rules otherwise.',NULL,NULL,NULL,'CHA',_binary ''),(38,'chain-lightning','Chain Lightning',6,'Evocation','1 action','150 feet','Instantaneous','V, S, M','You create a bolt of lightning that arcs toward a target of your choice that you can see within range. Three bolts then leap from that target to as many as three other targets, each of which must be within 30 feet of the first target. A target can be a creature or an object and can be targeted by only one of the bolts.\nA target must make a dexterity saving throw. The target takes 10d8 lightning damage on a failed save, or half as much damage on a successful one.',NULL,'10d8','Lightning','DEX',_binary ''),(39,'charm-person','Charm Person',1,'Enchantment','1 action','30 feet','1 hour','V, S','You attempt to charm a humanoid you can see within range. It must make a wisdom saving throw, and does so with advantage if you or your companions are fighting it. If it fails the saving throw, it is charmed by you until the spell ends or until you or your companions do anything harmful to it. The charmed creature regards you as a friendly acquaintance. When the spell ends, the creature knows it was charmed by you.',NULL,NULL,NULL,'WIS',_binary ''),(40,'chill-touch','Chill Touch',0,'Necromancy','1 action','120 feet','1 round','V, S','You create a ghostly, skeletal hand in the space of a creature within range. Make a ranged spell attack against the creature to assail it with the chill of the grave. On a hit, the target takes 1d8 necrotic damage, and it can\'t regain hit points until the start of your next turn. Until then, the hand clings to the target.\nIf you hit an undead target, it also has disadvantage on attack rolls against you until the end of your next turn.\nThis spell\'s damage increases by 1d8 when you reach 5th level (2d8), 11th level (3d8), and 17th level (4d8).','ranged','1d8','Necrotic',NULL,_binary ''),(41,'circle-of-death','Circle of Death',6,'Necromancy','1 action','150 feet','Instantaneous','V, S, M','A sphere of negative energy ripples out in a 60-foot radius sphere from a point within range. Each creature in that area must make a constitution saving throw. A target takes 8d6 necrotic damage on a failed save, or half as much damage on a successful one.',NULL,'8d6','Necrotic','CON',_binary ''),(42,'clairvoyance','Clairvoyance',3,'Divination','10 minutes','1 mile','Up to 10 minutes','V, S, M','You create an invisible sensor within range in a location familiar to you (a place you have visited or seen before) or in an obvious location that is unfamiliar to you (such as behind a door, around a corner, or in a grove of trees). The sensor remains in place for the duration, and it can\'t be attacked or otherwise interacted with.\nWhen you cast the spell, you choose seeing or hearing. You can use the chosen sense through the sensor as if you were in its space. As your action, you can switch between seeing and hearing.\nA creature that can see the sensor (such as a creature benefiting from see invisibility or truesight) sees a luminous, intangible orb about the size of your fist.',NULL,NULL,NULL,NULL,_binary ''),(43,'clone','Clone',8,'Necromancy','1 hour','Touch','Instantaneous','V, S, M','This spell grows an inert duplicate of a living creature as a safeguard against death. This clone forms inside a sealed vessel and grows to full size and maturity after 120 days; you can also choose to have the clone be a younger version of the same creature. It remains inert and endures indefinitely, as long as its vessel remains undisturbed.\nAt any time after the clone matures, if the original creature dies, its soul transfers to the clone, provided that the soul is free and willing to return. The clone is physically identical to the original and has the same personality, memories, and abilities, but none of the original\'s equipment. The original creature\'s physical remains, if they still exist, become inert and can\'t thereafter be restored to life, since the creature\'s soul is elsewhere.',NULL,NULL,NULL,NULL,_binary ''),(44,'cloudkill','Cloudkill',5,'Conjuration','1 action','120 feet','Up to 10 minutes','V, S','You create a 20-foot-radius sphere of poisonous, yellow-green fog centered on a point you choose within range. The fog spreads around corners. It lasts for the duration or until strong wind disperses the fog, ending the spell. Its area is heavily obscured.\nWhen a creature enters the spell\'s area for the first time on a turn or starts its turn there, that creature must make a constitution saving throw. The creature takes 5d8 poison damage on a failed save, or half as much damage on a successful one. Creatures are affected even if they hold their breath or don\'t need to breathe.\nThe fog moves 10 feet away from you at the start of each of your turns, rolling along the surface of the ground. The vapors, being heavier than air, sink to the lowest level of the land, even pouring down openings.',NULL,'5d8','Poison','CON',_binary ''),(45,'color-spray','Color Spray',1,'Illusion','1 action','Self','1 round','V, S, M','A dazzling array of flashing, colored light springs from your hand. Roll 6d10; the total is how many hit points of creatures this spell can effect. Creatures in a 15-foot cone originating from you are affected in ascending order of their current hit points (ignoring unconscious creatures and creatures that can\'t see).\nStarting with the creature that has the lowest current hit points, each creature affected by this spell is blinded until the spell ends. Subtract each creature\'s hit points from the total before moving on to the creature with the next lowest hit points. A creature\'s hit points must be equal to or less than the remaining total for that creature to be affected.',NULL,NULL,NULL,NULL,_binary ''),(46,'command','Command',1,'Enchantment','1 action','60 feet','1 round','V','You speak a one-word command to a creature you can see within range. The target must succeed on a wisdom saving throw or follow the command on its next turn. The spell has no effect if the target is undead, if it doesn\'t understand your language, or if your command is directly harmful to it.\nSome typical commands and their effects follow. You might issue a command other than one described here. If you do so, the GM determines how the target behaves. If the target can\'t follow your command, the spell ends.\n***Approach.*** The target moves toward you by the shortest and most direct route, ending its turn if it moves within 5 feet of you.\n***Drop.*** The target drops whatever it is holding and then ends its turn.\n***Flee.*** The target spends its turn moving away from you by the fastest available means.\n***Grovel.*** The target falls prone and then ends its turn.\n***Halt.*** The target doesn\'t move and takes no actions. A flying creature stays aloft, provided that it is able to do so. If it must move to stay aloft, it flies the minimum distance needed to remain in the air.',NULL,NULL,NULL,'WIS',_binary ''),(47,'commune','Commune',5,'Divination','1 minute','Self','1 minute','V, S, M','You contact your deity or a divine proxy and ask up to three questions that can be answered with a yes or no. You must ask your questions before the spell ends. You receive a correct answer for each question.\nDivine beings aren\'t necessarily omniscient, so you might receive \"unclear\" as an answer if a question pertains to information that lies beyond the deity\'s knowledge. In a case where a one-word answer could be misleading or contrary to the deity\'s interests, the GM might offer a short phrase as an answer instead.\nIf you cast the spell two or more times before finishing your next long rest, there is a cumulative 25 percent chance for each casting after the first that you get no answer. The GM makes this roll in secret.',NULL,NULL,NULL,NULL,_binary ''),(48,'commune-with-nature','Commune With Nature',5,'Divination','1 minute','Self','Instantaneous','V, S','You briefly become one with nature and gain knowledge of the surrounding territory. In the outdoors, the spell gives you knowledge of the land within 3 miles of you. In caves and other natural underground settings, the radius is limited to 300 feet. The spell doesn\'t function where nature has been replaced by construction, such as in dungeons and towns.\nYou instantly gain knowledge of up to three facts of your choice about any of the following subjects as they relate to the area:\n- terrain and bodies of water\n- prevalent plants, minerals, animals, or peoples\n- powerful celestials, fey, fiends, elementals, or undead\n- influence from other planes of existence\n- buildings\nFor example, you could determine the location of powerful undead in the area, the location of major sources of safe drinking water, and the location of any nearby towns.',NULL,NULL,NULL,NULL,_binary ''),(49,'comprehend-languages','Comprehend Languages',1,'Divination','1 action','Self','1 hour','V, S, M','For the duration, you understand the literal meaning of any spoken language that you hear. You also understand any written language that you see, but you must be touching the surface on which the words are written. It takes about 1 minute to read one page of text.\nThis spell doesn\'t decode secret messages in a text or a glyph, such as an arcane sigil, that isn\'t part of a written language.',NULL,NULL,NULL,NULL,_binary ''),(50,'compulsion','Compulsion',4,'Enchantment','1 action','30 feet','Up to 1 minute','V, S','Creatures of your choice that you can see within range and that can hear you must make a wisdom saving throw. A target automatically succeeds on this saving throw if it can\'t be charmed. On a failed save, a target is affected by this spell. Until the spell ends, you can use a bonus action on each of your turns to designate a direction that is horizontal to you. Each affected target must use as much of its movement as possible to move in that direction on its next turn. It can take any action before it moves. After moving in this way, it can make another Wisdom save to try to end the effect.\nA target isn\'t compelled to move into an obviously deadly hazard, such as a fire or a pit, but it will provoke opportunity attacks to move in the designated direction.',NULL,NULL,NULL,'WIS',_binary ''),(51,'cone-of-cold','Cone of Cold',5,'Evocation','1 action','Self','Instantaneous','V, S, M','A blast of cold air erupts from your hands. Each creature in a 60-foot cone must make a constitution saving throw. A creature takes 8d8 cold damage on a failed save, or half as much damage on a successful one.\nA creature killed by this spell becomes a frozen statue until it thaws.',NULL,'8d8','Cold','CON',_binary ''),(52,'confusion','Confusion',4,'Enchantment','1 action','90 feet','Up to 1 minute','V, S, M','This spell assaults and twists creatures\' minds, spawning delusions and provoking uncontrolled action. Each creature in a 10-foot-radius sphere centered on a point you choose within range must succeed on a Wisdom saving throw when you cast this spell or be affected by it.\nAn affected target can\'t take reactions and must roll a d10 at the start of each of its turns to determine its behavior for that turn.\n| d10 | Behavior |\n|---|---|\n| 1 | The creature uses all its movement to move in a random direction. To determine the direction, roll a d8 and assign a direction to each die face. The creature doesn\'t take an action this turn. |\n| 2-6 | The creature doesn\'t move or take actions this turn. |\n| 7-8 | The creature uses its action to make a melee attack against a randomly determined creature within its reach. If there is no creature within its reach, the creature does nothing this turn. |\n| 9-10 | The creature can act and move normally. |\nAt the end of each of its turns, an affected target can make a Wisdom saving throw. If it succeeds, this effect ends for that target.',NULL,NULL,NULL,'WIS',_binary ''),(53,'conjure-animals','Conjure Animals',3,'Conjuration','1 action','60 feet','Up to 1 hour','V, S','You summon fey spirits that take the form of beasts and appear in unoccupied spaces that you can see within range. Choose one of the following options for what appears:\n- One beast of challenge rating 2 or lower\n- Two beasts of challenge rating 1 or lower\n- Four beasts of challenge rating 1/2 or lower\n- Eight beasts of challenge rating 1/4 or lower\n- Each beast is also considered fey, and it disappears when it drops to 0 hit points or when the spell ends.\nThe summoned creatures are friendly to you and your companions. Roll initiative for the summoned creatures as a group, which has its own turns. They obey any verbal commands that you issue to them (no action required by you). If you don\'t issue any commands to them, they defend themselves from hostile creatures, but otherwise take no actions.\nThe GM has the creatures\' statistics.',NULL,NULL,NULL,NULL,_binary ''),(54,'conjure-celestial','Conjure Celestial',7,'Conjuration','1 minute','90 feet','Up to 1 hour','V, S','You summon a celestial of challenge rating 4 or lower, which appears in an unoccupied space that you can see within range. The celestial disappears when it drops to 0 hit points or when the spell ends.\nThe celestial is friendly to you and your companions for the duration. Roll initiative for the celestial, which has its own turns. It obeys any verbal commands that you issue to it (no action required by you), as long as they don\'t violate its alignment. If you don\'t issue any commands to the celestial, it defends itself from hostile creatures but otherwise takes no actions.\nThe GM has the celestial\'s statistics.',NULL,NULL,NULL,NULL,_binary ''),(55,'conjure-elemental','Conjure Elemental',5,'Conjuration','1 minute','90 feet','Up to 1 hour','V, S, M','You call forth an elemental servant. Choose an area of air, earth, fire, or water that fills a 10-foot cube within range. An elemental of challenge rating 5 or lower appropriate to the area you chose appears in an unoccupied space within 10 feet of it. For example, a fire elemental emerges from a bonfire, and an earth elemental rises up from the ground. The elemental disappears when it drops to 0 hit points or when the spell ends.\nThe elemental is friendly to you and your companions for the duration. Roll initiative for the elemental, which has its own turns. It obeys any verbal commands that you issue to it (no action required by you). If you don\'t issue any commands to the elemental, it defends itself from hostile creatures but otherwise takes no actions.\nIf your concentration is broken, the elemental doesn\'t disappear. Instead, you lose control of the elemental, it becomes hostile toward you and your companions, and it might attack. An uncontrolled elemental can\'t be dismissed by you, and it disappears 1 hour after you summoned it.\nThe GM has the elemental\'s statistics.',NULL,NULL,NULL,NULL,_binary ''),(56,'conjure-fey','Conjure Fey',6,'Conjuration','1 minute','90 feet','Up to 1 hour','V, S','You summon a fey creature of challenge rating 6 or lower, or a fey spirit that takes the form of a beast of challenge rating 6 or lower. It appears in an unoccupied space that you can see within range. The fey creature disappears when it drops to 0 hit points or when the spell ends.\nThe fey creature is friendly to you and your companions for the duration. Roll initiative for the creature, which has its own turns. It obeys any verbal commands that you issue to it (no action required by you), as long as they don\'t violate its alignment. If you don\'t issue any commands to the fey creature, it defends itself from hostile creatures but otherwise takes no actions.\nIf your concentration is broken, the fey creature doesn\'t disappear. Instead, you lose control of the fey creature, it becomes hostile toward you and your companions, and it might attack. An uncontrolled fey creature can\'t be dismissed by you, and it disappears 1 hour after you summoned it.\nThe GM has the fey creature\'s statistics.',NULL,NULL,NULL,NULL,_binary ''),(57,'conjure-minor-elementals','Conjure Minor Elementals',4,'Conjuration','1 minute','90 feet','Up to 1 hour','V, S','You summon elementals that appear in unoccupied spaces that you can see within range. You choose one the following options for what appears:\n- One elemental of challenge rating 2 or lower\n- Two elementals of challenge rating 1 or lower\n- Four elementals of challenge rating 1/2 or lower\n- Eight elementals of challenge rating 1/4 or lower.\nAn elemental summoned by this spell disappears when it drops to 0 hit points or when the spell ends.\nThe summoned creatures are friendly to you and your companions. Roll initiative for the summoned creatures as a group, which has its own turns. They obey any verbal commands that you issue to them (no action required by you). If you don\'t issue any commands to them, they defend themselves from hostile creatures, but otherwise take no actions.\nThe GM has the creatures\' statistics.',NULL,NULL,NULL,NULL,_binary ''),(58,'conjure-woodland-beings','Conjure Woodland Beings',4,'Conjuration','1 action','60 feet','Up to 1 hour','V, S, M','You summon fey creatures that appear in unoccupied spaces that you can see within range. Choose one of the following options for what appears:\n- One fey creature of challenge rating 2 or lower\n- Two fey creatures of challenge rating 1 or lower\n- Four fey creatures of challenge rating 1/2 or lower\n- Eight fey creatures of challenge rating 1/4 or lower\nA summoned creature disappears when it drops to 0 hit points or when the spell ends.\nThe summoned creatures are friendly to you and your companions. Roll initiative for the summoned creatures as a group, which have their own turns. They obey any verbal commands that you issue to them (no action required by you). If you don\'t issue any commands to them, they defend themselves from hostile creatures, but otherwise take no actions.\nThe GM has the creatures\' statistics.',NULL,NULL,NULL,NULL,_binary ''),(59,'contact-other-plane','Contact Other Plane',5,'Divination','1 minute','Self','1 minute','V','You mentally contact a demigod, the spirit of a long-dead sage, or some other mysterious entity from another plane. Contacting this extraplanar intelligence can strain or even break your mind. When you cast this spell, make a DC 15 intelligence saving throw. On a failure, you take 6d6 psychic damage and are insane until you finish a long rest. While insane, you can\'t take actions, can\'t understand what other creatures say, can\'t read, and speak only in gibberish. A greater restoration spell cast on you ends this effect.\nOn a successful save, you can ask the entity up to five questions. You must ask your questions before the spell ends. The GM answers each question with one word, such as \"yes,\" \"no,\" \"maybe,\" \"never,\" \"irrelevant,\" or \"unclear\" (if the entity doesn\'t know the answer to the question). If a one-word answer would be misleading, the GM might instead offer a short phrase as an answer.',NULL,NULL,NULL,'INT',_binary ''),(60,'contagion','Contagion',5,'Necromancy','1 action','Touch','7 days','V, S','Your touch inflicts disease. Make a melee spell attack against a creature within your reach. On a hit, you afflict the creature with a disease of your choice from any of the ones described below.\nAt the end of each of the target\'s turns, it must make a constitution saving throw. After failing three of these saving throws, the disease\'s effects last for the duration, and the creature stops making these saves. After succeeding on three of these saving throws, the creature recovers from the disease, and the spell ends.\nSince this spell induces a natural disease in its target, any effect that removes a disease or otherwise ameliorates a disease\'s effects apply to it.\n***Blinding Sickness.*** Pain grips the creature\'s mind, and its eyes turn milky white. The creature has disadvantage on wisdom checks and wisdom saving throws and is blinded.\n***Filth Fever.*** A raging fever sweeps through the creature\'s body. The creature has disadvantage on strength checks, strength saving throws, and attack rolls that use Strength.\n***Flesh Rot.*** The creature\'s flesh decays. The creature has disadvantage on Charisma checks and vulnerability to all damage.\n***Mindfire.*** The creature\'s mind becomes feverish. The creature has disadvantage on intelligence checks and intelligence saving throws, and the creature behaves as if under the effects of the confusion spell during combat.\n***Seizure.*** The creature is overcome with shaking. The creature has disadvantage on dexterity checks, dexterity saving throws, and attack rolls that use Dexterity.\n***Slimy Doom.*** The creature begins to bleed uncontrollably. The creature has disadvantage on constitution checks and constitution saving throws. In addition, whenever the creature takes damage, it is stunned until the end of its next turn.','melee',NULL,NULL,'CON',_binary ''),(61,'contingency','Contingency',6,'Evocation','10 minutes','Self','10 days','V, S, M','Choose a spell of 5th level or lower that you can cast, that has a casting time of 1 action, and that can target you. You cast that spell--called the contingent spell--as part of casting contingency, expending spell slots for both, but the contingent spell doesn\'t come into effect. Instead, it takes effect when a certain circumstance occurs. You describe that circumstance when you cast the two spells. For example, a contingency cast with water breathing might stipulate that water breathing comes into effect when you are engulfed in water or a similar liquid.\nThe contingent spell takes effect immediately after the circumstance is met for the first time, whether or not you want it to. and then contingency ends.\nThe contingent spell takes effect only on you, even if it can normally target others. You can use only one contingency spell at a time. If you cast this spell again, the effect of another contingency spell on you ends. Also, contingency ends on you if its material component is ever not on your person.',NULL,NULL,NULL,NULL,_binary ''),(62,'continual-flame','Continual Flame',2,'Evocation','1 action','Touch','Until dispelled','V, S, M','A flame, equivalent in brightness to a torch, springs forth from an object that you touch. The effect looks like a regular flame, but it creates no heat and doesn\'t use oxygen. A continual flame can be covered or hidden but not smothered or quenched.',NULL,NULL,NULL,NULL,_binary ''),(63,'control-water','Control Water',4,'Transmutation','1 action','300 feet','Up to 10 minutes','V, S, M','Until the spell ends, you control any freestanding water inside an area you choose that is a cube up to 100 feet on a side. You can choose from any of the following effects when you cast this spell. As an action on your turn, you can repeat the same effect or choose a different one.\n***Flood.*** You cause the water level of all standing water in the area to rise by as much as 20 feet. If the area includes a shore, the flooding water spills over onto dry land.\nIf you choose an area in a large body of water, you instead create a 20-foot tall wave that travels from one side of the area to the other and then crashes down. Any Huge or smaller vehicles in the wave\'s path are carried with it to the other side. Any Huge or smaller vehicles struck by the wave have a 25 percent chance of capsizing.\nThe water level remains elevated until the spell ends or you choose a different effect. If this effect produced a wave, the wave repeats on the start of your next turn while the flood effect lasts.\n***Part Water.*** You cause water in the area to move apart and create a trench. The trench extends across the spell\'s area, and the separated water forms a wall to either side. The trench remains until the spell ends or you choose a different effect. The water then slowly fills in the trench over the course of the next round until the normal water level is restored.\n***Redirect Flow.*** You cause flowing water in the area to move in a direction you choose, even if the water has to flow over obstacles, up walls, or in other unlikely directions. The water in the area moves as you direct it, but once it moves beyond the spell\'s area, it resumes its flow based on the terrain conditions. The water continues to move in the direction you chose until the spell ends or you choose a different effect.\n***Whirlpool.*** This effect requires a body of water at least 50 feet square and 25 feet deep. You cause a whirlpool to form in the center of the area. The whirlpool forms a vortex that is 5 feet wide at the base, up to 50 feet wide at the top, and 25 feet tall. Any creature or object in the water and within 25 feet of the vortex is pulled 10 feet toward it. A creature can swim away from the vortex by making a Strength (Athletics) check against your spell save DC.\nWhen a creature enters the vortex for the first time on a turn or starts its turn there, it must make a strength saving throw. On a failed save, the creature takes 2d8 bludgeoning damage and is caught in the vortex until the spell ends. On a successful save, the creature takes half damage, and isn\'t caught in the vortex. A creature caught in the vortex can use its action to try to swim away from the vortex as described above, but has disadvantage on the Strength (Athletics) check to do so.\nThe first time each turn that an object enters the vortex, the object takes 2d8 bludgeoning damage; this damage occurs each round it remains in the vortex.',NULL,'2d8','Bludgeoning','STR',_binary ''),(64,'control-weather','Control Weather',8,'Transmutation','10 minutes','Self','Up to 8 hours','V, S, M','You take control of the weather within 5 miles of you for the duration. You must be outdoors to cast this spell. Moving to a place where you don\'t have a clear path to the sky ends the spell early.\nWhen you cast the spell, you change the current weather conditions, which are determined by the GM based on the climate and season. You can change precipitation, temperature, and wind. It takes 1d4 x 10 minutes for the new conditions to take effect. Once they do so, you can change the conditions again. When the spell ends, the weather gradually returns to normal.\nWhen you change the weather conditions, find a current condition on the following tables and change its stage by one, up or down. When changing the wind, you can change its direction.\n##### Precipitation\n| Stage | Condition |\n|---|---|\n| 1 | Clear |\n| 2 | Light clouds |\n| 3 | Overcast or ground fog |\n| 4 | Rain, hail, or snow |\n| 5 | Torrential rain, driving hail, or blizzard |\n##### Temperature\n| Stage | Condition |\n|---|---|\n| 1 | Unbearable heat |\n| 2 | Hot |\n| 3 | Warm |\n| 4 | Cool |\n| 5 | Cold |\n| 6 | Arctic cold |\n##### Wind\n| Stage | Condition |\n|---|---|\n| 1 | Calm |\n| 2 | Moderate wind |\n| 3 | Strong wind |\n| 4 | Gale |\n| 5 | Storm |',NULL,NULL,NULL,NULL,_binary ''),(65,'counterspell','Counterspell',3,'Abjuration','1 reaction','60 feet','Instantaneous','S','You attempt to interrupt a creature in the process of casting a spell. If the creature is casting a spell of 3rd level or lower, its spell fails and has no effect. If it is casting a spell of 4th level or higher, make an ability check using your spellcasting ability. The DC equals 10 + the spell\'s level. On a success, the creature\'s spell fails and has no effect.',NULL,NULL,NULL,NULL,_binary ''),(66,'create-food-and-water','Create Food and Water',3,'Conjuration','1 action','30 feet','Instantaneous','V, S','You create 45 pounds of food and 30 gallons of water on the ground or in containers within range, enough to sustain up to fifteen humanoids or five steeds for 24 hours. The food is bland but nourishing, and spoils if uneaten after 24 hours. The water is clean and doesn\'t go bad.',NULL,NULL,NULL,NULL,_binary ''),(67,'create-or-destroy-water','Create or Destroy Water',1,'Transmutation','1 action','30 feet','Instantaneous','V, S, M','You either create or destroy water.\n***Create Water.*** You create up to 10 gallons of clean water within range in an open container. Alternatively, the water falls as rain in a 30-foot cube within range.\n***Destroy Water.*** You destroy up to 10 gallons of water in an open container within range. Alternatively, you destroy fog in a 30-foot cube within range.',NULL,NULL,NULL,NULL,_binary ''),(68,'create-undead','Create Undead',6,'Necromancy','1 minute','10 feet','Instantaneous','V, S, M','You can cast this spell only at night. Choose up to three corpses of Medium or Small humanoids within range. Each corpse becomes a ghoul under your control. (The GM has game statistics for these creatures.)\nAs a bonus action on each of your turns, you can mentally command any creature you animated with this spell if the creature is within 120 feet of you (if you control multiple creatures, you can command any or all of them at the same time, issuing the same command to each one). You decide what action the creature will take and where it will move during its next turn, or you can issue a general command, such as to guard a particular chamber or corridor. If you issue no commands, the creature only defends itself against hostile creatures. Once given an order, the creature continues to follow it until its task is complete.\nThe creature is under your control for 24 hours, after which it stops obeying any command you have given it. To maintain control of the creature for another 24 hours, you must cast this spell on the creature before the current 24-hour period ends. This use of the spell reasserts your control over up to three creatures you have animated with this spell, rather than animating new ones.',NULL,NULL,NULL,NULL,_binary ''),(69,'creation','Creation',5,'Illusion','1 minute','30 feet','Special','V, S, M','You pull wisps of shadow material from the Shadowfell to create a nonliving object of vegetable matter within range: soft goods, rope, wood, or something similar. You can also use this spell to create mineral objects such as stone, crystal, or metal. The object created must be no larger than a 5-foot cube, and the object must be of a form and material that you have seen before.\nThe duration depends on the object\'s material. If the object is composed of multiple materials, use the shortest duration.\n| Material | Duration |\n|---|---|\n| Vegetable matter | 1 day |\n| Stone or crystal | 12 hours |\n| Precious metals | 1 hour |\n| Gems | 10 minutes |\n| Adamantine or mithral | 1 minute |\nUsing any material created by this spell as another spell\'s material component causes that spell to fail.',NULL,NULL,NULL,NULL,_binary ''),(70,'cure-wounds','Cure Wounds',1,'Evocation','1 action','Touch','Instantaneous','V, S','A creature you touch regains a number of hit points equal to 1d8 + your spellcasting ability modifier. This spell has no effect on undead or constructs.',NULL,NULL,NULL,NULL,_binary ''),(71,'dancing-lights','Dancing Lights',0,'Evocation','1 action','120 feet','Up to 1 minute','V, S, M','You create up to four torch-sized lights within range, making them appear as torches, lanterns, or glowing orbs that hover in the air for the duration. You can also combine the four lights into one glowing vaguely humanoid form of Medium size. Whichever form you choose, each light sheds dim light in a 10-foot radius.\nAs a bonus action on your turn, you can move the lights up to 60 feet to a new spot within range. A light must be within 20 feet of another light created by this spell, and a light winks out if it exceeds the spell\'s range.',NULL,NULL,NULL,NULL,_binary ''),(72,'darkness','Darkness',2,'Evocation','1 action','60 feet','Up to 10 minutes','V, M','Magical darkness spreads from a point you choose within range to fill a 15-foot-radius sphere for the duration. The darkness spreads around corners. A creature with darkvision can\'t see through this darkness, and nonmagical light can\'t illuminate it.\nIf the point you choose is on an object you are holding or one that isn\'t being worn or carried, the darkness emanates from the object and moves with it. Completely covering the source of the darkness with an opaque object, such as a bowl or a helm, blocks the darkness.\nIf any of this spell\'s area overlaps with an area of light created by a spell of 2nd level or lower, the spell that created the light is dispelled.',NULL,NULL,NULL,NULL,_binary ''),(73,'darkvision','Darkvision',2,'Transmutation','1 action','Touch','8 hours','V, S, M','You touch a willing creature to grant it the ability to see in the dark. For the duration, that creature has darkvision out to a range of 60 feet.',NULL,NULL,NULL,NULL,_binary ''),(74,'daylight','Daylight',3,'Evocation','1 action','60 feet','1 hour','V, S','A 60-foot-radius sphere of light spreads out from a point you choose within range. The sphere is bright light and sheds dim light for an additional 60 feet.\nIf you chose a point on an object you are holding or one that isn\'t being worn or carried, the light shines from the object and moves with it. Completely covering the affected object with an opaque object, such as a bowl or a helm, blocks the light.\nIf any of this spell\'s area overlaps with an area of darkness created by a spell of 3rd level or lower, the spell that created the darkness is dispelled.',NULL,NULL,NULL,NULL,_binary ''),(75,'death-ward','Death Ward',4,'Abjuration','1 action','Touch','8 hours','V, S','You touch a creature and grant it a measure of protection from death.\nThe first time the target would drop to 0 hit points as a result of taking damage, the target instead drops to 1 hit point, and the spell ends.\nIf the spell is still in effect when the target is subjected to an effect that would kill it instantaneously without dealing damage, that effect is instead negated against the target, and the spell ends.',NULL,NULL,NULL,NULL,_binary ''),(76,'delayed-blast-fireball','Delayed Blast Fireball',7,'Evocation','1 action','150 feet','Up to 1 minute','V, S, M','A beam of yellow light flashes from your pointing finger, then condenses to linger at a chosen point within range as a glowing bead for the duration. When the spell ends, either because your concentration is broken or because you decide to end it, the bead blossoms with a low roar into an explosion of flame that spreads around corners. Each creature in a 20-foot-radius sphere centered on that point must make a dexterity saving throw. A creature takes fire damage equal to the total accumulated damage on a failed save, or half as much damage on a successful one.\nThe spell\'s base damage is 12d6. If at the end of your turn the bead has not yet detonated, the damage increases by 1d6.\nIf the glowing bead is touched before the interval has expired, the creature touching it must make a dexterity saving throw. On a failed save, the spell ends immediately, causing the bead to erupt in flame. On a successful save, the creature can throw the bead up to 40 feet. When it strikes a creature or a solid object, the spell ends, and the bead explodes.\nThe fire damages objects in the area and ignites flammable objects that aren\'t being worn or carried.',NULL,'12d6','Fire','DEX',_binary ''),(77,'demiplane','Demiplane',8,'Conjuration','1 action','60 feet','1 hour','S','You create a shadowy door on a flat solid surface that you can see within range. The door is large enough to allow Medium creatures to pass through unhindered. When opened, the door leads to a demiplane that appears to be an empty room 30 feet in each dimension, made of wood or stone. When the spell ends, the door disappears, and any creatures or objects inside the demiplane remain trapped there, as the door also disappears from the other side.\nEach time you cast this spell, you can create a new demiplane, or have the shadowy door connect to a demiplane you created with a previous casting of this spell. Additionally, if you know the nature and contents of a demiplane created by a casting of this spell by another creature, you can have the shadowy door connect to its demiplane instead.',NULL,NULL,NULL,NULL,_binary ''),(78,'detect-evil-and-good','Detect Evil and Good',1,'Divination','1 action','Self','Up to 10 minutes','V, S','For the duration, you know if there is an aberration, celestial, elemental, fey, fiend, or undead within 30 feet of you, as well as where the creature is located. Similarly, you know if there is a place or object within 30 feet of you that has been magically consecrated or desecrated.\nThe spell can penetrate most barriers, but it is blocked by 1 foot of stone, 1 inch of common metal, a thin sheet of lead, or 3 feet of wood or dirt.',NULL,NULL,NULL,NULL,_binary ''),(79,'detect-magic','Detect Magic',1,'Divination','1 action','Self','Up to 10 minutes','V, S','For the duration, you sense the presence of magic within 30 feet of you. If you sense magic in this way, you can use your action to see a faint aura around any visible creature or object in the area that bears magic, and you learn its school of magic, if any.\nThe spell can penetrate most barriers, but it is blocked by 1 foot of stone, 1 inch of common metal, a thin sheet of lead, or 3 feet of wood or dirt.',NULL,NULL,NULL,NULL,_binary ''),(80,'detect-poison-and-disease','Detect Poison and Disease',1,'Divination','1 action','Self','Up to 10 minutes','V, S, M','For the duration, you can sense the presence and location of poisons, poisonous creatures, and diseases within 30 feet of you. You also identify the kind of poison, poisonous creature, or disease in each case.\nThe spell can penetrate most barriers, but it is blocked by 1 foot of stone, 1 inch of common metal, a thin sheet of lead, or 3 feet of wood or dirt.',NULL,NULL,NULL,NULL,_binary ''),(81,'detect-thoughts','Detect Thoughts',2,'Divination','1 action','Self','Up to 1 minute','V, S, M','For the duration, you can read the thoughts of certain creatures. When you cast the spell and as your action on each turn until the spell ends, you can focus your mind on any one creature that you can see within 30 feet of you. If the creature you choose has an Intelligence of 3 or lower or doesn\'t speak any language, the creature is unaffected.\nYou initially learn the surface thoughts of the creature - what is most on its mind in that moment. As an action, you can either shift your attention to another creature\'s thoughts or attempt to probe deeper into the same creature\'s mind. If you probe deeper, the target must make a Wisdom saving throw. If it fails, you gain insight into its reasoning (if any), its emotional state, and something that looms large in its mind (such as something it worries over, loves, or hates). If it succeeds, the spell ends. Either way, the target knows that you are probing into its mind, and unless you shift your attention to another creature\'s thoughts, the creature can use its action on its turn to make an Intelligence check contested by your Intelligence check; if it succeeds, the spell ends.\nQuestions verbally directed at the target creature naturally shape the course of its thoughts, so this spell is particularly effective as part of an interrogation.\nYou can also use this spell to detect the presence of thinking creatures you can\'t see. When you cast the spell or as your action during the duration, you can search for thoughts within 30 feet of you. The spell can penetrate barriers, but 2 feet of rock, 2 inches of any metal other than lead, or a thin sheet of lead blocks you. You can\'t detect a creature with an Intelligence of 3 or lower or one that doesn\'t speak any language.\nOnce you detect the presence of a creature in this way, you can read its thoughts for the rest of the duration as described above, even if you can\'t see it, but it must still be within range.',NULL,NULL,NULL,NULL,_binary ''),(82,'dimension-door','Dimension Door',4,'Conjuration','1 action','500 feet','Instantaneous','V','You teleport yourself from your current location to any other spot within range. You arrive at exactly the spot desired. It can be a place you can see, one you can visualize, or one you can describe by stating distance and direction, such as \"200 feet straight downward\" or \"upward to the northwest at a 45-degree angle, 300 feet.\"\nYou can bring along objects as long as their weight doesn\'t exceed what you can carry. You can also bring one willing creature of your size or smaller who is carrying gear up to its carrying capacity. The creature must be within 5 feet of you when you cast this spell.\nIf you would arrive in a place already occupied by an object or a creature, you and any creature traveling with you each take 4d6 force damage, and the spell fails to teleport you.',NULL,'4d6','Force',NULL,_binary ''),(83,'disguise-self','Disguise Self',1,'Illusion','1 action','Self','1 hour','V, S','You make yourself--including your clothing, armor, weapons, and other belongings on your person--look different until the spell ends or until you use your action to dismiss it. You can seem 1 foot shorter or taller and can appear thin, fat, or in between. You can\'t change your body type, so you must adopt a form that has the same basic arrangement of limbs. Otherwise, the extent of the illusion is up to you.\nThe changes wrought by this spell fail to hold up to physical inspection. For example, if you use this spell to add a hat to your outfit, objects pass through the hat, and anyone who touches it would feel nothing or would feel your head and hair. If you use this spell to appear thinner than you are, the hand of someone who reaches out to touch you would bump into you while it was seemingly still in midair.\nTo discern that you are disguised, a creature can use its action to inspect your appearance and must succeed on an Intelligence (Investigation) check against your spell save DC.',NULL,NULL,NULL,NULL,_binary ''),(84,'disintegrate','Disintegrate',6,'Transmutation','1 action','60 feet','Instantaneous','V, S, M','A thin green ray springs from your pointing finger to a target that you can see within range. The target can be a creature, an object, or a creation of magical force, such as the wall created by wall of force.\nA creature targeted by this spell must make a dexterity saving throw. On a failed save, the target takes 10d6 + 40 force damage. If this damage reduces the target to 0 hit points, it is disintegrated.\nA disintegrated creature and everything it is wearing and carrying, except magic items, are reduced to a pile of fine gray dust. The creature can be restored to life only by means of a true resurrection or a wish spell.\nThis spell automatically disintegrates a Large or smaller nonmagical object or a creation of magical force. If the target is a Huge or larger object or creation of force, this spell disintegrates a 10-foot-cube portion of it. A magic item is unaffected by this spell.',NULL,'10d6 + 40','Force','DEX',_binary ''),(85,'dispel-evil-and-good','Dispel Evil and Good',5,'Abjuration','1 action','Self','Up to 1 minute','V, S, M','Shimmering energy surrounds and protects you from fey, undead, and creatures originating from beyond the Material Plane. For the duration, celestials, elementals, fey, fiends, and undead have disadvantage on attack rolls against you.\nYou can end the spell early by using either of the following special functions.\n***Break Enchantment.*** As your action, you touch a creature you can reach that is charmed, frightened, or possessed by a celestial, an elemental, a fey, a fiend, or an undead. The creature you touch is no longer charmed, frightened, or possessed by such creatures.\n***Dismissal.*** As your action, make a melee spell attack against a celestial, an elemental, a fey, a fiend, or an undead you can reach. On a hit, you attempt to drive the creature back to its home plane. The creature must succeed on a charisma saving throw or be sent back to its home plane (if it isn\'t there already). If they aren\'t on their home plane, undead are sent to the Shadowfell, and fey are sent to the Feywild.',NULL,NULL,NULL,'CHA',_binary ''),(86,'dispel-magic','Dispel Magic',3,'Abjuration','1 action','120 feet','Instantaneous','V, S','Choose one creature, object, or magical effect within range. Any spell of 3rd level or lower on the target ends. For each spell of 4th level or higher on the target, make an ability check using your spellcasting ability. The DC equals 10 + the spell\'s level. On a successful check, the spell ends.',NULL,NULL,NULL,NULL,_binary ''),(87,'divination','Divination',4,'Divination','1 action','Self','Instantaneous','V, S, M','Your magic and an offering put you in contact with a god or a god\'s servants. You ask a single question concerning a specific goal, event, or activity to occur within 7 days. The GM offers a truthful reply. The reply might be a short phrase, a cryptic rhyme, or an omen.\nThe spell doesn\'t take into account any possible circumstances that might change the outcome, such as the casting of additional spells or the loss or gain of a companion.\nIf you cast the spell two or more times before finishing your next long rest, there is a cumulative 25 percent chance for each casting after the first that you get a random reading. The GM makes this roll in secret.',NULL,NULL,NULL,NULL,_binary ''),(88,'divine-favor','Divine Favor',1,'Evocation','1 bonus action','Self','Up to 1 minute','V, S','Your prayer empowers you with divine radiance. Until the spell ends, your weapon attacks deal an extra 1d4 radiant damage on a hit.',NULL,'1d4','Radiant',NULL,_binary ''),(89,'divine-word','Divine Word',7,'Evocation','1 bonus action','30 feet','Instantaneous','V','You utter a divine word, imbued with the power that shaped the world at the dawn of creation. Choose any number of creatures you can see within range. Each creature that can hear you must make a Charisma saving throw. On a failed save, a creature suffers an effect based on its current hit points:\n- 50 hit points or fewer: deafened for 1 minute\n- 40 hit points or fewer: deafened and blinded for 10 minutes\n- 30 hit points or fewer: blinded, deafened, and stunned for 1 hour\n- 20 hit points or fewer: killed instantly\nRegardless of its current hit points, a celestial, an elemental, a fey, or a fiend that fails its save is forced back to its plane of origin (if it isn\'t there already) and can\'t return to your current plane for 24 hours by any means short of a wish spell.',NULL,NULL,NULL,'CHA',_binary ''),(90,'dominate-beast','Dominate Beast',4,'Enchantment','1 action','60 feet','Up to 1 minute','V, S','You attempt to beguile a creature that you can see within range. It must succeed on a wisdom saving throw or be charmed by you for the duration. If you or creatures that are friendly to you are fighting it, it has advantage on the saving throw.\nWhile the creature is charmed, you have a telepathic link with it as long as the two of you are on the same plane of existence. You can use this telepathic link to issue commands to the creature while you are conscious (no action required), which it does its best to obey. You can specify a simple and general course of action, such as \"Attack that creature,\" \"Run over there,\" or \"Fetch that object.\" If the creature completes the order and doesn\'t receive further direction from you, it defends and preserves itself to the best of its ability.\nYou can use your action to take total and precise control of the target. Until the end of your next turn, the creature takes only the actions you choose, and doesn\'t do anything that you don\'t allow it to do. During this time, you can also cause the creature to use a reaction, but this requires you to use your own reaction as well. Each time the target takes damage, it makes a new wisdom saving throw against the spell. If the saving throw succeeds, the spell ends.',NULL,NULL,NULL,'WIS',_binary ''),(91,'dominate-monster','Dominate Monster',8,'Enchantment','1 action','60 feet','Up to 1 hour','V, S','You attempt to beguile a creature that you can see within range. It must succeed on a wisdom saving throw or be charmed by you for the duration. If you or creatures that are friendly to you are fighting it, it has advantage on the saving throw.\nWhile the creature is charmed, you have a telepathic link with it as long as the two of you are on the same plane of existence. You can use this telepathic link to issue commands to the creature while you are conscious (no action required), which it does its best to obey. You can specify a simple and general course of action, such as \"Attack that creature,\" \"Run over there,\" or \"Fetch that object.\" If the creature completes the order and doesn\'t receive further direction from you, it defends and preserves itself to the best of its ability.\nYou can use your action to take total and precise control of the target. Until the end of your next turn, the creature takes only the actions you choose, and doesn\'t do anything that you don\'t allow it to do. During this time, you can also cause the creature to use a reaction, but this requires you to use your own reaction as well.\nEach time the target takes damage, it makes a new wisdom saving throw against the spell. If the saving throw succeeds, the spell ends.',NULL,NULL,NULL,'WIS',_binary ''),(92,'dominate-person','Dominate Person',5,'Enchantment','1 action','60 feet','Up to 1 minute','V, S','You attempt to beguile a humanoid that you can see within range. It must succeed on a wisdom saving throw or be charmed by you for the duration. If you or creatures that are friendly to you are fighting it, it has advantage on the saving throw.\nWhile the target is charmed, you have a telepathic link with it as long as the two of you are on the same plane of existence. You can use this telepathic link to issue commands to the creature while you are conscious (no action required), which it does its best to obey. You can specify a simple and general course of action, such as \"Attack that creature,\" \"Run over there,\" or \"Fetch that object.\" If the creature completes the order and doesn\'t receive further direction from you, it defends and preserves itself to the best of its ability.\nYou can use your action to take total and precise control of the target. Until the end of your next turn, the creature takes only the actions you choose, and doesn\'t do anything that you don\'t allow it to do. During this time you can also cause the creature to use a reaction, but this requires you to use your own reaction as well.\nEach time the target takes damage, it makes a new wisdom saving throw against the spell. If the saving throw succeeds, the spell ends.',NULL,NULL,NULL,'WIS',_binary ''),(93,'dream','Dream',5,'Illusion','1 minute','Special','8 hours','V, S, M','This spell shapes a creature\'s dreams. Choose a creature known to you as the target of this spell. The target must be on the same plane of existence as you. Creatures that don\'t sleep, such as elves, can\'t be contacted by this spell. You, or a willing creature you touch, enters a trance state, acting as a messenger.\nWhile in the trance, the messenger is aware of his or her surroundings, but can\'t take actions or move.\nIf the target is asleep, the messenger appears in the target\'s dreams and can converse with the target as long as it remains asleep, through the duration of the spell. The messenger can also shape the environment of the dream, creating landscapes, objects, and other images. The messenger can emerge from the trance at any time, ending the effect of the spell early. The target recalls the dream perfectly upon waking. If the target is awake when you cast the spell, the messenger knows it, and can either end the trance (and the spell) or wait for the target to fall asleep, at which point the messenger appears in the target\'s dreams.\nYou can make the messenger appear monstrous and terrifying to the target. If you do, the messenger can deliver a message of no more than ten words and then the target must make a wisdom saving throw. On a failed save, echoes of the phantasmal monstrosity spawn a nightmare that lasts the duration of the target\'s sleep and prevents the target from gaining any benefit from that rest. In addition, when the target wakes up, it takes 3d6 psychic damage.\nIf you have a body part, lock of hair, clipping from a nail, or similar portion of the target\'s body, the target makes its saving throw with disadvantage.',NULL,'3d6','Psychic','WIS',_binary ''),(94,'druidcraft','Druidcraft',0,'Transmutation','1 action','30 feet','Instantaneous','V, S','Whispering to the spirits of nature, you create one of the following effects within \'range\':\n- You create a tiny, harmless sensory effect that predicts what the weather will be at your location for the next 24 hours. The effect might manifest as a golden orb for clear skies, a cloud for rain, falling snowflakes for snow, and so on. This effect persists for 1 round.\n- You instantly make a flower bloom, a seed pod open, or a leaf bud bloom.\n- You create an instantaneous, harmless sensory effect, such as falling leaves, a puff of wind, the sound of a small animal, or the faint order of skunk. The effect must fit in a 5-foot cube.\n- You instantly light or snuff out a candle, a torch, or a small campfire.',NULL,NULL,NULL,NULL,_binary ''),(95,'earthquake','Earthquake',8,'Evocation','1 action','500 feet','Up to 1 minute','V, S, M','You create a seismic disturbance at a point on the ground that you can see within range. For the duration, an intense tremor rips through the ground in a 100-foot-radius circle centered on that point and shakes creatures and structures in contact with the ground in that area.\nThe ground in the area becomes difficult terrain. Each creature on the ground that is concentrating must make a constitution saving throw. On a failed save, the creature\'s concentration is broken.\nWhen you cast this spell and at the end of each turn you spend concentrating on it, each creature on the ground in the area must make a dexterity saving throw. On a failed save, the creature is knocked prone.\nThis spell can have additional effects depending on the terrain in the area, as determined by the GM.\nFissures. Fissures open throughout the spell\'s area at the start of your next turn after you cast the spell. A total of 1d6 such fissures open in locations chosen by the GM. Each is 1d10 x 10 feet deep, 10 feet wide, and extends from one edge of the spell\'s area to the opposite side. A creature standing on a spot where a fissure opens must succeed on a dexterity saving throw or fall in. A creature that successfully saves moves with the fissure\'s edge as it opens.\nA fissure that opens beneath a structure causes it to automatically collapse (see below).\nStructures. The tremor deals 50 bludgeoning damage to any structure in contact with the ground in the area when you cast the spell and at the start of each of your turns until the spell ends. If a structure drops to 0 hit points, it collapses and potentially damages nearby creatures. A creature within half the distance of a structure\'s height must make a dexterity saving throw. On a failed save, the creature takes 5d6 bludgeoning damage, is knocked prone, and is buried in the rubble, requiring a DC 20 Strength (Athletics) check as an action to escape. The GM can adjust the DC higher or lower, depending on the nature of the rubble. On a successful save, the creature takes half as much damage and doesn\'t fall prone or become buried.',NULL,NULL,NULL,NULL,_binary ''),(96,'eldritch-blast','Eldritch Blast',0,'Evocation','1 action','120 feet','Instantaneous','V, S','A beam of crackling energy streaks toward a creature within range. Make a ranged spell attack against the target. On a hit, the target takes 1d10 force damage. The spell creates more than one beam when you reach higher levels: two beams at 5th level, three beams at 11th level, and four beams at 17th level. You can direct the beams at the same target or at different ones. Make a separate attack roll for each beam.','ranged','1d10','Force',NULL,_binary ''),(97,'enhance-ability','Enhance Ability',2,'Transmutation','1 action','Touch','Up to 1 hour','V, S, M','You touch a creature and bestow upon it a magical enhancement. Choose one of the following effects; the target gains that effect until the spell ends.\n***Bear\'s Endurance.*** The target has advantage on constitution checks. It also gains 2d6 temporary hit points, which are lost when the spell ends.\n***Bull\'s Strength.*** The target has advantage on strength checks, and his or her carrying capacity doubles.\n***Cat\'s Grace.*** The target has advantage on dexterity checks. It also doesn\'t take damage from falling 20 feet or less if it isn\'t incapacitated.\n***Eagle\'s Splendor.*** The target has advantage on Charisma checks.\n***Fox\'s Cunning.*** The target has advantage on intelligence checks.\n***Owl\'s Wisdom.*** The target has advantage on wisdom checks.',NULL,NULL,NULL,NULL,_binary ''),(98,'enlarge-reduce','Enlarge/Reduce',2,'Transmutation','1 action','30 feet','Up to 1 minute','V, S, M','You cause a creature or an object you can see within range to grow larger or smaller for the duration. Choose either a creature or an object that is neither worn nor carried. If the target is unwilling, it can make a Constitution saving throw. On a success, the spell has no effect.\nIf the target is a creature, everything it is wearing and carrying changes size with it. Any item dropped by an affected creature returns to normal size at once.\n***Enlarge.*** The target\'s size doubles in all dimensions, and its weight is multiplied by eight. This growth increases its size by one category-from Medium to Large, for example. If there isn\'t enough room for the target to double its size, the creature or object attains the maximum possible size in the space available. Until the spell ends, the target also has advantage on Strength checks and Strength saving throws. The target\'s weapons also grow to match its new size. While these weapons are enlarged, the target\'s attacks with them deal 1d4 extra damage.\n***Reduce.*** The target\'s size is halved in all dimensions, and its weight is reduced to one-eighth of normal. This reduction decreases its size by one category-from Medium to Small, for example. Until the spell ends, the target also has disadvantage on Strength checks and Strength saving throws. The target\'s weapons also shrink to match its new size. While these weapons are reduced, the target\'s attacks with them deal 1d4 less damage (this can\'t reduce the damage below 1).',NULL,NULL,NULL,'CON',_binary ''),(99,'entangle','Entangle',1,'Conjuration','1 action','90 feet','Up to 1 minute','V, S','Grasping weeds and vines sprout from the ground in a 20-foot square starting form a point within range. For the duration, these plants turn the ground in the area into difficult terrain.\nA creature in the area when you cast the spell must succeed on a strength saving throw or be restrained by the entangling plants until the spell ends. A creature restrained by the plants can use its action to make a Strength check against your spell save DC. On a success, it frees itself.\nWhen the spell ends, the conjured plants wilt away.',NULL,NULL,NULL,'STR',_binary ''),(100,'enthrall','Enthrall',2,'Enchantment','1 action','60 feet','1 minute','V, S','You weave a distracting string of words, causing creatures of your choice that you can see within range and that can hear you to make a wisdom saving throw. Any creature that can\'t be charmed succeeds on this saving throw automatically, and if you or your companions are fighting a creature, it has advantage on the save. On a failed save, the target has disadvantage on Wisdom (Perception) checks made to perceive any creature other than you until the spell ends or until the target can no longer hear you. The spell ends if you are incapacitated or can no longer speak.',NULL,NULL,NULL,'WIS',_binary ''),(101,'etherealness','Etherealness',7,'Transmutation','1 action','Self','8 hours','V, S','You step into the border regions of the Ethereal Plane, in the area where it overlaps with your current plane. You remain in the Border Ethereal for the duration or until you use your action to dismiss the spell. During this time, you can move in any direction. If you move up or down, every foot of movement costs an extra foot. You can see and hear the plane you originated from, but everything there looks gray, and you can\'t see anything more than 60 feet away.\nWhile on the Ethereal Plane, you can only affect and be affected by other creatures on that plane. Creatures that aren\'t on the Ethereal Plane can\'t perceive you and can\'t interact with you, unless a special ability or magic has given them the ability to do so.\nYou ignore all objects and effects that aren\'t on the Ethereal Plane, allowing you to move through objects you perceive on the plane you originated from.\nWhen the spell ends, you immediately return to the plane you originated from in the spot you currently occupy. If you occupy the same spot as a solid object or creature when this happens, you are immediately shunted to the nearest unoccupied space that you can occupy and take force damage equal to twice the number of feet you are moved.\nThis spell has no effect if you cast it while you are on the Ethereal Plane or a plane that doesn\'t border it, such as one of the Outer Planes.',NULL,NULL,NULL,NULL,_binary ''),(102,'expeditious-retreat','Expeditious Retreat',1,'Transmutation','1 bonus action','Self','Up to 10 minutes','V, S','This spell allows you to move at an incredible pace. When you cast this spell, and then as a bonus action on each of your turns until the spell ends, you can take the Dash action.',NULL,NULL,NULL,NULL,_binary ''),(103,'eyebite','Eyebite',6,'Necromancy','1 action','Self','Up to 1 minute','V, S','For the spell\'s duration, your eyes become an inky void imbued with dread power. One creature of your choice within 60 feet of you that you can see must succeed on a wisdom saving throw or be affected by one of the following effects of your choice for the duration. On each of your turns until the spell ends, you can use your action to target another creature but can\'t target a creature again if it has succeeded on a saving throw against this casting of eyebite.\n***Asleep.*** The target falls unconscious. It wakes up if it takes any damage or if another creature uses its action to shake the sleeper awake.\n***Panicked.*** The target is frightened of you. On each of its turns, the frightened creature must take the Dash action and move away from you by the safest and shortest available route, unless there is nowhere to move. If the target moves to a place at least 60 feet away from you where it can no longer see you, this effect ends.\n***Sickened.*** The target has disadvantage on attack rolls and ability checks. At the end of each of its turns, it can make another wisdom saving throw. If it succeeds, the effect ends.',NULL,NULL,NULL,'WIS',_binary ''),(104,'fabricate','Fabricate',4,'Transmutation','10 minutes','120 feet','Instantaneous','V, S','You convert raw materials into products of the same material. For example, you can fabricate a wooden bridge from a clump of trees, a rope from a patch of hemp, and clothes from flax or wool.\nChoose raw materials that you can see within range. You can fabricate a Large or smaller object (contained within a 10-foot cube, or eight connected 5-foot cubes), given a sufficient quantity of raw material. If you are working with metal, stone, or another mineral substance, however, the fabricated object can be no larger than Medium (contained within a single 5-foot cube). The quality of objects made by the spell is commensurate with the quality of the raw materials.\nCreatures or magic items can\'t be created or transmuted by this spell. You also can\'t use it to create items that ordinarily require a high degree of craftsmanship, such as jewelry, weapons, glass, or armor, unless you have proficiency with the type of artisan\'s tools used to craft such objects.',NULL,NULL,NULL,NULL,_binary ''),(105,'faerie-fire','Faerie Fire',1,'Evocation','1 action','60 feet','Up to 1 minute','V','Each object in a 20-foot cube within range is outlined in blue, green, or violet light (your choice). Any creature in the area when the spell is cast is also outlined in light if it fails a dexterity saving throw. For the duration, objects and affected creatures shed dim light in a 10-foot radius.\nAny attack roll against an affected creature or object has advantage if the attacker can see it, and the affected creature or object can\'t benefit from being invisible.',NULL,NULL,NULL,'DEX',_binary ''),(106,'faithful-hound','Faithful Hound',4,'Conjuration','1 action','30 feet','8 hours','V, S, M','You conjure a phantom watchdog in an unoccupied space that you can see within range, where it remains for the duration, until you dismiss it as an action, or until you move more than 100 feet away from it.\nThe hound is invisible to all creatures except you and can\'t be harmed. When a Small or larger creature comes within 30 feet of it without first speaking the password that you specify when you cast this spell, the hound starts barking loudly. The hound sees invisible creatures and can see into the Ethereal Plane. It ignores illusions.\nAt the start of each of your turns, the hound attempts to bite one creature within 5 feet of it that is hostile to you. The hound\'s attack bonus is equal to your spellcasting ability modifier + your proficiency bonus. On a hit, it deals 4d8 piercing damage.','melee','4d8','Piercing',NULL,_binary ''),(107,'false-life','False Life',1,'Necromancy','1 action','Self','1 hour','V, S, M','Bolstering yourself with a necromantic facsimile of life, you gain 1d4 + 4 temporary hit points for the duration.',NULL,NULL,NULL,NULL,_binary ''),(108,'fear','Fear',3,'Illusion','1 action','Self','Up to 1 minute','V, S, M','You project a phantasmal image of a creature\'s worst fears. Each creature in a 30-foot cone must succeed on a wisdom saving throw or drop whatever it is holding and become frightened for the duration.\nWhile frightened by this spell, a creature must take the Dash action and move away from you by the safest available route on each of its turns, unless there is nowhere to move. If the creature ends its turn in a location where it doesn\'t have line of sight to you, the creature can make a wisdom saving throw. On a successful save, the spell ends for that creature.',NULL,NULL,NULL,'WIS',_binary ''),(109,'feather-fall','Feather Fall',1,'Transmutation','1 reaction','60 feet','1 minute','V, M','Choose up to five falling creatures within range. A falling creature\'s rate of descent slows to 60 feet per round until the spell ends. If the creature lands before the spell ends, it takes no falling damage and can land on its feet, and the spell ends for that creature.',NULL,NULL,NULL,NULL,_binary ''),(110,'feeblemind','Feeblemind',8,'Enchantment','1 action','150 feet','Instantaneous','V, S, M','You blast the mind of a creature that you can see within range, attempting to shatter its intellect and personality. The target takes 4d6 psychic damage and must make an intelligence saving throw.\nOn a failed save, the creature\'s Intelligence and Charisma scores become 1. The creature can\'t cast spells, activate magic items, understand language, or communicate in any intelligible way. The creature can, however, identify its friends, follow them, and even protect them.\nAt the end of every 30 days, the creature can repeat its saving throw against this spell. If it succeeds on its saving throw, the spell ends.\nThe spell can also be ended by greater restoration, heal, or wish.',NULL,'4d6','Psychic','INT',_binary ''),(111,'find-familiar','Find Familiar',1,'Conjuration','1 hour','10 feet','Instantaneous','V, S, M','You gain the service of a familiar, a spirit that takes an animal form you choose: bat, cat, crab, frog (toad), hawk, lizard, octopus, owl, poisonous snake, fish (quipper), rat, raven, sea horse, spider, or weasel. Appearing in an unoccupied space within range, the familiar has the statistics of the chosen form, though it is a celestial, fey, or fiend (your choice) instead of a beast.\nYour familiar acts independently of you, but it always obeys your commands. In combat, it rolls its own initiative and acts on its own turn. A familiar can\'t attack, but it can take other actions as normal.\nWhen the familiar drops to 0 hit points, it disappears, leaving behind no physical form. It reappears after you cast this spell again.\nWhile your familiar is within 100 feet of you, you can communicate with it telepathically. Additionally, as an action, you can see through your familiar\'s eyes and hear what it hears until the start of your next turn, gaining the benefits of any special senses that the familiar has. During this time, you are deaf and blind with regard to your own senses.\nAs an action, you can temporarily dismiss your familiar. It disappears into a pocket dimension where it awaits your summons. Alternatively, you can dismiss it forever. As an action while it is temporarily dismissed, you can cause it to reappear in any unoccupied space within 30 feet of you.\nYou can\'t have more than one familiar at a time. If you cast this spell while you already have a familiar, you instead cause it to adopt a new form. Choose one of the forms from the above list. Your familiar transforms into the chosen creature.\nFinally, when you cast a spell with a range of touch, your familiar can deliver the spell as if it had cast the spell. Your familiar must be within 100 feet of you, and it must use its reaction to deliver the spell when you cast it. If the spell requires an attack roll, you use your action modifier for the roll.',NULL,NULL,NULL,NULL,_binary ''),(112,'find-steed','Find Steed',2,'Conjuration','10 minutes','30 feet','Instantaneous','V, S','You summon a spirit that assumes the form of an unusually intelligent, strong, and loyal steed, creating a long-lasting bond with it. Appearing in an unoccupied space within range, the steed takes on a form that you choose, such as a warhorse, a pony, a camel, an elk, or a mastiff. (Your GM might allow other animals to be summoned as steeds.) The steed has the statistics of the chosen form, though it is a celestial, fey, or fiend (your choice) instead of its normal type. Additionally, if your steed has an Intelligence of 5 or less, its Intelligence becomes 6, and it gains the ability to understand one language of your choice that you speak.\nYour steed serves you as a mount, both in combat and out, and you have an instinctive bond with it that allows you to fight as a seamless unit. While mounted on your steed, you can make any spell you cast that targets only you also target your steed.\nWhen the steed drops to 0 hit points, it disappears, leaving behind no physical form. You can also dismiss your steed at any time as an action, causing it to disappear. In either case, casting this spell again summons the same steed, restored to its hit point maximum.\nWhile your steed is within 1 mile of you, you can communicate with it telepathically.\nYou can\'t have more than one steed bonded by this spell at a time. As an action, you can release the steed from its bond at any time, causing it to disappear.',NULL,NULL,NULL,NULL,_binary ''),(113,'find-the-path','Find the Path',6,'Divination','1 minute','Self','Up to 24 hours','V, S, M','This spell allows you to find the shortest, most direct physical route to a specific fixed location that you are familiar with on the same plane of existence. If you name a destination on another plane of existence, a destination that moves (such as a mobile fortress), or a destination that isn\'t specific (such as \"a green dragon\'s lair\"), the spell fails.\nFor the duration, as long as you are on the same plane of existence as the destination, you know how far it is and in what direction it lies. While you are traveling there, whenever you are presented with a choice of paths along the way, you automatically determine which path is the shortest and most direct route (but not necessarily the safest route) to the destination.',NULL,NULL,NULL,NULL,_binary ''),(114,'find-traps','Find Traps',2,'Divination','1 action','120 feet','Instantaneous','V, S','You sense the presence of any trap within range that is within line of sight. A trap, for the purpose of this spell, includes anything that would inflict a sudden or unexpected effect you consider harmful or undesirable, which was specifically intended as such by its creator. Thus, the spell would sense an area affected by the alarm spell, a glyph of warding, or a mechanical pit trap, but it would not reveal a natural weakness in the floor, an unstable ceiling, or a hidden sinkhole.\nThis spell merely reveals that a trap is present. You don\'t learn the location of each trap, but you do learn the general nature of the danger posed by a trap you sense.',NULL,NULL,NULL,NULL,_binary ''),(115,'finger-of-death','Finger of Death',7,'Necromancy','1 action','60 feet','Instantaneous','V, S','You send negative energy coursing through a creature that you can see within range, causing it searing pain. The target must make a constitution saving throw. It takes 7d8 + 30 necrotic damage on a failed save, or half as much damage on a successful one.\nA humanoid killed by this spell rises at the start of your next turn as a zombie that is permanently under your command, following your verbal orders to the best of its ability.',NULL,'7d8 + 30','Necrotic','CON',_binary ''),(116,'fire-bolt','Fire Bolt',0,'Evocation','1 action','120 feet','Instantaneous','V, S','You hurl a mote of fire at a creature or object within range. Make a ranged spell attack against the target. On a hit, the target takes 1d10 fire damage. A flammable object hit by this spell ignites if it isn\'t being worn or carried.\nThis spell\'s damage increases by 1d10 when you reach 5th level (2d10), 11th level (3d10), and 17th level (4d10).','ranged','1d10','Fire',NULL,_binary ''),(117,'fire-shield','Fire Shield',4,'Evocation','1 action','Self','10 minutes','V, S, M','Thin and vaporous flame surround your body for the duration of the spell, radiating a bright light bright light in a 10-foot radius and dim light for an additional 10 feet. You can end the spell using an action to make it disappear.\nThe flames are around you a heat shield or cold, your choice. The heat shield gives you cold damage resistance and the cold resistance to fire damage.\nIn addition, whenever a creature within 5 feet of you hits you with a melee attack, flames spring from the shield. The attacker then suffers 2d8 points of fire damage or cold, depending on the model.',NULL,'2d8','Fire',NULL,_binary ''),(118,'fire-storm','Fire Storm',7,'Evocation','1 action','150 feet','Instantaneous','V, S','A storm made up of sheets of roaring flame appears in a location you choose within range. The area of the storm consists of up to ten 10-foot cubes, which you can arrange as you wish. Each cube must have at least one face adjacent to the face of another cube. Each creature in the area must make a dexterity saving throw. It takes 7d10 fire damage on a failed save, or half as much damage on a successful one.\nThe fire damages objects in the area and ignites flammable objects that aren\'t being worn or carried. If you choose, plant life in the area is unaffected by this spell.',NULL,'7d10','Fire','DEX',_binary ''),(119,'fireball','Fireball',3,'Evocation','1 action','150 feet','Instantaneous','V, S, M','A bright streak flashes from your pointing finger to a point you choose within range and then blossoms with a low roar into an explosion of flame. Each creature in a 20-foot-radius sphere centered on that point must make a dexterity saving throw. A target takes 8d6 fire damage on a failed save, or half as much damage on a successful one.\nThe fire spreads around corners. It ignites flammable objects in the area that aren\'t being worn or carried.',NULL,'8d6','Fire','DEX',_binary ''),(120,'flame-blade','Flame Blade',2,'Evocation','1 bonus action','Self','Up to 10 minutes','V, S, M','You evoke a fiery blade in your free hand. The blade is similar in size and shape to a scimitar, and it lasts for the duration. If you let go of the blade, it disappears, but you can evoke the blade again as a bonus action.\nYou can use your action to make a melee spell attack with the fiery blade. On a hit, the target takes 3d6 fire damage.\nThe flaming blade sheds bright light in a 10-foot radius and dim light for an additional 10 feet.',NULL,'3d6','Fire',NULL,_binary ''),(121,'flame-strike','Flame Strike',5,'Evocation','1 action','60 feet','Instantaneous','V, S, M','A vertical column of divine fire roars down from the heavens in a location you specify. Each creature in a 10-foot-radius, 40-foot-high cylinder centered on a point within range must make a dexterity saving throw. A creature takes 4d6 fire damage and 4d6 radiant damage on a failed save, or half as much damage on a successful one.',NULL,'4d6 + 4d6','Fire','DEX',_binary ''),(122,'flaming-sphere','Flaming Sphere',2,'Conjuration','1 action','60 feet','Up to 1 minute','V, S, M','A 5-foot-diameter sphere of fire appears in an unoccupied space of your choice within range and lasts for the duration. Any creature that ends its turn within 5 feet of the sphere must make a dexterity saving throw. The creature takes 2d6 fire damage on a failed save, or half as much damage on a successful one.\nAs a bonus action, you can move the sphere up to 30 feet. If you ram the sphere into a creature, that creature must make the saving throw against the sphere\'s damage, and the sphere stops moving this turn.\nWhen you move the sphere, you can direct it over barriers up to 5 feet tall and jump it across pits up to 10 feet wide. The sphere ignites flammable objects not being worn or carried, and it sheds bright light in a 20-foot radius and dim light for an additional 20 feet.',NULL,'2d6','Fire',NULL,_binary ''),(123,'flesh-to-stone','Flesh to Stone',6,'Transmutation','1 action','60 feet','Up to 1 minute','V, S, M','You attempt to turn one creature that you can see within range into stone. If the target\'s body is made of flesh, the creature must make a constitution saving throw. On a failed save, it is restrained as its flesh begins to harden. On a successful save, the creature isn\'t affected.\nA creature restrained by this spell must make another constitution saving throw at the end of each of its turns. If it successfully saves against this spell three times, the spell ends. If it fails its saves three times, it is turned to stone and subjected to the petrified condition for the duration. The successes and failures don\'t need to be consecutive; keep track of both until the target collects three of a kind.\nIf the creature is physically broken while petrified, it suffers from similar deformities if it reverts to its original state.\nIf you maintain your concentration on this spell for the entire possible duration, the creature is turned to stone until the effect is removed.',NULL,NULL,NULL,'CON',_binary ''),(124,'floating-disk','Floating Disk',1,'Conjuration','1 action','30 feet','1 hour','V, S, M','This spell creates a circular, horizontal plane of force, 3 feet in diameter and 1 inch thick, that floats 3 feet above the ground in an unoccupied space of your choice that you can see within range. The disk remains for the duration, and can hold up to 500 pounds. If more weight is placed on it, the spell ends, and everything on the disk falls to the ground.\nThe disk is immobile while you are within 20 feet of it. If you move more than 20 feet away from it, the disk follows you so that it remains within 20 feet of you. If can move across uneven terrain, up or down stairs, slopes and the like, but it can\'t cross an elevation change of 10 feet or more. For example, the disk can\'t move across a 10-foot-deep pit, nor could it leave such a pit if it was created at the bottom.\nIf you move more than 100 feet away from the disk (typically because it can\'t move around an obstacle to follow you), the spell ends.',NULL,NULL,NULL,NULL,_binary ''),(125,'fly','Fly',3,'Transmutation','1 action','Touch','Up to 10 minutes','V, S, M','You touch a willing creature. The target gains a flying speed of 60 feet for the duration. When the spell ends, the target falls if it is still aloft, unless it can stop the fall.',NULL,NULL,NULL,NULL,_binary ''),(126,'fog-cloud','Fog Cloud',1,'Conjuration','1 action','120 feet','Up to 1 hour','V, S','You create a 20-foot-radius sphere of fog centered on a point within range. The sphere spreads around corners, and its area is heavily obscured. It lasts for the duration or until a wind of moderate or greater speed (at least 10 miles per hour) disperses it.',NULL,NULL,NULL,NULL,_binary ''),(127,'forbiddance','Forbiddance',6,'Abjuration','10 minutes','Touch','24 hours','V, S, M','You create a ward against magical travel that protects up to 40,000 square feet of floor space to a height of 30 feet above the floor. For the duration, creatures can\'t teleport into the area or use portals, such as those created by the gate spell, to enter the area. The spell proofs the area against planar travel, and therefore prevents creatures from accessing the area by way of the Astral Plane, Ethereal Plane, Feywild, Shadowfell, or the plane shift spell.\nIn addition, the spell damages types of creatures that you choose when you cast it. Choose one or more of the following: celestials, elementals, fey, fiends, and undead. When a chosen creature enters the spell\'s area for the first time on a turn or starts its turn there, the creature takes 5d10 radiant or necrotic damage (your choice when you cast this spell).\nWhen you cast this spell, you can designate a password. A creature that speaks the password as it enters the area takes no damage from the spell.\nThe spell\'s area can\'t overlap with the area of another forbiddance spell. If you cast forbiddance every day for 30 days in the same location, the spell lasts until it is dispelled, and the material components are consumed on the last casting.',NULL,NULL,NULL,NULL,_binary ''),(128,'forcecage','Forcecage',7,'Evocation','1 action','100 feet','1 hour','V, S, M','An immobile, invisible, cube-shaped prison composed of magical force springs into existence around an area you choose within range. The prison can be a cage or a solid box, as you choose.\nA prison in the shape of a cage can be up to 20 feet on a side and is made from 1/2-inch diameter bars spaced 1/2 inch apart.\nA prison in the shape of a box can be up to 10 feet on a side, creating a solid barrier that prevents any matter from passing through it and blocking any spells cast into or out from the area.\nWhen you cast the spell, any creature that is completely inside the cage\'s area is trapped. Creatures only partially within the area, or those too large to fit inside the area, are pushed away from the center of the area until they are completely outside the area.\nA creature inside the cage can\'t leave it by nonmagical means. If the creature tries to use teleportation or interplanar travel to leave the cage, it must first make a charisma saving throw. On a success, the creature can use that magic to exit the cage. On a failure, the creature can\'t exit the cage and wastes the use of the spell or effect. The cage also extends into the Ethereal Plane, blocking ethereal travel.\nThis spell can\'t be dispelled by dispel magic.',NULL,NULL,NULL,NULL,_binary ''),(129,'foresight','Foresight',9,'Divination','1 minute','Touch','8 hours','V, S, M','You touch a willing creature and bestow a limited ability to see into the immediate future. For the duration, the target can\'t be surprised and has advantage on attack rolls, ability checks, and saving throws. Additionally, other creatures have disadvantage on attack rolls against the target for the duration.\nThis spell immediately ends if you cast it again before its duration ends.',NULL,NULL,NULL,NULL,_binary ''),(130,'freedom-of-movement','Freedom of Movement',4,'Abjuration','1 action','Touch','1 hour','V, S, M','You touch a willing creature. For the duration, the target\'s movement is unaffected by difficult terrain, and spells and other magical effects can neither reduce the target\'s speed nor cause the target to be paralyzed or restrained.\nThe target can also spend 5 feet of movement to automatically escape from nonmagical restraints, such as manacles or a creature that has it grappled. Finally, being underwater imposes no penalties on the target\'s movement or attacks.',NULL,NULL,NULL,NULL,_binary ''),(131,'freezing-sphere','Freezing Sphere',6,'Evocation','1 action','300 feet','Instantaneous','V, S, M','A frigid globe of cold energy streaks from your fingertips to a point of your choice within range, where it explodes in a 60-foot-radius sphere. Each creature within the area must make a constitution saving throw. On a failed save, a creature takes 10d6 cold damage. On a successful save, it takes half as much damage.\nIf the globe strikes a body of water or a liquid that is principally water (not including water-based creatures), it freezes the liquid to a depth of 6 inches over an area 30 feet square. This ice lasts for 1 minute. Creatures that were swimming on the surface of frozen water are trapped in the ice. A trapped creature can use an action to make a Strength check against your spell save DC to break free.\nYou can refrain from firing the globe after completing the spell, if you wish. A small globe about the size of a sling stone, cool to the touch, appears in your hand. At any time, you or a creature you give the globe to can throw the globe (to a range of 40 feet) or hurl it with a sling (to the sling\'s normal range). It shatters on impact, with the same effect as the normal casting of the spell. You can also set the globe down without shattering it. After 1 minute, if the globe hasn\'t already shattered, it explodes.',NULL,'10d6','Cold','CON',_binary ''),(132,'gaseous-form','Gaseous Form',3,'Transmutation','1 action','Touch','Up to 1 hour','V, S, M','You transform a willing creature you touch, along with everything it\'s wearing and carrying, into a misty cloud for the duration. The spell ends if the creature drops to 0 hit points. An incorporeal creature isn\'t affected.\nWhile in this form, the target\'s only method of movement is a flying speed of 10 feet. The target can enter and occupy the space of another creature. The target has resistance to nonmagical damage, and it has advantage on Strength, Dexterity, and constitution saving throws. The target can pass through small holes, narrow openings, and even mere cracks, though it treats liquids as though they were solid surfaces. The target can\'t fall and remains hovering in the air even when stunned or otherwise incapacitated.\nWhile in the form of a misty cloud, the target can\'t talk or manipulate objects, and any objects it was carrying or holding can\'t be dropped, used, or otherwise interacted with. The target can\'t attack or cast spells.',NULL,NULL,NULL,NULL,_binary ''),(133,'gate','Gate',9,'Conjuration','1 action','60 feet','Up to 1 minute','V, S, M','You conjure a portal linking an unoccupied space you can see within range to a precise location on a different plane of existence. The portal is a circular opening, which you can make 5 to 20 feet in diameter. You can orient the portal in any direction you choose. The portal lasts for the duration.\nThe portal has a front and a back on each plane where it appears. Travel through the portal is possible only by moving through its front. Anything that does so is instantly transported to the other plane, appearing in the unoccupied space nearest to the portal.\nDeities and other planar rulers can prevent portals created by this spell from opening in their presence or anywhere within their domains.\nWhen you cast this spell, you can speak the name of a specific creature (a pseudonym, title, or nickname doesn\'t work). If that creature is on a plane other than the one you are on, the portal opens in the named creature\'s immediate vicinity and draws the creature through it to the nearest unoccupied space on your side of the portal. You gain no special power over the creature, and it is free to act as the GM deems appropriate. It might leave, attack you, or help you.',NULL,NULL,NULL,NULL,_binary ''),(134,'geas','Geas',5,'Enchantment','1 minute','60 feet','30 days','V','You place a magical command on a creature that you can see within range, forcing it to carry out some service or refrain from some action or course of activity as you decide. If the creature can understand you, it must succeed on a wisdom saving throw or become charmed by you for the duration. While the creature is charmed by you, it takes 5d10 psychic damage each time it acts in a manner directly counter to your instructions, but no more than once each day. A creature that can\'t understand you is unaffected by the spell.\nYou can issue any command you choose, short of an activity that would result in certain death. Should you issue a suicidal command, the spell ends.\nYou can end the spell early by using an action to dismiss it. A remove curse, greater restoration, or wish spell also ends it.',NULL,NULL,NULL,'WIS',_binary ''),(135,'gentle-repose','Gentle Repose',2,'Necromancy','1 action','Touch','10 days','V, S, M','You touch a corpse or other remains. For the duration, the target is protected from decay and can\'t become undead.\nThe spell also effectively extends the time limit on raising the target from the dead, since days spent under the influence of this spell don\'t count against the time limit of spells such as raise dead.',NULL,NULL,NULL,NULL,_binary ''),(136,'giant-insect','Giant Insect',4,'Transmutation','1 action','30 feet','Up to 10 minutes','V, S','You transform up to ten centipedes, three spiders, five wasps, or one scorpion within range into giant versions of their natural forms for the duration. A centipede becomes a giant centipede, a spider becomes a giant spider, a wasp becomes a giant wasp, and a scorpion becomes a giant scorpion.\nEach creature obeys your verbal commands, and in combat, they act on your turn each round. The GM has the statistics for these creatures and resolves their actions and movement.\nA creature remains in its giant size for the duration, until it drops to 0 hit points, or until you use an action to dismiss the effect on it.\nThe GM might allow you to choose different targets. For example, if you transform a bee, its giant version might have the same statistics as a giant wasp.',NULL,NULL,NULL,NULL,_binary ''),(137,'glibness','Glibness',8,'Transmutation','1 action','Self','1 hour','V','Until the spell ends, when you make a Charisma check, you can replace the number you roll with a 15. Additionally, no matter what you say, magic that would determine if you are telling the truth indicates that you are being truthful.',NULL,NULL,NULL,NULL,_binary ''),(138,'globe-of-invulnerability','Globe of Invulnerability',6,'Abjuration','1 action','Self','Up to 1 minute','V, S, M','An immobile, faintly shimmering barrier springs into existence in a 10-foot radius around you and remains for the duration.\nAny spell of 5th level or lower cast from outside the barrier can\'t affect creatures or objects within it, even if the spell is cast using a higher level spell slot. Such a spell can target creatures and objects within the barrier, but the spell has no effect on them. Similarly, the area within the barrier is excluded from the areas affected by such spells.',NULL,NULL,NULL,NULL,_binary ''),(139,'glyph-of-warding','Glyph of Warding',3,'Abjuration','1 hour','Touch','Until dispelled','V, S, M','When you cast this spell, you inscribe a glyph that harms other creatures, either upon a surface (such as a table or a section of floor or wall) or within an object that can be closed (such as a book, a scroll, or a treasure chest) to conceal the glyph. If you choose a surface, the glyph can cover an area of the surface no larger than 10 feet in diameter. If you choose an object, that object must remain in its place; if the object is moved more than 10 feet from where you cast this spell, the glyph is broken, and the spell ends without being triggered.\nThe glyph is nearly invisible and requires a successful Intelligence (Investigation) check against your spell save DC to be found.\nYou decide what triggers the glyph when you cast the spell. For glyphs inscribed on a surface, the most typical triggers include touching or standing on the glyph, removing another object covering the glyph, approaching within a certain distance of the glyph, or manipulating the object on which the glyph is inscribed. For glyphs inscribed within an object, the most common triggers include opening that object, approaching within a certain distance of the object, or seeing or reading the glyph. Once a glyph is triggered, this spell ends.\nYou can further refine the trigger so the spell activates only under certain circumstances or according to physical characteristics (such as height or weight), creature kind (for example, the ward could be set to affect aberrations or drow), or alignment. You can also set conditions for creatures that don\'t trigger the glyph, such as those who say a certain password.\nWhen you inscribe the glyph, choose *explosive runes* or a *spell glyph*.\n***Explosive Runes.*** When triggered, the glyph erupts with magical energy in a 20-foot-radius sphere centered on the glyph. The sphere spreads around corners. Each creature in the area must make a Dexterity saving throw. A creature takes 5d8 acid, cold, fire, lightning, or thunder damage on a failed saving throw (your choice when you create the glyph), or half as much damage on a successful one.\n***Spell Glyph.*** You can store a prepared spell of 3rd level or lower in the glyph by casting it as part of creating the glyph. The spell must target a single creature or an area. The spell being stored has no immediate effect when cast in this way. When the glyph is triggered, the stored spell is cast. If the spell has a target, it targets the creature that triggered the glyph. If the spell affects an area, the area is centered on that creature. If the spell summons hostile creatures or creates harmful objects or traps, they appear as close as possible to the intruder and attack it. If the spell requires concentration, it lasts until the end of its full duration.',NULL,NULL,NULL,NULL,_binary ''),(140,'goodberry','Goodberry',1,'Transmutation','1 action','Touch','Instantaneous','V, S, M','Up to ten berries appear in your hand and are infused with magic for the duration. A creature can use its action to eat one berry. Eating a berry restores 1 hit point, and the berry provides enough nourishment to sustain a creature for a day.\nThe berries lose their potency if they have not been consumed within 24 hours of the casting of this spell.',NULL,NULL,NULL,NULL,_binary ''),(141,'grease','Grease',1,'Conjuration','1 action','60 feet','1 minute','V, S, M','Slick grease covers the ground in a 10-foot square centered on a point within range and turns it into difficult terrain for the duration.\nWhen the grease appears, each creature standing in its area must succeed on a dexterity saving throw or fall prone. A creature that enters the area or ends its turn there must also succeed on a dexterity saving throw or fall prone.',NULL,NULL,NULL,'DEX',_binary ''),(142,'greater-invisibility','Greater Invisibility',4,'Illusion','1 action','Touch','Up to 1 minute','V, S','You or a creature you touch becomes invisible until the spell ends. Anything the target is wearing or carrying is invisible as long as it is on the target\'s person.',NULL,NULL,NULL,NULL,_binary ''),(143,'greater-restoration','Greater Restoration',5,'Abjuration','1 action','Touch','Instantaneous','V, S, M','You imbue a creature you touch with positive energy to undo a debilitating effect. You can reduce the target\'s exhaustion level by one, or end one of the following effects on the target:\n- One effect that charmed or petrified the target\n- One curse, including the target\'s attunement to a cursed magic item\n- Any reduction to one of the target\'s ability scores\n- One effect reducing the target\'s hit point maximum',NULL,NULL,NULL,NULL,_binary ''),(144,'guardian-of-faith','Guardian of Faith',4,'Conjuration','1 action','30 feet','8 hours','V','A Large spectral guardian appears and hovers for the duration in an unoccupied space of your choice that you can see within range. The guardian occupies that space and is indistinct except for a gleaming sword and shield emblazoned with the symbol of your deity.\nAny creature hostile to you that moves to a space within 10 feet of the guardian for the first time on a turn must succeed on a dexterity saving throw. The creature takes 20 radiant damage on a failed save, or half as much damage on a successful one. The guardian vanishes when it has dealt a total of 60 damage.',NULL,'20','Radiant','DEX',_binary ''),(145,'guards-and-wards','Guards and Wards',6,'Abjuration','10 minutes','Touch','24 hours','V, S, M','You create a ward that protects up to 2,500 square feet of floor space (an area 50 feet square, or one hundred 5-foot squares or twenty-five 10-foot squares). The warded area can be up to 20 feet tall, and shaped as you desire. You can ward several stories of a stronghold by dividing the area among them, as long as you can walk into each contiguous area while you are casting the spell.\nWhen you cast this spell, you can specify individuals that are unaffected by any or all of the effects that you choose. You can also specify a password that, when spoken aloud, makes the speaker immune to these effects.\nGuards and wards creates the following effects within the warded area.\n***Corridors.*** Fog fills all the warded corridors, making them heavily obscured. In addition, at each intersection or branching passage offering a choice of direction, there is a 50 percent chance that a creature other than you will believe it is going in the opposite direction from the one it chooses.\n***Doors.*** All doors in the warded area are magically locked, as if sealed by an arcane lock spell. In addition, you can cover up to ten doors with an illusion (equivalent to the illusory object function of the minor illusion spell) to make them appear as plain sections of wall.\n***Stairs.*** Webs fill all stairs in the warded area from top to bottom, as the web spell. These strands regrow in 10 minutes if they are burned or torn away while guards and wards lasts.\n***Other Spell Effect.*** You can place your choice of one of the following magical effects within the warded area of the stronghold.\n- Place dancing lights in four corridors. You can designate a simple program that the lights repeat as long as guards and wards lasts.\n- Place magic mouth in two locations.\n- Place stinking cloud in two locations. The vapors appear in the places you designate; they return within 10 minutes if dispersed by wind while guards and wards lasts.\n- Place a constant gust of wind in one corridor or room.\n- Place a suggestion in one location. You select an area of up to 5 feet square, and any creature that enters or passes through the area receives the suggestion mentally.\nThe whole warded area radiates magic. A dispel magic cast on a specific effect, if successful, removes only that effect.\nYou can create a permanently guarded and warded structure by casting this spell there every day for one year.',NULL,NULL,NULL,NULL,_binary ''),(146,'guidance','Guidance',0,'Divination','1 action','Touch','Up to 1 minute','V, S','You touch one willing creature. Once before the spell ends, the target can roll a d4 and add the number rolled to one ability check of its choice. It can roll the die before or after making the ability check. The spell then ends.',NULL,NULL,NULL,NULL,_binary ''),(147,'guiding-bolt','Guiding Bolt',1,'Evocation','1 action','120 feet','1 round','V, S','A flash of light streaks toward a creature of your choice within range. Make a ranged spell attack against the target. On a hit, the target takes 4d6 radiant damage, and the next attack roll made against this target before the end of your next turn has advantage, thanks to the mystical dim light glittering on the target until then.','ranged','4d6','Radiant',NULL,_binary ''),(148,'gust-of-wind','Gust of Wind',2,'Evocation','1 action','Self','Up to 1 minute','V, S, M','A line of strong wind 60 feet long and 10 feet wide blasts from you in a direction you choose for the spell\'s duration. Each creature that starts its turn in the line must succeed on a strength saving throw or be pushed 15 feet away from you in a direction following the line.\nAny creature in the line must spend 2 feet of movement for every 1 foot it moves when moving closer to you.\nThe gust disperses gas or vapor, and it extinguishes candles, torches, and similar unprotected flames in the area. It causes protected flames, such as those of lanterns, to dance wildly and has a 50 percent chance to extinguish them.\nAs a bonus action on each of your turns before the spell ends, you can change the direction in which the line blasts from you.',NULL,NULL,NULL,'STR',_binary ''),(149,'hallow','Hallow',5,'Evocation','24 hours','Touch','Until dispelled','V, S, M','You touch a point and infuse an area around it with holy (or unholy) power. The area can have a radius up to 60 feet, and the spell fails if the radius includes an area already under the effect a hallow spell. The affected area is subject to the following effects.\nFirst, celestials, elementals, fey, fiends, and undead can\'t enter the area, nor can such creatures charm, frighten, or possess creatures within it. Any creature charmed, frightened, or possessed by such a creature is no longer charmed, frightened, or possessed upon entering the area. You can exclude one or more of those types of creatures from this effect.\nSecond, you can bind an extra effect to the area. Choose the effect from the following list, or choose an effect offered by the GM. Some of these effects apply to creatures in the area; you can designate whether the effect applies to all creatures, creatures that follow a specific deity or leader, or creatures of a specific sort, such as ores or trolls. When a creature that would be affected enters the spell\'s area for the first time on a turn or starts its turn there, it can make a charisma saving throw. On a success, the creature ignores the extra effect until it leaves the area.\n***Courage.*** Affected creatures can\'t be frightened while in the area.\n***Darkness.*** Darkness fills the area. Normal light, as well as magical light created by spells of a lower level than the slot you used to cast this spell, can\'t illuminate the area.\n***Daylight.*** Bright light fills the area. Magical darkness created by spells of a lower level than the slot you used to cast this spell can\'t extinguish the light.\n***Energy Protection.*** Affected creatures in the area have resistance to one damage type of your choice, except for bludgeoning, piercing, or slashing.\n***Energy Vulnerability.*** Affected creatures in the area have vulnerability to one damage type of your choice, except for bludgeoning, piercing, or slashing.\n***Everlasting Rest.*** Dead bodies interred in the area can\'t be turned into undead.\n***Extradimensional Interference.*** Affected creatures can\'t move or travel using teleportation or by extradimensional or interplanar means.\n***Fear.*** Affected creatures are frightened while in the area.\n***Silence.*** No sound can emanate from within the area, and no sound can reach into it.\n***Tongues.*** Affected creatures can communicate with any other creature in the area, even if they don\'t share a common language.',NULL,NULL,NULL,'CHA',_binary ''),(150,'hallucinatory-terrain','Hallucinatory Terrain',4,'Illusion','10 minutes','300 feet','24 hours','V, S, M','You make natural terrain in a 150-foot cube in range look, sound, and smell like some other sort of natural terrain. Thus, open fields or a road can be made to resemble a swamp, hill, crevasse, or some other difficult or impassable terrain. A pond can be made to seem like a grassy meadow, a precipice like a gentle slope, or a rock-strewn gully like a wide and smooth road. Manufactured structures, equipment, and creatures within the area aren\'t changed in appearance.\nThe tactile characteristics of the terrain are unchanged, so creatures entering the area are likely to see through the illusion. If the difference isn\'t obvious by touch, a creature carefully examining the illusion can attempt an Intelligence (Investigation) check against your spell save DC to disbelieve it. A creature who discerns the illusion for what it is, sees it as a vague image superimposed on the terrain.',NULL,NULL,NULL,NULL,_binary ''),(151,'harm','Harm',6,'Necromancy','1 action','60 feet','Instantaneous','V, S','You unleash a virulent disease on a creature that you can see within range. The target must make a constitution saving throw. On a failed save, it takes 14d6 necrotic damage, or half as much damage on a successful save. The damage can\'t reduce the target\'s hit points below 1. If the target fails the saving throw, its hit point maximum is reduced for 1 hour by an amount equal to the necrotic damage it took. Any effect that removes a disease allows a creature\'s hit point maximum to return to normal before that time passes.',NULL,'14d6','Necrotic','CON',_binary ''),(152,'haste','Haste',3,'Transmutation','1 action','30 feet','Up to 1 minute','V, S, M','Choose a willing creature that you can see within range. Until the spell ends, the target\'s speed is doubled, it gains a +2 bonus to AC, it has advantage on dexterity saving throws, and it gains an additional action on each of its turns. That action can be used only to take the Attack (one weapon attack only), Dash, Disengage, Hide, or Use an Object action.\nWhen the spell ends, the target can\'t move or take actions until after its next turn, as a wave of lethargy sweeps over it.',NULL,NULL,NULL,NULL,_binary ''),(153,'heal','Heal',6,'Evocation','1 action','60 feet','Instantaneous','V, S','Choose a creature that you can see within range. A surge of positive energy washes through the creature, causing it to regain 70 hit points. This spell also ends blindness, deafness, and any diseases affecting the target. This spell has no effect on constructs or undead.',NULL,NULL,NULL,NULL,_binary ''),(154,'healing-word','Healing Word',1,'Evocation','1 bonus action','60 feet','Instantaneous','V','A creature of your choice that you can see within range regains hit points equal to 1d4 + your spellcasting ability modifier. This spell has no effect on undead or constructs.',NULL,NULL,NULL,NULL,_binary ''),(155,'heat-metal','Heat Metal',2,'Transmutation','1 action','60 feet','Up to 1 minute','V, S, M','Choose a manufactured metal object, such as a metal weapon or a suit of heavy or medium metal armor, that you can see within range. You cause the object to glow red-hot. Any creature in physical contact with the object takes 2d8 fire damage when you cast the spell. Until the spell ends, you can use a bonus action on each of your subsequent turns to cause this damage again.\nIf a creature is holding or wearing the object and takes the damage from it, the creature must succeed on a constitution saving throw or drop the object if it can. If it doesn\'t drop the object, it has disadvantage on attack rolls and ability checks until the start of your next turn.',NULL,'2d8','Fire','CON',_binary ''),(156,'hellish-rebuke','Hellish Rebuke',1,'Evocation','1 reaction','60 feet','Instantaneous','V, S','You point your finger, and the creature that damaged you is momentarily surrounded by hellish flames. The creature must make a dexterity saving throw. It takes 2d10 fire damage on a failed save, or half as much damage on a successful one.',NULL,'2d10','Fire','DEX',_binary ''),(157,'heroes-feast','Heroes\' Feast',6,'Conjuration','10 minutes','30 feet','Instantaneous','V, S, M','You bring forth a great feast, including magnificent food and drink. The feast takes 1 hour to consume and disappears at the end of that time, and the beneficial effects don\'t set in until this hour is over. Up to twelve other creatures can partake of the feast.\nA creature that partakes of the feast gains several benefits. The creature is cured of all diseases and poison, becomes immune to poison and being frightened, and makes all wisdom saving throws with advantage. Its hit point maximum also increases by 2d10, and it gains the same number of hit points. These benefits last for 24 hours.',NULL,NULL,NULL,NULL,_binary ''),(158,'heroism','Heroism',1,'Enchantment','1 action','Touch','Up to 1 minute','V, S','A willing creature you touch is imbued with bravery. Until the spell ends, the creature is immune to being frightened and gains temporary hit points equal to your spellcasting ability modifier at the start of each of its turns. When the spell ends, the target loses any remaining temporary hit points from this spell.',NULL,NULL,NULL,NULL,_binary ''),(159,'hideous-laughter','Hideous Laughter',1,'Enchantment','1 action','30 feet','Up to 1 minute','V, S, M','A creature of your choice that you can see within range perceives everything as hilariously funny and falls into fits of laughter if this spell affects it. The target must succeed on a wisdom saving throw or fall prone, becoming incapacitated and unable to stand up for the duration. A creature with an Intelligence score of 4 or less isn\'t affected.\nAt the end of each of its turns, and each time it takes damage, the target can make another wisdom saving throw. The target had advantage on the saving throw if it\'s triggered by damage. On a success, the spell ends.',NULL,NULL,NULL,'WIS',_binary ''),(160,'hold-monster','Hold Monster',5,'Enchantment','1 action','90 feet','Up to 1 minute','V, S, M','Choose a creature you can see and reach. The target must make a saving throw of Wisdom or be paralyzed for the duration of the spell. This spell has no effect against the undead. At the end of each round, the target can make a new saving throw of Wisdom. If successful, the spell ends for the creature.',NULL,NULL,NULL,'WIS',_binary ''),(161,'hold-person','Hold Person',2,'Enchantment','1 action','60 feet','Up to 1 minute','V, S, M','Choose a humanoid that you can see within range. The target must succeed on a wisdom saving throw or be paralyzed for the duration. At the end of each of its turns, the target can make another wisdom saving throw. On a success, the spell ends on the target.',NULL,NULL,NULL,'WIS',_binary ''),(162,'holy-aura','Holy Aura',8,'Abjuration','1 action','Self','Up to 1 minute','V, S, M','Divine light washes out from you and coalesces in a soft radiance in a 30-foot radius around you. Creatures of your choice in that radius when you cast this spell shed dim light in a 5-foot radius and have advantage on all saving throws, and other creatures have disadvantage on attack rolls against them until the spell ends. In addition, when a fiend or an undead hits an affected creature with a melee attack, the aura flashes with brilliant light. The attacker must succeed on a constitution saving throw or be blinded until the spell ends.',NULL,NULL,NULL,NULL,_binary ''),(163,'hunters-mark','Hunter\'s Mark',1,'Divination','1 bonus action','90 feet','Up to 1 hour','V','You choose a creature you can see within range and mystically mark it as your quarry. Until the spell ends, you deal an extra 1d6 damage to the target whenever you hit it with a weapon attack, and you have advantage on any Wisdom (Perception) or Wisdom (Survival) check you make to find it. If the target drops to 0 hit points before this spell ends, you can use a bonus action on a subsequent turn of yours to mark a new creature.',NULL,NULL,NULL,NULL,_binary ''),(164,'hypnotic-pattern','Hypnotic Pattern',3,'Illusion','1 action','120 feet','Up to 1 minute','S, M','You create a twisting pattern of colors that weaves through the air inside a 30-foot cube within range. The pattern appears for a moment and vanishes. Each creature in the area who sees the pattern must make a wisdom saving throw. On a failed save, the creature becomes charmed for the duration. While charmed by this spell, the creature is incapacitated and has a speed of 0.\nThe spell ends for an affected creature if it takes any damage or if someone else uses an action to shake the creature out of its stupor.',NULL,NULL,NULL,'WIS',_binary ''),(165,'ice-storm','Ice Storm',4,'Evocation','1 action','300 feet','Instantaneous','V, S, M','A hail of rock-hard ice pounds to the ground in a 20-foot-radius, 40-foot-high cylinder centered on a point within range. Each creature in the cylinder must make a dexterity saving throw. A creature takes 2d8 bludgeoning damage and 4d6 cold damage on a failed save, or half as much damage on a successful one.\nHailstones turn the storm\'s area of effect into difficult terrain until the end of your next turn.',NULL,'2d8 + 4d6','Bludgeoning','DEX',_binary ''),(166,'identify','Identify',1,'Divination','1 minute','Touch','Instantaneous','V, S, M','You choose one object that you must touch throughout the casting of the spell. If it is a magic item or some other magic-imbued object, you learn its properties and how to use them, whether it requires attunement to use, and how many charges it has, if any. You learn whether any spells are affecting the item and what they are. If the item was created by a spell, you learn which spell created it.\nIf you instead touch a creature throughout the casting, you learn what spells, if any, are currently affecting it.',NULL,NULL,NULL,NULL,_binary ''),(167,'illusory-script','Illusory Script',1,'Illusion','1 minute','Touch','10 days','S, M','You write on parchment, paper, or some other suitable writing material and imbue it with a potent illusion that lasts for the duration.\nTo you and any creatures you designate when you cast the spell, the writing appears normal, written in your hand, and conveys whatever meaning you intended when you wrote the text. To all others, the writing appears as if it were written in an unknown or magical script that is unintelligible. Alternatively, you can cause the writing to appear to be an entirely different message, written in a different hand and language, though the language must be one you know.\nShould the spell be dispelled, the original script and the illusion both disappear.\nA creature with truesight can read the hidden message.',NULL,NULL,NULL,NULL,_binary ''),(168,'imprisonment','Imprisonment',9,'Abjuration','1 minute','30 feet','Until dispelled','V, S, M','You create a magical restraint to hold a creature that you can see within range. The target must succeed on a wisdom saving throw or be bound by the spell; if it succeeds, it is immune to this spell if you cast it again. While affected by this spell, the creature doesn\'t need to breathe, eat, or drink, and it doesn\'t age. Divination spells can\'t locate or perceive the target.\nWhen you cast the spell, you choose one of the following forms of imprisonment.\n***Burial.*** The target is entombed far beneath the earth in a sphere of magical force that is just large enough to contain the target. Nothing can pass through the sphere, nor can any creature teleport or use planar travel to get into or out of it.\nThe special component for this version of the spell is a small mithral orb.\n***Chaining.*** Heavy chains, firmly rooted in the ground, hold the target in place. The target is restrained until the spell ends, and it can\'t move or be moved by any means until then.\nThe special component for this version of the spell is a fine chain of precious metal.\n***Hedged Prison.*** The spell transports the target into a tiny demiplane that is warded against teleportation and planar travel. The demiplane can be a labyrinth, a cage, a tower, or any similar confined structure or area of your choice.\nThe special component for this version of the spell is a miniature representation of the prison made from jade.\n***Minimus Containment.*** The target shrinks to a height of 1 inch and is imprisoned inside a gemstone or similar object. Light can pass through the gemstone normally (allowing the target to see out and other creatures to see in), but nothing else can pass through, even by means of teleportation or planar travel. The gemstone can\'t be cut or broken while the spell remains in effect.\nThe special component for this version of the spell is a large, transparent gemstone, such as a corundum, diamond, or ruby.\n***Slumber.*** The target falls asleep and can\'t be awoken.\nThe special component for this version of the spell consists of rare soporific herbs.\n***Ending the Spell.*** During the casting of the spell, in any of its versions, you can specify a condition that will cause the spell to end and release the target. The condition can be as specific or as elaborate as you choose, but the GM must agree that the condition is reasonable and has a likelihood of coming to pass. The conditions can be based on a creature\'s name, identity, or deity but otherwise must be based on observable actions or qualities and not based on intangibles such as level, class, or hit points.\nA dispel magic spell can end the spell only if it is cast as a 9th-level spell, targeting either the prison or the special component used to create it.\nYou can use a particular special component to create only one prison at a time. If you cast the spell again using the same component, the target of the first casting is immediately freed from its binding.',NULL,NULL,NULL,'WIS',_binary ''),(169,'incendiary-cloud','Incendiary Cloud',8,'Conjuration','1 action','150 feet','Up to 1 minute','V, S','A swirling cloud of smoke shot through with white-hot embers appears in a 20-foot-radius sphere centered on a point within range. The cloud spreads around corners and is heavily obscured. It lasts for the duration or until a wind of moderate or greater speed (at least 10 miles per hour) disperses it.\nWhen the cloud appears, each creature in it must make a dexterity saving throw. A creature takes 10d8 fire damage on a failed save, or half as much damage on a successful one. A creature must also make this saving throw when it enters the spell\'s area for the first time on a turn or ends its turn there.\nThe cloud moves 10 feet directly away from you in a direction that you choose at the start of each of your turns.',NULL,'10d8','Fire','DEX',_binary ''),(170,'inflict-wounds','Inflict Wounds',1,'Necromancy','1 action','Touch','Instantaneous','V, S','Make a melee spell attack against a creature you can reach. On a hit, the target takes 3d10 necrotic damage.','melee','3d10','Necrotic',NULL,_binary ''),(171,'insect-plague','Insect Plague',5,'Conjuration','1 action','300 feet','Up to 10 minutes','V, S, M','Swarming, biting locusts fill a 20-foot-radius sphere centered on a point you choose within range. The sphere spreads around corners. The sphere remains for the duration, and its area is lightly obscured. The sphere\'s area is difficult terrain.\nWhen the area appears, each creature in it must make a constitution saving throw. A creature takes 4d10 piercing damage on a failed save, or half as much damage on a successful one. A creature must also make this saving throw when it enters the spell\'s area for the first time on a turn or ends its turn there.',NULL,'4d10','Piercing','CON',_binary ''),(172,'instant-summons','Instant Summons',6,'Conjuration','1 minute','Touch','Until dispelled','V, S, M','You touch an object weighing 10 pounds or less whose longest dimension is 6 feet or less. The spell leaves an invisible mark on its surface and invisibly inscribes the name of the item on the sapphire you use as the material component. Each time you cast this spell, you must use a different sapphire.\nAt any time thereafter, you can use your action to speak the item\'s name and crush the sapphire. The item instantly appears in your hand regardless of physical or planar distances, and the spell ends.\nIf another creature is holding or carrying the item, crushing the sapphire doesn\'t transport the item to you, but instead you learn who the creature possessing the object is and roughly where that creature is located at that moment.\nDispel magic or a similar effect successfully applied to the sapphire ends this spell\'s effect.',NULL,NULL,NULL,NULL,_binary ''),(173,'invisibility','Invisibility',2,'Illusion','1 action','Touch','Up to 1 hour','V, S, M','A creature you touch becomes invisible until the spell ends. Anything the target is wearing or carrying is invisible as long as it is on the target\'s person. The spell ends for a target that attacks or casts a spell.',NULL,NULL,NULL,NULL,_binary ''),(174,'irresistible-dance','Irresistible Dance',6,'Enchantment','1 action','30 feet','Up to 1 minute','V','Choose one creature that you can see within range. The target begins a comic dance in place: shuffling, tapping its feet, and capering for the duration. Creatures that can\'t be charmed are immune to this spell.\nA dancing creature must use all its movement to dance without leaving its space and has disadvantage on dexterity saving throws and attack rolls. While the target is affected by this spell, other creatures have advantage on attack rolls against it. As an action, a dancing creature makes a wisdom saving throw to regain control of itself. On a successful save, the spell ends.',NULL,NULL,NULL,NULL,_binary ''),(175,'jump','Jump',1,'Transmutation','1 action','Touch','1 minute','V, S, M','You touch a creature. The creature\'s jump distance is tripled until the spell ends.',NULL,NULL,NULL,NULL,_binary ''),(176,'knock','Knock',2,'Transmutation','1 action','60 feet','Instantaneous','V','Choose an object that you can see within range. The object can be a door, a box, a chest, a set of manacles, a padlock, or another object that contains a mundane or magical means that prevents access.\nA target that is held shut by a mundane lock or that is stuck or barred becomes unlocked, unstuck, or unbarred. If the object has multiple locks, only one of them is unlocked.\nIf you choose a target that is held shut with arcane lock, that spell is suppressed for 10 minutes, during which time the target can be opened and shut normally.\nWhen you cast the spell, a loud knock, audible from as far away as 300 feet, emanates from the target object.',NULL,NULL,NULL,NULL,_binary ''),(177,'legend-lore','Legend Lore',5,'Divination','10 minutes','Self','Instantaneous','V, S, M','Name or describe a person, place, or object. The spell brings to your mind a brief summary of the significant lore about the thing you named. The lore might consist of current tales, forgotten stories, or even secret lore that has never been widely known. If the thing you named isn\'t of legendary importance, you gain no information. The more information you already have about the thing, the more precise and detailed the information you receive is.\nThe information you learn is accurate but might be couched in figurative language. For example, if you have a mysterious magic axe on hand the spell might yield this information: \"Woe to the evildoer whose hand touches the axe, for even the haft slices the hand of the evil ones. Only a true Child of Stone, lover and beloved of Moradin, may awaken the true powers of the axe, and only with the sacred word *Rudnogg* on the lips.\"',NULL,NULL,NULL,NULL,_binary ''),(178,'lesser-restoration','Lesser Restoration',2,'Abjuration','1 action','Touch','Instantaneous','V, S','You touch a creature and can end either one disease or one condition afflicting it. The condition can be blinded, deafened, paralyzed, or poisoned.',NULL,NULL,NULL,NULL,_binary ''),(179,'levitate','Levitate',2,'Transmutation','1 action','60 feet','Up to 10 minutes','V, S, M','One creature or object of your choice that you can see within range rises vertically, up to 20 feet, and remains suspended there for the duration. The spell can levitate a target that weighs up to 500 pounds. An unwilling creature that succeeds on a constitution saving throw is unaffected.\nThe target can move only by pushing or pulling against a fixed object or surface within reach (such as a wall or a ceiling), which allows it to move as if it were climbing. You can change the target\'s altitude by up to 20 feet in either direction on your turn. If you are the target, you can move up or down as part of your move. Otherwise, you can use your action to move the target, which must remain within the spell\'s range.\nWhen the spell ends, the target floats gently to the ground if it is still aloft.',NULL,NULL,NULL,NULL,_binary ''),(180,'light','Light',0,'Evocation','1 action','Touch','1 hour','V, M','You touch one object that is no larger than 10 feet in any dimension. Until the spell ends, the object sheds bright light in a 20-foot radius and dim light for an additional 20 feet. The light can be colored as you like. Completely covering the object with something opaque blocks the light. The spell ends if you cast it again or dismiss it as an action.\nIf you target an object held or worn by a hostile creature, that creature must succeed on a dexterity saving throw to avoid the spell.',NULL,NULL,NULL,'DEX',_binary ''),(181,'lightning-bolt','Lightning Bolt',3,'Evocation','1 action','Self','Instantaneous','V, S, M','A stroke of lightning forming a line 100 feet long and 5 feet wide blasts out from you in a direction you choose. Each creature in the line must make a dexterity saving throw. A creature takes 8d6 lightning damage on a failed save, or half as much damage on a successful one.\nThe lightning ignites flammable objects in the area that aren\'t being worn or carried.',NULL,'8d6','Lightning','DEX',_binary ''),(182,'locate-animals-or-plants','Locate Animals or Plants',2,'Divination','1 action','Self','Instantaneous','V, S, M','Describe or name a specific kind of beast or plant. Concentrating on the voice of nature in your surroundings, you learn the direction and distance to the closest creature or plant of that kind within 5 miles, if any are present.',NULL,NULL,NULL,NULL,_binary ''),(183,'locate-creature','Locate Creature',4,'Divination','1 action','Self','Up to 1 hour','V, S, M','Describe or name a creature that is familiar to you. You sense the direction to the creature\'s location, as long as that creature is within 1,000 feet of you. If the creature is moving, you know the direction of its movement.\nThe spell can locate a specific creature known to you, or the nearest creature of a specific kind (such as a human or a unicorn), so long as you have seen such a creature up close--within 30 feet--at least once. If the creature you described or named is in a different form, such as being under the effects of a polymorph spell, this spell doesn\'t locate the creature.\nThis spell can\'t locate a creature if running water at least 10 feet wide blocks a direct path between you and the creature.',NULL,NULL,NULL,NULL,_binary ''),(184,'locate-object','Locate Object',2,'Divination','1 action','Self','Up to 10 minutes','V, S, M','Describe or name an object that is familiar to you. You sense the direction to the object\'s location, as long as that object is within 1,000 feet of you. If the object is in motion, you know the direction of its movement.\nThe spell can locate a specific object known to you, as long as you have seen it up close--within 30 feet--at least once. Alternatively, the spell can locate the nearest object of a particular kind, such as a certain kind of apparel, jewelry, furniture, tool, or weapon.\nThis spell can\'t locate an object if any thickness of lead, even a thin sheet, blocks a direct path between you and the object.',NULL,NULL,NULL,NULL,_binary ''),(185,'longstrider','Longstrider',1,'Transmutation','1 action','Touch','1 hour','V, S, M','You touch a creature. The target\'s speed increases by 10 feet until the spell ends.',NULL,NULL,NULL,NULL,_binary ''),(186,'mage-armor','Mage Armor',1,'Abjuration','1 action','Touch','8 hours','V, S, M','You touch a willing creature who isn\'t wearing armor, and a protective magical force surrounds it until the spell ends. The target\'s base AC becomes 13 + its Dexterity modifier. The spell ends if the target dons armor or if you dismiss the spell as an action.',NULL,NULL,NULL,NULL,_binary ''),(187,'mage-hand','Mage Hand',0,'Conjuration','1 action','30 feet','1 minute','V, S','A spectral, floating hand appears at a point you choose within range. The hand lasts for the duration or until you dismiss it as an action. The hand vanishes if it is ever more than 30 feet away from you or if you cast this spell again.\nYou can use your action to control the hand. You can use the hand to manipulate an object, open an unlocked door or container, stow or retrieve an item from an open container, or pour the contents out of a vial. You can move the hand up to 30 feet each time you use it.\nThe hand can\'t attack, activate magic items, or carry more than 10 pounds.',NULL,NULL,NULL,NULL,_binary ''),(188,'magic-circle','Magic Circle',3,'Abjuration','1 minute','10 feet','1 hour','V, S, M','You create a 10-foot radius, 20-foot-tall cylinder of magical energy centered on a point on the ground that you can see within range. Glowing runes appear whenever the cylinder intersects with the floor or other surface.\nChoose one or more of the following types of creatures: celestials, elementals, fey, fiends, or undead. The circle affects a creature of the chosen type in the following ways:\n- The creature can\'t willingly enter the cylinder by nonmagical means. If the creature tries to use teleportation or interplanar travel to do so, it must first succeed on a charisma saving throw.\n- The creature has disadvantage on attack rolls against targets within the cylinder.\n- Targets within the cylinder can\'t be charmed, frightened, or possessed by the creature.\nWhen you cast this spell, you can elect to cause its magic to operate in the reverse direction, preventing a creature of the specified type from leaving the cylinder and protecting targets outside it.',NULL,NULL,NULL,'CHA',_binary ''),(189,'magic-jar','Magic Jar',6,'Necromancy','1 minute','Self','Until dispelled','V, S, M','Your body falls into a catatonic state as your soul leaves it and enters the container you used for the spell\'s material component. While your soul inhabits the container, you are aware of your surroundings as if you were in the container\'s space. You can\'t move or use reactions. The only action you can take is to project your soul up to 100 feet out of the container, either returning to your living body (and ending the spell) or attempting to possess a humanoids body.\nYou can attempt to possess any humanoid within 100 feet of you that you can see (creatures warded by a protection from evil and good or magic circle spell can\'t be possessed). The target must make a charisma saving throw. On a failure, your soul moves into the target\'s body, and the target\'s soul becomes trapped in the container. On a success, the target resists your efforts to possess it, and you can\'t attempt to possess it again for 24 hours.\nOnce you possess a creature\'s body, you control it. Your game statistics are replaced by the statistics of the creature, though you retain your alignment and your Intelligence, Wisdom, and Charisma scores. You retain the benefit of your own class features. If the target has any class levels, you can\'t use any of its class features.\nMeanwhile, the possessed creature\'s soul can perceive from the container using its own senses, but it can\'t move or take actions at all.\nWhile possessing a body, you can use your action to return from the host body to the container if it is within 100 feet of you, returning the host creature\'s soul to its body. If the host body dies while you\'re in it, the creature dies, and you must make a charisma saving throw against your own spellcasting DC. On a success, you return to the container if it is within 100 feet of you. Otherwise, you die.\nIf the container is destroyed or the spell ends, your soul immediately returns to your body. If your body is more than 100 feet away from you or if your body is dead when you attempt to return to it, you die. If another creature\'s soul is in the container when it is destroyed, the creature\'s soul returns to its body if the body is alive and within 100 feet. Otherwise, that creature dies.\nWhen the spell ends, the container is destroyed.',NULL,NULL,NULL,'CHA',_binary ''),(190,'magic-missile','Magic Missile',1,'Evocation','1 action','120 feet','Instantaneous','V, S','You create three glowing darts of magical force. Each dart hits a creature of your choice that you can see within range. A dart deals 1d4 + 1 force damage to its target. The darts all strike simultaneously, and you can direct them to hit one creature or several.',NULL,'1d4 + 1','Force',NULL,_binary ''),(191,'magic-mouth','Magic Mouth',2,'Illusion','1 minute','30 feet','Until dispelled','V, S, M','You plant a message to an object in the range of the spell. The message is verbalized when the trigger conditions are met. Choose an object that you see, and that is not worn or carried by another creature. Then say the message, which should not exceed 25 words but listening can take up to 10 minutes. Finally, establish the circumstances that trigger the spell to deliver your message.\nWhen these conditions are satisfied, a magical mouth appears on the object and it articulates the message imitating your voice, the same tone used during implantation of the message. If the selected object has a mouth or something that approaches such as the mouth of a statue, the magic mouth come alive at this point, giving the illusion that the words come from the mouth of the object.\nWhen you cast this spell, you may decide that the spell ends when the message is delivered or it can persist and repeat the message whenever circumstances occur.\nThe triggering circumstance can be as general or as detailed as you like, though it must be based on visual or audible conditions that occur within 30 feet of the object. For example, you could instruct the mouth to speak when any creature moves within 30 feet of the object or when a silver bell rings within 30 feet of it.',NULL,NULL,NULL,NULL,_binary ''),(192,'magic-weapon','Magic Weapon',2,'Transmutation','1 bonus action','Touch','Up to 1 hour','V, S','You touch a nonmagical weapon. Until the spell ends, that weapon becomes a magic weapon with a +1 bonus to attack rolls and damage rolls.',NULL,NULL,NULL,NULL,_binary ''),(193,'magnificent-mansion','Magnificent Mansion',7,'Conjuration','1 minute','300 feet','24 hours','V, S, M','You conjure an extradimensional dwelling in range that lasts for the duration. You choose where its one entrance is located. The entrance shimmers faintly and is 5 feet wide and 10 feet tall. You and any creature you designate when you cast the spell can enter the extradimensional dwelling as long as the portal remains open. You can open or close the portal if you are within 30 feet of it. While closed, the portal is invisible.\nBeyond the portal is a magnificent foyer with numerous chambers beyond. The atmosphere is clean, fresh, and warm.\nYou can create any floor plan you like, but the space can\'t exceed 50 cubes, each cube being 10 feet on each side. The place is furnished and decorated as you choose. It contains sufficient food to serve a nine course banquet for up to 100 people. A staff of 100 near-transparent servants attends all who enter. You decide the visual appearance of these servants and their attire. They are completely obedient to your orders. Each servant can perform any task a normal human servant could perform, but they can\'t attack or take any action that would directly harm another creature. Thus the servants can fetch things, clean, mend, fold clothes, light fires, serve food, pour wine, and so on. The servants can go anywhere in the mansion but can\'t leave it. Furnishings and other objects created by this spell dissipate into smoke if removed from the mansion. When the spell ends, any creatures inside the extradimensional space are expelled into the open spaces nearest to the entrance.',NULL,NULL,NULL,NULL,_binary ''),(194,'major-image','Major Image',3,'Illusion','1 action','120 feet','Up to 10 minutes','V, S, M','You create the image of an object, a creature, or some other visible phenomenon that is no larger than a 20-foot cube. The image appears at a spot that you can see within range and lasts for the duration. It seems completely real, including sounds, smells, and temperature appropriate to the thing depicted. You can\'t create sufficient heat or cold to cause damage, a sound loud enough to deal thunder damage or deafen a creature, or a smell that might sicken a creature (like a troglodyte\'s stench).\nAs long as you are within range of the illusion, you can use your action to cause the image to move to any other spot within range. As the image changes location, you can alter its appearance so that its movements appear natural for the image. For example, if you create an image of a creature and move it, you can alter the image so that it appears to be walking. Similarly, you can cause the illusion to make different sounds at different times, even making it carry on a conversation, for example.\nPhysical interaction with the image reveals it to be an illusion, because things can pass through it. A creature that uses its action to examine the image can determine that it is an illusion with a successful Intelligence (Investigation) check against your spell save DC. If a creature discerns the illusion for what it is, the creature can see through the image, and its other sensory qualities become faint to the creature.',NULL,NULL,NULL,NULL,_binary ''),(195,'mass-cure-wounds','Mass Cure Wounds',5,'Conjuration','1 action','60 feet','Instantaneous','V, S','A wave of healing energy washes out from a point of your choice within range. Choose up to six creatures in a 30-foot-radius sphere centered on that point. Each target regains hit points equal to 3d8 + your spellcasting ability modifier. This spell has no effect on undead or constructs.',NULL,NULL,NULL,NULL,_binary ''),(196,'mass-heal','Mass Heal',9,'Conjuration','1 action','60 feet','Instantaneous','V, S','A flood of healing energy flows from you into injured creatures around you. You restore up to 700 hit points, divided as you choose among any number of creatures that you can see within range. Creatures healed by this spell are also cured of all diseases and any effect making them blinded or deafened. This spell has no effect on undead or constructs.',NULL,NULL,NULL,NULL,_binary ''),(197,'mass-healing-word','Mass Healing Word',3,'Evocation','1 bonus action','60 feet','Instantaneous','V','As you call out words of restoration, up to six creatures of your choice that you can see within range regain hit points equal to 1d4 + your spellcasting ability modifier. This spell has no effect on undead or constructs.',NULL,NULL,NULL,NULL,_binary ''),(198,'mass-suggestion','Mass Suggestion',6,'Enchantment','1 action','60 feet','24 hours','V, M','You suggest a course of activity (limited to a sentence or two) and magically influence up to twelve creatures of your choice that you can see within range and that can hear and understand you. Creatures that can\'t be charmed are immune to this effect. The suggestion must be worded in such a manner as to make the course of action sound reasonable. Asking the creature to stab itself, throw itself onto a spear, immolate itself, or do some other obviously harmful act automatically negates the effect of the spell.\nEach target must make a wisdom saving throw. On a failed save, it pursues the course of action you described to the best of its ability. The suggested course of action can continue for the entire duration. If the suggested activity can be completed in a shorter time, the spell ends when the subject finishes what it was asked to do.\nYou can also specify conditions that will trigger a special activity during the duration. For example, you might suggest that a group of soldiers give all their money to the first beggar they meet. If the condition isn\'t met before the spell ends, the activity isn\'t performed.\nIf you or any of your companions damage a creature affected by this spell, the spell ends for that creature.',NULL,NULL,NULL,'WIS',_binary ''),(199,'maze','Maze',8,'Conjuration','1 action','60 feet','Up to 10 minutes','V, S','You banish a creature that you can see within range into a labyrinthine demiplane. The target remains there for the duration or until it escapes the maze.\nThe target can use its action to attempt to escape. When it does so, it makes a DC 20 Intelligence check. If it succeeds, it escapes, and the spell ends (a minotaur or goristro demon automatically succeeds).\nWhen the spell ends, the target reappears in the space it left or, if that space is occupied, in the nearest unoccupied space.',NULL,NULL,NULL,NULL,_binary ''),(200,'meld-into-stone','Meld Into Stone',3,'Transmutation','1 action','Touch','8 hours','V, S','You step into a stone object or surface large enough to fully contain your body, melding yourself and all the equipment you carry with the stone for the duration. Using your movement, you step into the stone at a point you can touch. Nothing of your presence remains visible or otherwise detectable by nonmagical senses.\nWhile merged with the stone, you can\'t see what occurs outside it, and any Wisdom (Perception) checks you make to hear sounds outside it are made with disadvantage. You remain aware of the passage of time and can cast spells on yourself while merged in the stone. You can use your movement to leave the stone where you entered it, which ends the spell. You otherwise can\'t move.\nMinor physical damage to the stone doesn\'t harm you, but its partial destruction or a change in its shape (to the extent that you no longer fit within it) expels you and deals 6d6 bludgeoning damage to you. The stone\'s complete destruction (or transmutation into a different substance) expels you and deals 50 bludgeoning damage to you. If expelled, you fall prone in an unoccupied space closest to where you first entered.',NULL,NULL,NULL,NULL,_binary ''),(201,'mending','Mending',0,'Transmutation','1 minute','Touch','Instantaneous','V, S, M','This spell repairs a single break or tear in an object you touch, such as a broken key, a torn cloak, or a leaking wineskin. As long as the break or tear is no longer than 1 foot in any dimension, you mend it, leaving no trace of the former damage.\nThis spell can physically repair a magic item or construct, but the spell can\'t restore magic to such an object.',NULL,NULL,NULL,NULL,_binary ''),(202,'message','Message',0,'Transmutation','1 action','120 feet','1 round','V, S, M','You point your finger toward a creature within range and whisper a message. The target (and only the target) hears the message and can reply in a whisper that only you can hear.\nYou can cast this spell through solid objects if you are familiar with the target and know it is beyond the barrier. Magical silence, 1 foot of stone, 1 inch of common metal, a thin sheet of lead, or 3 feet of wood blocks the spell. The spell doesn\'t have to follow a straight line and can travel freely around corners or through openings.',NULL,NULL,NULL,NULL,_binary ''),(203,'meteor-swarm','Meteor Swarm',9,'Evocation','1 action','1 mile','Instantaneous','V, S','Blazing orbs of fire plummet to the ground at four different points you can see within range. Each creature in a 40-foot-radius sphere centered on each point you choose must make a dexterity saving throw. The sphere spreads around corners. A creature takes 20d6 fire damage and 20d6 bludgeoning damage on a failed save, or half as much damage on a successful one. A creature in the area of more than one fiery burst is affected only once.\nThe spell damages objects in the area and ignites flammable objects that aren\'t being worn or carried.',NULL,'20d6 + 20d6','Fire','DEX',_binary ''),(204,'mind-blank','Mind Blank',8,'Abjuration','1 action','Touch','24 hours','V, S','Until the spell ends, one willing creature you touch is immune to psychic damage, any effect that would sense its emotions or read its thoughts, divination spells, and the charmed condition. The spell even foils wish spells and spells or effects of similar power used to affect the target\'s mind or to gain information about the target.',NULL,NULL,NULL,NULL,_binary ''),(205,'minor-illusion','Minor Illusion',0,'Illusion','1 action','30 feet','1 minute','S, M','You create a sound or an image of an object within range that lasts for the duration. The illusion also ends if you dismiss it as an action or cast this spell again.\nIf you create a sound, its volume can range from a whisper to a scream. It can be your voice, someone else\'s voice, a lion\'s roar, a beating of drums, or any other sound you choose. The sound continues unabated throughout the duration, or you can make discrete sounds at different times before the spell ends.\nIf you create an image of an object--such as a chair, muddy footprints, or a small chest--it must be no larger than a 5-foot cube. The image can\'t create sound, light, smell, or any other sensory effect. Physical interaction with the image reveals it to be an illusion, because things can pass through it.\nIf a creature uses its action to examine the sound or image, the creature can determine that it is an illusion with a successful Intelligence (Investigation) check against your spell save DC. If a creature discerns the illusion for what it is, the illusion becomes faint to the creature.',NULL,NULL,NULL,NULL,_binary ''),(206,'mirage-arcane','Mirage Arcane',7,'Illusion','10 minutes','Sight','10 days','V, S','You make terrain in an area up to 1 mile square look, sound, smell, and even feel like some other sort of terrain. The terrain\'s general shape remains the same, however. Open fields or a road could be made to resemble a swamp, hill, crevasse, or some other difficult or impassable terrain. A pond can be made to seem like a grassy meadow, a precipice like a gentle slope, or a rock-strewn gully like a wide and smooth road.\nSimilarly, you can alter the appearance of structures, or add them where none are present. The spell doesn\'t disguise, conceal, or add creatures.\nThe illusion includes audible, visual, tactile, and olfactory elements, so it can turn clear ground into difficult terrain (or vice versa) or otherwise impede movement through the area. Any piece of the illusory terrain (such as a rock or stick) that is removed from the spell\'s area disappears immediately.\nCreatures with truesight can see through the illusion to the terrain\'s true form; however, all other elements of the illusion remain, so while the creature is aware of the illusion\'s presence, the creature can still physically interact with the illusion.',NULL,NULL,NULL,NULL,_binary ''),(207,'mirror-image','Mirror Image',2,'Illusion','1 action','Self','1 minute','V, S','Three illusory duplicates of yourself appear in your space. Until the spell ends, the duplicates move with you and mimic your actions, shifting position so it\'s impossible to track which image is real. You can use your action to dismiss the illusory duplicates.\nEach time a creature targets you with an attack during the spell\'s duration, roll a d20 to determine whether the attack instead targets one of your duplicates.\nIf you have three duplicates, you must roll a 6 or higher to change the attack\'s target to a duplicate. With two duplicates, you must roll an 8 or higher. With one duplicate, you must roll an 11 or higher.\nA duplicate\'s AC equals 10 + your Dexterity modifier. If an attack hits a duplicate, the duplicate is destroyed. A duplicate can be destroyed only by an attack that hits it. It ignores all other damage and effects. The spell ends when all three duplicates are destroyed.\nA creature is unaffected by this spell if it can\'t see, if it relies on senses other than sight, such as blindsight, or if it can perceive illusions as false, as with truesight.',NULL,NULL,NULL,NULL,_binary ''),(208,'mislead','Mislead',5,'Illusion','1 action','Self','Up to 1 hour','S','You become invisible at the same time that an illusory double of you appears where you are standing. The double lasts for the duration, but the invisibility ends if you attack or cast a spell.\nYou can use your action to move your illusory double up to twice your speed and make it gesture, speak, and behave in whatever way you choose.\nYou can see through its eyes and hear through its ears as if you were located where it is. On each of your turns as a bonus action, you can switch from using its senses to using your own, or back again. While you are using its senses, you are blinded and deafened in regard to your own surroundings.',NULL,NULL,NULL,NULL,_binary ''),(209,'misty-step','Misty Step',2,'Conjuration','1 bonus action','Self','Instantaneous','V','Briefly surrounded by silvery mist, you teleport up to 30 feet to an unoccupied space that you can see.',NULL,NULL,NULL,NULL,_binary ''),(210,'modify-memory','Modify Memory',5,'Enchantment','1 action','30 feet','Up to 1 minute','V, S','You attempt to reshape another creature\'s memories. One creature that you can see must make a wisdom saving throw. If you are fighting the creature, it has advantage on the saving throw. On a failed save, the target becomes charmed by you for the duration. The charmed target is incapacitated and unaware of its surroundings, though it can still hear you. If it takes any damage or is targeted by another spell, this spell ends, and none of the target\'s memories are modified.\nWhile this charm lasts, you can affect the target\'s memory of an event that it experienced within the last 24 hours and that lasted no more than 10 minutes. You can permanently eliminate all memory of the event, allow the target to recall the event with perfect clarity and exacting detail, change its memory of the details of the event, or create a memory of some other event.\nYou must speak to the target to describe how its memories are affected, and it must be able to understand your language for the modified memories to take root. Its mind fills in any gaps in the details of your description. If the spell ends before you have finished describing the modified memories, the creature\'s memory isn\'t altered. Otherwise, the modified memories take hold when the spell ends.\nA modified memory doesn\'t necessarily affect how a creature behaves, particularly if the memory contradicts the creature\'s natural inclinations, alignment, or beliefs. An illogical modified memory, such as implanting a memory of how much the creature enjoyed dousing itself in acid, is dismissed, perhaps as a bad dream. The GM might deem a modified memory too nonsensical to affect a creature in a significant manner.\nA remove curse or greater restoration spell cast on the target restores the creature\'s true memory.',NULL,NULL,NULL,'WIS',_binary ''),(211,'moonbeam','Moonbeam',2,'Evocation','1 action','120 feet','Up to 1 minute','V, S, M','A silvery beam of pale light shines down in a 5-foot radius, 40-foot-high cylinder centered on a point within range. Until the spell ends, dim light fills the cylinder.\nWhen a creature enters the spell\'s area for the first time on a turn or starts its turn there, it is engulfed in ghostly flames that cause searing pain, and it must make a constitution saving throw. It takes 2d10 radiant damage on a failed save, or half as much damage on a successful one.\nA shapechanger makes its saving throw with disadvantage. If it fails, it also instantly reverts to its original form and can\'t assume a different form until it leaves the spell\'s light.\nOn each of your turns after you cast this spell, you can use an action to move the beam 60 feet in any direction.',NULL,'2d10','Radiant','CON',_binary ''),(212,'move-earth','Move Earth',6,'Transmutation','1 action','120 feet','Up to 2 hours','V, S, M','Choose an area of terrain no larger than 40 feet on a side within range. You can reshape dirt, sand, or clay in the area in any manner you choose for the duration. You can raise or lower the area\'s elevation, create or fill in a trench, erect or flatten a wall, or form a pillar. The extent of any such changes can\'t exceed half the area\'s largest dimension. So, if you affect a 40-foot square, you can create a pillar up to 20 feet high, raise or lower the square\'s elevation by up to 20 feet, dig a trench up to 20 feet deep, and so on. It takes 10 minutes for these changes to complete.\nAt the end of every 10 minutes you spend concentrating on the spell, you can choose a new area of terrain to affect.\nBecause the terrain\'s transformation occurs slowly, creatures in the area can\'t usually be trapped or injured by the ground\'s movement.\nThis spell can\'t manipulate natural stone or stone construction. Rocks and structures shift to accommodate the new terrain. If the way you shape the terrain would make a structure unstable, it might collapse.\nSimilarly, this spell doesn\'t directly affect plant growth. The moved earth carries any plants along with it.',NULL,NULL,NULL,NULL,_binary ''),(213,'nondetection','Nondetection',3,'Abjuration','1 action','Touch','8 hours','V, S, M','For the duration, you hide a target that you touch from divination magic. The target can be a willing creature or a place or an object no larger than 10 feet in any dimension. The target can\'t be targeted by any divination magic or perceived through magical scrying sensors.',NULL,NULL,NULL,NULL,_binary ''),(214,'pass-without-trace','Pass Without Trace',2,'Abjuration','1 action','Self','Up to 1 hour','V, S, M','A veil of shadows and silence radiates from you, masking you and your companions from detection. For the duration, each creature you choose within 30 feet of you (including you) has a +10 bonus to Dexterity (Stealth) checks and can\'t be tracked except by magical means. A creature that receives this bonus leaves behind no tracks or other traces of its passage.',NULL,NULL,NULL,NULL,_binary ''),(215,'passwall','Passwall',5,'Transmutation','1 action','30 feet','1 hour','V, S, M','A passage appears at a point of your choice that you can see on a wooden, plaster, or stone surface (such as a wall, a ceiling, or a floor) within range, and lasts for the duration. You choose the opening\'s dimensions: up to 5 feet wide, 8 feet tall, and 20 feet deep. The passage creates no instability in a structure surrounding it.\nWhen the opening disappears, any creatures or objects still in the passage created by the spell are safely ejected to an unoccupied space nearest to the surface on which you cast the spell.',NULL,NULL,NULL,NULL,_binary ''),(216,'phantasmal-killer','Phantasmal Killer',4,'Illusion','1 action','120 feet','Up to 1 minute','V, S','You tap into the nightmares of a creature you can see within range and create an illusory manifestation of its deepest fears, visible only to that creature. The target must make a wisdom saving throw. On a failed save, the target becomes frightened for the duration. At the start of each of the target\'s turns before the spell ends, the target must succeed on a wisdom saving throw or take 4d10 psychic damage. On a successful save, the spell ends.',NULL,'4d10','Psychic','WIS',_binary ''),(217,'phantom-steed','Phantom Steed',3,'Illusion','1 minute','30 feet','1 hour','V, S','A Large quasi-real, horselike creature appears on the ground in an unoccupied space of your choice within range. You decide the creature\'s appearance, but it is equipped with a saddle, bit, and bridle. Any of the equipment created by the spell vanishes in a puff of smoke if it is carried more than 10 feet away from the steed.\nFor the duration, you or a creature you choose can ride the steed. The creature uses the statistics for a riding horse, except it has a speed of 100 feet and can travel 10 miles in an hour, or 13 miles at a fast pace. When the spell ends, the steed gradually fades, giving the rider 1 minute to dismount. The spell ends if you use an action to dismiss it or if the steed takes any damage.',NULL,NULL,NULL,NULL,_binary ''),(218,'planar-ally','Planar Ally',6,'Conjuration','10 minutes','60 feet','Instantaneous','V, S','You beseech an otherworldly entity for aid. The being must be known to you: a god, a primordial, a demon prince, or some other being of cosmic power. That entity sends a celestial, an elemental, or a fiend loyal to it to aid you, making the creature appear in an unoccupied space within range. If you know a specific creature\'s name, you can speak that name when you cast this spell to request that creature, though you might get a different creature anyway (GM\'s choice).\nWhen the creature appears, it is under no compulsion to behave in any particular way. You can ask the creature to perform a service in exchange for payment, but it isn\'t obliged to do so. The requested task could range from simple (fly us across the chasm, or help us fight a battle) to complex (spy on our enemies, or protect us during our foray into the dungeon). You must be able to communicate with the creature to bargain for its services.\nPayment can take a variety of forms. A celestial might require a sizable donation of gold or magic items to an allied temple, while a fiend might demand a living sacrifice or a gift of treasure. Some creatures might exchange their service for a quest undertaken by you.\nAs a rule of thumb, a task that can be measured in minutes requires a payment worth 100 gp per minute. A task measured in hours requires 1,000 gp per hour. And a task measured in days (up to 10 days) requires 10,000 gp per day. The GM can adjust these payments based on the circumstances under which you cast the spell. If the task is aligned with the creature\'s ethos, the payment might be halved or even waived. Nonhazardous tasks typically require only half the suggested payment, while especially dangerous tasks might require a greater gift. Creatures rarely accept tasks that seem suicidal.\nAfter the creature completes the task, or when the agreed-upon duration of service expires, the creature returns to its home plane after reporting back to you, if appropriate to the task and if possible. If you are unable to agree on a price for the creature\'s service, the creature immediately returns to its home plane.\nA creature enlisted to join your group counts as a member of it, receiving a full share of experience points awarded.',NULL,NULL,NULL,NULL,_binary ''),(219,'planar-binding','Planar Binding',5,'Abjuration','1 hour','60 feet','24 hours','V, S, M','With this spell, you attempt to bind a celestial, an elemental, a fey, or a fiend to your service. The creature must be within range for the entire casting of the spell. (Typically, the creature is first summoned into the center of an inverted magic circle in order to keep it trapped while this spell is cast.) At the completion of the casting, the target must make a charisma saving throw. On a failed save, it is bound to serve you for the duration. If the creature was summoned or created by another spell, that spell\'s duration is extended to match the duration of this spell.\nA bound creature must follow your instructions to the best of its ability. You might command the creature to accompany you on an adventure, to guard a location, or to deliver a message. The creature obeys the letter of your instructions, but if the creature is hostile to you, it strives to twist your words to achieve its own objectives. If the creature carries out your instructions completely before the spell ends, it travels to you to report this fact if you are on the same plane of existence. If you are on a different plane of existence, it returns to the place where you bound it and remains there until the spell ends.',NULL,NULL,NULL,'CHA',_binary ''),(220,'plane-shift','Plane Shift',7,'Conjuration','1 action','Touch','Instantaneous','V, S, M','You and up to eight willing creatures who link hands in a circle are transported to a different plane of existence. You can specify a target destination in general terms, such as the City of Brass on the Elemental Plane of Fire or the palace of Dispater on the second level of the Nine Hells, and you appear in or near that destination. If you are trying to reach the City of Brass, for example, you might arrive in its Street of Steel, before its Gate of Ashes, or looking at the city from across the Sea of Fire, at the GM\'s discretion.\nAlternatively, if you know the sigil sequence of a teleportation circle on another plane of existence, this spell can take you to that circle. If the teleportation circle is too small to hold all the creatures you transported, they appear in the closest unoccupied spaces next to the circle.\nYou can use this spell to banish an unwilling creature to another plane. Choose a creature within your reach and make a melee spell attack against it. On a hit, the creature must make a charisma saving throw. If the creature fails this save, it is transported to a random location on the plane of existence you specify. A creature so transported must find its own way back to your current plane of existence.','melee',NULL,NULL,'CHA',_binary ''),(221,'plant-growth','Plant Growth',3,'Transmutation','1 action','150 feet','Instantaneous','V, S','This spell channels vitality into plants within a specific area. There are two possible uses for the spell, granting either immediate or long-term benefits.\nIf you cast this spell using 1 action, choose a point within range. All normal plants in a 100-foot radius centered on that point become thick and overgrown. A creature moving through the area must spend 4 feet of movement for every 1 foot it moves.\nYou can exclude one or more areas of any size within the spell\'s area from being affected.\nIf you cast this spell over 8 hours, you enrich the land. All plants in a half-mile radius centered on a point within range become enriched for 1 year. The plants yield twice the normal amount of food when harvested.',NULL,NULL,NULL,NULL,_binary ''),(222,'poison-spray','Poison Spray',0,'Conjuration','1 action','10 feet','Instantaneous','V, S','You extend your hand toward a creature you can see within range and project a puff of noxious gas from your palm. The creature must succeed on a constitution saving throw or take 1d12 poison damage.\nThis spell\'s damage increases by 1d12 when you reach 5th level (2d12), 11th level (3d12), and 17th level (4d12).',NULL,'1d12','Poison','CON',_binary ''),(223,'polymorph','Polymorph',4,'Transmutation','1 action','60 feet','Up to 1 hour','V, S, M','This spell transforms a creature that you can see within range into a new form. An unwilling creature must make a wisdom saving throw to avoid the effect. A shapechanger automatically succeeds on this saving throw.\nThe transformation lasts for the duration, or until the target drops to 0 hit points or dies. The new form can be any beast whose challenge rating is equal to or less than the target\'s (or the target\'s level, if it doesn\'t have a challenge rating). The target\'s game statistics, including mental ability scores, are replaced by the statistics of the chosen beast. It retains its alignment and personality.\nThe target assumes the hit points of its new form. When it reverts to its normal form, the creature returns to the number of hit points it had before it transformed. If it reverts as a result of dropping to 0 hit points, any excess damage carries over to its normal form. As long as the excess damage doesn\'t reduce the creature\'s normal form to 0 hit points, it isn\'t knocked unconscious.\nThe creature is limited in the actions it can perform by the nature of its new form, and it can\'t speak, cast spells, or take any other action that requires hands or speech.\nThe target\'s gear melds into the new form. The creature can\'t activate, use, wield, or otherwise benefit from any of its equipment.',NULL,NULL,NULL,'WIS',_binary ''),(224,'power-word-kill','Power Word Kill',9,'Enchantment','1 action','60 feet','Instantaneous','V','You utter a word of power that can compel one creature you can see within range to die instantly. If the creature you choose has 100 hit points or fewer, it dies. Otherwise, the spell has no effect.',NULL,NULL,NULL,NULL,_binary ''),(225,'power-word-stun','Power Word Stun',8,'Enchantment','1 action','60 feet','Instantaneous','V','You speak a word of power that can overwhelm the mind of one creature you can see within range, leaving it dumbfounded. If the target has 150 hit points or fewer, it is stunned. Otherwise, the spell has no effect.\nThe stunned target must make a constitution saving throw at the end of each of its turns. On a successful save, this stunning effect ends.',NULL,NULL,NULL,NULL,_binary ''),(226,'prayer-of-healing','Prayer of Healing',2,'Evocation','10 minutes','30 feet','Instantaneous','V','Up to six creatures of your choice that you can see within range each regain hit points equal to 2d8 + your spellcasting ability modifier. This spell has no effect on undead or constructs.',NULL,NULL,NULL,NULL,_binary ''),(227,'prestidigitation','Prestidigitation',0,'Transmutation','1 action','10 feet','1 hour','V, S','This spell is a minor magical trick that novice spellcasters use for practice. You create one of the following magical effects within \'range\':\nYou create an instantaneous, harmless sensory effect, such as a shower of sparks, a puff of wind, faint musical notes, or an odd odor.\nYou instantaneously light or snuff out a candle, a torch, or a small campfire.\nYou instantaneously clean or soil an object no larger than 1 cubic foot.\nYou chill, warm, or flavor up to 1 cubic foot of nonliving material for 1 hour.\nYou make a color, a small mark, or a symbol appear on an object or a surface for 1 hour.\nYou create a nonmagical trinket or an illusory image that can fit in your hand and that lasts until the end of your next turn.\nIf you cast this spell multiple times, you can have up to three of its non-instantaneous effects active at a time, and you can dismiss such an effect as an action.',NULL,NULL,NULL,NULL,_binary ''),(228,'prismatic-spray','Prismatic Spray',7,'Evocation','1 action','Self','Instantaneous','V, S','Eight multicolored rays of light flash from your hand. Each ray is a different color and has a different power and purpose. Each creature in a 60-foot cone must make a dexterity saving throw. For each target, roll a d8 to determine which color ray affects it.\n***1. Red.*** The target takes 10d6 fire damage on a failed save, or half as much damage on a successful one.\n***2. Orange.*** The target takes 10d6 acid damage on a failed save, or half as much damage on a successful one.\n***3. Yellow.*** The target takes 10d6 lightning damage on a failed save, or half as much damage on a successful one.\n***4. Green.*** The target takes 10d6 poison damage on a failed save, or half as much damage on a successful one.\n***5. Blue.*** The target takes 10d6 cold damage on a failed save, or half as much damage on a successful one.\n***6. Indigo.*** On a failed save, the target is restrained. It must then make a constitution saving throw at the end of each of its turns. If it successfully saves three times, the spell ends. If it fails its save three times, it permanently turns to stone and is subjected to the petrified condition. The successes and failures don\'t need to be consecutive; keep track of both until the target collects three of a kind.\n***7. Violet.*** On a failed save, the target is blinded. It must then make a wisdom saving throw at the start of your next turn. A successful save ends the blindness. If it fails that save, the creature is transported to another plane of existence of the GM\'s choosing and is no longer blinded. (Typically, a creature that is on a plane that isn\'t its home plane is banished home, while other creatures are usually cast into the Astral or Ethereal planes.)\n***8. Special.*** The target is struck by two rays. Roll twice more, rerolling any 8.',NULL,'10d6',NULL,'DEX',_binary ''),(229,'prismatic-wall','Prismatic Wall',9,'Abjuration','1 action','60 feet','10 minutes','V, S','A shimmering, multicolored plane of light forms a vertical opaque wall--up to 90 feet long, 30 feet high, and 1 inch thick--centered on a point you can see within range. Alternatively, you can shape the wall into a sphere up to 30 feet in diameter centered on a point you choose within range. The wall remains in place for the duration. If you position the wall so that it passes through a space occupied by a creature, the spell fails, and your action and the spell slot are wasted.\nThe wall sheds bright light out to a range of 100 feet and dim light for an additional 100 feet. You and creatures you designate at the time you cast the spell can pass through and remain near the wall without harm. If another creature that can see the wall moves to within 20 feet of it or starts its turn there, the creature must succeed on a constitution saving throw or become blinded for 1 minute.\nThe wall consists of seven layers, each with a different color. When a creature attempts to reach into or pass through the wall, it does so one layer at a time through all the wall\'s layers. As it passes or reaches through each layer, the creature must make a dexterity saving throw or be affected by that layer\'s properties as described below.\nThe wall can be destroyed, also one layer at a time, in order from red to violet, by means specific to each layer. Once a layer is destroyed, it remains so for the duration of the spell. A rod of cancellation destroys a prismatic wall, but an antimagic field has no effect on it.\n***1. Red.*** The creature takes 10d6 fire damage on a failed save, or half as much damage on a successful one. While this layer is in place, nonmagical ranged attacks can\'t pass through the wall. The layer can be destroyed by dealing at least 25 cold damage to it.\n***2. Orange.*** The creature takes 10d6 acid damage on a failed save, or half as much damage on a successful one. While this layer is in place, magical ranged attacks can\'t pass through the wall. The layer is destroyed by a strong wind.\n***3. Yellow.*** The creature takes 10d6 lightning damage on a failed save, or half as much damage on a successful one. This layer can be destroyed by dealing at least 60 force damage to it.\n***4. Green.*** The creature takes 10d6 poison damage on a failed save, or half as much damage on a successful one. A passwall spell, or another spell of equal or greater level that can open a portal on a solid surface, destroys this layer.\n***5. Blue.*** The creature takes 10d6 cold damage on a failed save, or half as much damage on a successful one. This layer can be destroyed by dealing at least 25 fire damage to it.\n***6. Indigo.*** On a failed save, the creature is restrained. It must then make a constitution saving throw at the end of each of its turns. If it successfully saves three times, the spell ends. If it fails its save three times, it permanently turns to stone and is subjected to the petrified condition. The successes and failures don\'t need to be consecutive; keep track of both until the creature collects three of a kind.\nWhile this layer is in place, spells can\'t be cast through the wall. The layer is destroyed by bright light shed by a daylight spell or a similar spell of equal or higher level.\n***7. Violet.*** On a failed save, the creature is blinded. It must then make a wisdom saving throw at the start of your next turn. A successful save ends the blindness. If it fails that save, the creature is transported to another plane of the GM\'s choosing and is no longer blinded. (Typically, a creature that is on a plane that isn\'t its home plane is banished home, while other creatures are usually cast into the Astral or Ethereal planes.) This layer is destroyed by a dispel magic spell or a similar spell of equal or higher level that can end spells and magical effects.',NULL,NULL,NULL,NULL,_binary ''),(230,'private-sanctum','Private Sanctum',4,'Abjuration','10 minutes','120 feet','24 hours','V, S, M','You make an area within range magically secure. The area is a cube that can be as small as 5 feet to as large as 100 feet on each side. The spell lasts for the duration or until you use an action to dismiss it.\nWhen you cast the spell, you decide what sort of security the spell provides, choosing any or all of the following properties:\n- Sound can\'t pass through the barrier at the edge of the warded area.\n- The barrier of the warded area appears dark and foggy, preventing vision (including darkvision) through it.\n- Sensors created by divination spells can\'t appear inside the protected area or pass through the barrier at its perimeter.\n- Creatures in the area can\'t be targeted by divination spells.\n- Nothing can teleport into or out of the warded area.\n- Planar travel is blocked within the warded area.\nCasting this spell on the same spot every day for a year makes this effect permanent.',NULL,NULL,NULL,NULL,_binary ''),(231,'produce-flame','Produce Flame',0,'Conjuration','1 action','Self','10 minutes','V, S','A flickering flame appears in your hand. The flame remains there for the duration and harms neither you nor your equipment. The flame sheds bright light in a 10-foot radius and dim light for an additional 10 feet. The spell ends if you dismiss it as an action or if you cast it again.\nYou can also attack with the flame, although doing so ends the spell. When you cast this spell, or as an action on a later turn, you can hurl the flame at a creature within 30 feet of you. Make a ranged spell attack. On a hit, the target takes 1d8 fire damage.\nThis spell\'s damage increases by 1d8 when you reach 5th level (2d8), 11th level (3d8), and 17th level (4d8).','ranged','1d8','Fire',NULL,_binary ''),(232,'programmed-illusion','Programmed Illusion',6,'Illusion','1 action','120 feet','Until dispelled','V, S, M','You create an illusion of an object, a creature, or some other visible phenomenon within range that activates when a specific condition occurs. The illusion is imperceptible until then. It must be no larger than a 30-foot cube, and you decide when you cast the spell how the illusion behaves and what sounds it makes. This scripted performance can last up to 5 minutes.\nWhen the condition you specify occurs, the illusion springs into existence and performs in the manner you described. Once the illusion finishes performing, it disappears and remains dormant for 10 minutes. After this time, the illusion can be activated again.\nThe triggering condition can be as general or as detailed as you like, though it must be based on visual or audible conditions that occur within 30 feet of the area. For example, you could create an illusion of yourself to appear and warn off others who attempt to open a trapped door, or you could set the illusion to trigger only when a creature says the correct word or phrase.\nPhysical interaction with the image reveals it to be an illusion, because things can pass through it. A creature that uses its action to examine the image can determine that it is an illusion with a successful Intelligence (Investigation) check against your spell save DC. If a creature discerns the illusion for what it is, the creature can see through the image, and any noise it makes sounds hollow to the creature.',NULL,NULL,NULL,NULL,_binary ''),(233,'project-image','Project Image',7,'Illusion','1 action','500 miles','Up to 24 hours','V, S, M','You create an illusory copy of yourself that lasts for the duration. The copy can appear at any location within range that you have seen before, regardless of intervening obstacles. The illusion looks and sounds like you but is intangible. If the illusion takes any damage, it disappears, and the spell ends.\nYou can use your action to move this illusion up to twice your speed, and make it gesture, speak, and behave in whatever way you choose. It mimics your mannerisms perfectly.\nYou can see through its eyes and hear through its ears as if you were in its space. On your turn as a bonus action, you can switch from using its senses to using your own, or back again. While you are using its senses, you are blinded and deafened in regard to your own surroundings.\nPhysical interaction with the image reveals it to be an illusion, because things can pass through it. A creature that uses its action to examine the image can determine that it is an illusion with a successful Intelligence (Investigation) check against your spell save DC. If a creature discerns the illusion for what it is, the creature can see through the image, and any noise it makes sounds hollow to the creature.',NULL,NULL,NULL,NULL,_binary ''),(234,'protection-from-energy','Protection From Energy',3,'Abjuration','1 action','Touch','Up to 1 hour','V, S','For the duration, the willing creature you touch has resistance to one damage type of your choice: acid, cold, fire, lightning, or thunder.',NULL,NULL,NULL,NULL,_binary ''),(235,'protection-from-evil-and-good','Protection from Evil and Good',1,'Abjuration','1 action','Touch','Up to 10 minutes','V, S, M','Until the spell ends, one willing creature you touch is protected against certain types of creatures: aberrations, celestials, elementals, fey, fiends, and undead.\nThe protection grants several benefits. Creatures of those types have disadvantage on attack rolls against the target. The target also can\'t be charmed, frightened, or possessed by them. If the target is already charmed, frightened, or possessed by such a creature, the target has advantage on any new saving throw against the relevant effect.',NULL,NULL,NULL,NULL,_binary ''),(236,'protection-from-poison','Protection from Poison',2,'Abjuration','1 action','Touch','1 hour','V, S','You touch a creature. If it is poisoned, you neutralize the poison. If more than one poison afflicts the target, you neutralize one poison that you know is present, or you neutralize one at random.\nFor the duration, the target has advantage on saving throws against being poisoned, and it has resistance to poison damage.',NULL,NULL,NULL,NULL,_binary ''),(237,'purify-food-and-drink','Purify Food and Drink',1,'Transmutation','1 action','10 feet','Instantaneous','V, S','All nonmagical food and drink within a 5-foot radius sphere centered on a point of your choice within range is purified and rendered free of poison and disease.',NULL,NULL,NULL,NULL,_binary ''),(238,'raise-dead','Raise Dead',5,'Necromancy','1 hour','Touch','Instantaneous','V, S, M','You return a dead creature you touch to life, provided that it has been dead no longer than 10 days. If the creature\'s soul is both willing and at liberty to rejoin the body, the creature returns to life with 1 hit point.\nThis spell also neutralizes any poisons and cures nonmagical diseases that affected the creature at the time it died. This spell doesn\'t, however, remove magical diseases, curses, or similar effects; if these aren\'t first removed prior to casting the spell, they take effect when the creature returns to life. The spell can\'t return an undead creature to life.\nThis spell closes all mortal wounds, but it doesn\'t restore missing body parts. If the creature is lacking body parts or organs integral for its survival--its head, for instance--the spell automatically fails.\nComing back from the dead is an ordeal. The target takes a -4 penalty to all attack rolls, saving throws, and ability checks. Every time the target finishes a long rest, the penalty is reduced by 1 until it disappears.',NULL,NULL,NULL,NULL,_binary ''),(239,'ray-of-enfeeblement','Ray of Enfeeblement',2,'Necromancy','1 action','60 feet','Up to 1 minute','V, S','A black beam of enervating energy springs from your finger toward a creature within range. Make a ranged spell attack against the target. On a hit, the target deals only half damage with weapon attacks that use Strength until the spell ends.\nAt the end of each of the target\'s turns, it can make a constitution saving throw against the spell. On a success, the spell ends.','ranged',NULL,NULL,'CON',_binary ''),(240,'ray-of-frost','Ray of Frost',0,'Evocation','1 action','60 feet','Instantaneous','V, S','A frigid beam of blue-white light streaks toward a creature within range. Make a ranged spell attack against the target. On a hit, it takes 1d8 cold damage, and its speed is reduced by 10 feet until the start of your next turn.\nThe spell\'s damage increases by 1d8 when you reach 5th level (2d8), 11th level (3d8), and 17th level (4d8).','ranged','1d8','Cold',NULL,_binary ''),(241,'regenerate','Regenerate',7,'Transmutation','1 minute','Touch','1 hour','V, S, M','You touch a creature and stimulate its natural healing ability. The target regains 4d8 + 15 hit points. For the duration of the spell, the target regains 1 hit point at the start of each of its turns (10 hit points each minute).\nThe target\'s severed body members (fingers, legs, tails, and so on), if any, are restored after 2 minutes. If you have the severed part and hold it to the stump, the spell instantaneously causes the limb to knit to the stump.',NULL,NULL,NULL,NULL,_binary ''),(242,'reincarnate','Reincarnate',5,'Transmutation','1 hour','Touch','Instantaneous','V, S, M','You touch a dead humanoid or a piece of a dead humanoid. Provided that the creature has been dead no longer than 10 days, the spell forms a new adult body for it and then calls the soul to enter that body. If the target\'s soul isn\'t free or willing to do so, the spell fails.\nThe magic fashions a new body for the creature to inhabit, which likely causes the creature\'s race to change. The GM rolls a d 100 and consults the following table to determine what form the creature takes when restored to life, or the GM chooses a form.\n| d100 | Race |\n|---|---|\n| 01-04 | Dragonborn |\n| 05-13 | Dwarf, hill |\n| 14-21 | Dwarf, mountain |\n| 22-25 | Elf, dark |\n| 26-34 | Elf, high |\n| 35-42 | Elf, wood |\n| 43-46 | Gnome, forest |\n| 47-52 | Gnome, rock |\n| 53-56 | Half-elf |\n| 57-60 | Half-orc |\n| 61-68 | Halfling, lightfoot |\n| 69-76 | Halfling, stout |\n| 77-96 | Human |\n| 97-00 | Tiefling |\nThe reincarnated creature recalls its former life and experiences. It retains the capabilities it had in its original form, except it exchanges its original race for the new one and changes its racial traits accordingly.',NULL,NULL,NULL,NULL,_binary ''),(243,'remove-curse','Remove Curse',3,'Abjuration','1 action','Touch','Instantaneous','V, S','At your touch, all curses affecting one creature or object end. If the object is a cursed magic item, its curse remains, but the spell breaks its owner\'s attunement to the object so it can be removed or discarded.',NULL,NULL,NULL,NULL,_binary ''),(244,'resilient-sphere','Resilient Sphere',4,'Evocation','1 action','30 feet','Up to 1 minute','V, S, M','A sphere of shimmering force encloses a creature or object of Large size or smaller within range. An unwilling creature must make a dexterity saving throw. On a failed save, the creature is enclosed for the duration.\nNothing--not physical objects, energy, or other spell effects--can pass through the barrier, in or out, though a creature in the sphere can breathe there. The sphere is immune to all damage, and a creature or object inside can\'t be damaged by attacks or effects originating from outside, nor can a creature inside the sphere damage anything outside it.\nThe sphere is weightless and just large enough to contain the creature or object inside. An enclosed creature can use its action to push against the sphere\'s walls and thus roll the sphere at up to half the creature\'s speed. Similarly, the globe can be picked up and moved by other creatures.\nA disintegrate spell targeting the globe destroys it without harming anything inside it.',NULL,NULL,NULL,'DEX',_binary ''),(245,'resistance','Resistance',0,'Abjuration','1 action','Touch','Up to 1 minute','V, S, M','You touch one willing creature. Once before the spell ends, the target can roll a d4 and add the number rolled to one saving throw of its choice. It can roll the die before or after making the saving throw. The spell then ends.',NULL,NULL,NULL,NULL,_binary ''),(246,'resurrection','Resurrection',7,'Necromancy','1 hour','Touch','Instantaneous','V, S, M','You touch a dead creature that has been dead for no more than a century, that didn\'t die of old age, and that isn\'t undead. If its soul is free and willing, the target returns to life with all its hit points.\nThis spell neutralizes any poisons and cures normal diseases afflicting the creature when it died. It doesn\'t, however, remove magical diseases, curses, and the like; if such effects aren\'t removed prior to casting the spell, they afflict the target on its return to life.\nThis spell closes all mortal wounds and restores any missing body parts.\nComing back from the dead is an ordeal. The target takes a -4 penalty to all attack rolls, saving throws, and ability checks. Every time the target finishes a long rest, the penalty is reduced by 1 until it disappears.\nCasting this spell to restore life to a creature that has been dead for one year or longer taxes you greatly. Until you finish a long rest, you can\'t cast spells again, and you have disadvantage on all attack rolls, ability checks, and saving throws.',NULL,NULL,NULL,NULL,_binary ''),(247,'reverse-gravity','Reverse Gravity',7,'Transmutation','1 action','100 feet','Up to 1 minute','V, S, M','This spell reverses gravity in a 50-foot-radius, 100-foot high cylinder centered on a point within range. All creatures and objects that aren\'t somehow anchored to the ground in the area fall upward and reach the top of the area when you cast this spell. A creature can make a dexterity saving throw to grab onto a fixed object it can reach, thus avoiding the fall.\nIf some solid object (such as a ceiling) is encountered in this fall, falling objects and creatures strike it just as they would during a normal downward fall. If an object or creature reaches the top of the area without striking anything, it remains there, oscillating slightly, for the duration.\nAt the end of the duration, affected objects and creatures fall back down.',NULL,NULL,NULL,'DEX',_binary ''),(248,'revivify','Revivify',3,'Conjuration','1 action','Touch','Instantaneous','V, S, M','You touch a creature that has died within the last minute. That creature returns to life with 1 hit point. This spell can\'t return to life a creature that has died of old age, nor can it restore any missing body parts.',NULL,NULL,NULL,NULL,_binary ''),(249,'rope-trick','Rope Trick',2,'Transmutation','1 action','Touch','1 hour','V, S, M','You touch a length of rope that is up to 60 feet long. One end of the rope then rises into the air until the whole rope hangs perpendicular to the ground. At the upper end of the rope, an invisible entrance opens to an extradimensional space that lasts until the spell ends.\nThe extradimensional space can be reached by climbing to the top of the rope. The space can hold as many as eight Medium or smaller creatures. The rope can be pulled into the space, making the rope disappear from view outside the space.\nAttacks and spells can\'t cross through the entrance into or out of the extradimensional space, but those inside can see out of it as if through a 3-foot-by-5-foot window centered on the rope.\nAnything inside the extradimensional space drops out when the spell ends.',NULL,NULL,NULL,NULL,_binary ''),(250,'sacred-flame','Sacred Flame',0,'Evocation','1 action','60 feet','Instantaneous','V, S','Flame-like radiance descends on a creature that you can see within range. The target must succeed on a dexterity saving throw or take 1d8 radiant damage. The target gains no benefit from cover for this saving throw.\nThe spell\'s damage increases by 1d8 when you reach 5th level (2d8), 11th level (3d8), and 17th level (4d8).',NULL,'1d8','Radiant','DEX',_binary ''),(251,'sanctuary','Sanctuary',1,'Abjuration','1 bonus action','30 feet','1 minute','V, S, M','You ward a creature within range against attack. Until the spell ends, any creature who targets the warded creature with an attack or a harmful spell must first make a wisdom saving throw. On a failed save, the creature must choose a new target or lose the attack or spell. This spell doesn\'t protect the warded creature from area effects, such as the explosion of a fireball.\nIf the warded creature makes an attack or casts a spell that affects an enemy creature, this spell ends.',NULL,NULL,NULL,NULL,_binary ''),(252,'scorching-ray','Scorching Ray',2,'Evocation','1 action','120 feet','Instantaneous','V, S','You create three rays of fire and hurl them at targets within range. You can hurl them at one target or several.\nMake a ranged spell attack for each ray. On a hit, the target takes 2d6 fire damage.',NULL,'2d6','Fire',NULL,_binary ''),(253,'scrying','Scrying',5,'Divination','10 minutes','Self','Up to 10 minutes','V, S, M','You can see and hear a particular creature you choose that is on the same plane of existence as you. The target must make a wisdom saving throw, which is modified by how well you know the target and the sort of physical connection you have to it. If a target knows you\'re casting this spell, it can fail the saving throw voluntarily if it wants to be observed.\n| Knowledge | Save Modifier |\n|---|---|\n| Secondhand (you have heard of the target) | +5 |\n| Firsthand (you have met the target) | +0 |\n| Familiar (you know the target well) | -5 |\n\n| Connection | Save Modifier |\n|---|---|\n| Likeness or picture | -2 |\n| Possession or garment | -4 |\n| Body part, lock of hair, bit of nail, or the like | -10 |\nOn a successful save, the target isn\'t affected, and you can\'t use this spell against it again for 24 hours.\nOn a failed save, the spell creates an invisible sensor within 10 feet of the target. You can see and hear through the sensor as if you were there. The sensor moves with the target, remaining within 10 feet of it for the duration. A creature that can see invisible objects sees the sensor as a luminous orb about the size of your fist.\nInstead of targeting a creature, you can choose a location you have seen before as the target of this spell. When you do, the sensor appears at that location and doesn\'t move.',NULL,NULL,NULL,'WIS',_binary ''),(254,'secret-chest','Secret Chest',4,'Conjuration','1 action','Touch','Instantaneous','V, S, M','You hide a chest, and all its contents, on the Ethereal Plane. You must touch the chest and the miniature replica that serves as a material component for the spell. The chest can contain up to 12 cubic feet of nonliving material (3 feet by 2 feet by 2 feet).\nWhile the chest remains on the Ethereal Plane, you can use an action and touch the replica to recall the chest. It appears in an unoccupied space on the ground within 5 feet of you. You can send the chest back to the Ethereal Plane by using an action and touching both the chest and the replica.\nAfter 60 days, there is a cumulative 5 percent chance per day that the spell\'s effect ends. This effect ends if you cast this spell again, if the smaller replica chest is destroyed, or if you choose to end the spell as an action. If the spell ends and the larger chest is on the Ethereal Plane, it is irretrievably lost.',NULL,NULL,NULL,NULL,_binary ''),(255,'see-invisibility','See Invisibility',2,'Divination','1 action','Self','1 hour','V, S, M','For the duration of the spell, you see invisible creatures and objects as if they were visible, and you can see through Ethereal. The ethereal objects and creatures appear ghostly translucent.',NULL,NULL,NULL,NULL,_binary ''),(256,'seeming','Seeming',5,'Illusion','1 action','30 feet','8 hours','V, S','This spell allows you to change the appearance of any number of creatures that you can see within range. You give each target you choose a new, illusory appearance. An unwilling target can make a charisma saving throw, and if it succeeds, it is unaffected by this spell.\nThe spell disguises physical appearance as well as clothing, armor, weapons, and equipment. You can make each creature seem 1 foot shorter or taller and appear thin, fat, or in between. You can\'t change a target\'s body type, so you must choose a form that has the same basic arrangement of limbs. Otherwise, the extent of the illusion is up to you. The spell lasts for the duration, unless you use your action to dismiss it sooner.\nThe changes wrought by this spell fail to hold up to physical inspection. For example, if you use this spell to add a hat to a creature\'s outfit, objects pass through the hat, and anyone who touches it would feel nothing or would feel the creature\'s head and hair. If you use this spell to appear thinner than you are, the hand of someone who reaches out to touch you would bump into you while it was seemingly still in midair.\nA creature can use its action to inspect a target and make an Intelligence (Investigation) check against your spell save DC. If it succeeds, it becomes aware that the target is disguised.',NULL,NULL,NULL,NULL,_binary ''),(257,'sending','Sending',3,'Evocation','1 action','Unlimited','1 round','V, S, M','You send a short message of twenty-five words or less to a creature with which you are familiar. The creature hears the message in its mind, recognizes you as the sender if it knows you, and can answer in a like manner immediately. The spell enables creatures with Intelligence scores of at least 1 to understand the meaning of your message.\nYou can send the message across any distance and even to other planes of existence, but if the target is on a different plane than you, there is a 5 percent chance that the message doesn\'t arrive.',NULL,NULL,NULL,NULL,_binary ''),(258,'sequester','Sequester',7,'Transmutation','1 action','Touch','Until dispelled','V, S, M','By means of this spell, a willing creature or an object can be hidden away, safe from detection for the duration. When you cast the spell and touch the target, it becomes invisible and can\'t be targeted by divination spells or perceived through scrying sensors created by divination spells.\nIf the target is a creature, it falls into a state of suspended animation. Time ceases to flow for it, and it doesn\'t grow older.\nYou can set a condition for the spell to end early. The condition can be anything you choose, but it must occur or be visible within 1 mile of the target. Examples include \"after 1,000 years\" or \"when the tarrasque awakens.\" This spell also ends if the target takes any damage.',NULL,NULL,NULL,NULL,_binary ''),(259,'shapechange','Shapechange',9,'Transmutation','1 action','Self','Up to 1 hour','V, S, M','You assume the form of a different creature for the duration. The new form can be of any creature with a challenge rating equal to your level or lower. The creature can\'t be a construct or an undead, and you must have seen the sort of creature at least once. You transform into an average example of that creature, one without any class levels or the Spellcasting trait.\nYour game statistics are replaced by the statistics of the chosen creature, though you retain your alignment and Intelligence, Wisdom, and Charisma scores. You also retain all of your skill and saving throw proficiencies, in addition to gaining those of the creature. If the creature has the same proficiency as you and the bonus listed in its statistics is higher than yours, use the creature\'s bonus in place of yours. You can\'t use any legendary actions or lair actions of the new form.\nYou assume the hit points and Hit Dice of the new form. When you revert to your normal form, you return to the number of hit points you had before you transformed. If you revert as a result of dropping to 0 hit points, any excess damage carries over to your normal form. As long as the excess damage doesn\'t reduce your normal form to 0 hit points, you aren\'t knocked unconscious.\nYou retain the benefit of any features from your class, race, or other source and can use them, provided that your new form is physically capable of doing so. You can\'t use any special senses you have (for example, darkvision) unless your new form also has that sense. You can only speak if the creature can normally speak.\nWhen you transform, you choose whether your equipment falls to the ground, merges into the new form, or is worn by it. Worn equipment functions as normal. The GM determines whether it is practical for the new form to wear a piece of equipment, based on the creature\'s shape and size. Your equipment doesn\'t change shape or size to match the new form, and any equipment that the new form can\'t wear must either fall to the ground or merge into your new form. Equipment that merges has no effect in that state.\nDuring this spell\'s duration, you can use your action to assume a different form following the same restrictions and rules for the original form, with one exception: if your new form has more hit points than your current one, your hit points remain at their current value.',NULL,NULL,NULL,NULL,_binary ''),(260,'shatter','Shatter',2,'Evocation','1 action','60 feet','Instantaneous','V, S, M','A sudden loud ringing noise, painfully intense, erupts from a point of your choice within range. Each creature in a 10-foot-radius sphere centered on that point must make a Constitution saving throw. A creature takes 3d8 thunder damage on a failed save, or half as much damage on a successful one. A creature made of inorganic material such as stone, crystal, or metal has disadvantage on this saving throw.\nA non-magical item that is not worn or carried also suffers damage if it is in the area of the spell.',NULL,'3d8','Thunder','CON',_binary ''),(261,'shield','Shield',1,'Abjuration','1 reaction','Self','1 round','V, S','An invisible barrier of magical force appears and protects you. Until the start of your next turn, you have a +5 bonus to AC, including against the triggering attack, and you take no damage from magic missile.',NULL,NULL,NULL,NULL,_binary ''),(262,'shield-of-faith','Shield of Faith',1,'Abjuration','1 bonus action','60 feet','Up to 10 minutes','V, S, M','A shimmering field appears and surrounds a creature of your choice within range, granting it a +2 bonus to AC for the duration.',NULL,NULL,NULL,NULL,_binary ''),(263,'shillelagh','Shillelagh',0,'Transmutation','1 bonus action','Touch','1 minute','V, S, M','The wood of a club or a quarterstaff you are holding is imbued with nature\'s power. For the duration, you can use your spellcasting ability instead of Strength for the attack and damage rolls of melee attacks using that weapon, and the weapon\'s damage die becomes a d8. The weapon also becomes magical, if it isn\'t already. The spell ends if you cast it again or if you let go of the weapon.',NULL,NULL,NULL,NULL,_binary ''),(264,'shocking-grasp','Shocking Grasp',0,'Evocation','1 action','Touch','Instantaneous','V, S','Lightning springs from your hand to deliver a shock to a creature you try to touch. Make a melee spell attack against the target. You have advantage on the attack roll if the target is wearing armor made of metal. On a hit, the target takes 1d8 lightning damage, and it can\'t take reactions until the start of its next turn.\nThe spell\'s damage increases by 1d8 when you reach 5th level (2d8), 11th level (3d8), and 17th level (4d8).','melee','1d8','Lightning',NULL,_binary ''),(265,'silence','Silence',2,'Illusion','1 action','120 feet','Up to 10 minutes','V, S','For the duration, no sound can be created within or pass through a 20-foot-radius sphere centered on a point you choose within range. Any creature or object entirely inside the sphere is immune to thunder damage, and creatures are deafened while entirely inside it.\nCasting a spell that includes a verbal component is impossible there.',NULL,NULL,NULL,NULL,_binary ''),(266,'silent-image','Silent Image',1,'Illusion','1 action','60 feet','Up to 10 minutes','V, S, M','You create the image of an object, a creature, or some other visible phenomenon that is no larger than a 15-foot cube. The image appears at a spot within range and lasts for the duration. The image is purely visual; it isn\'t accompanied by sound, smell, or other sensory effects.\nYou can use your action to cause the image to move to any spot within range. As the image changes location, you can alter its appearance so that its movements appear natural for the image. For example, if you create an image of a creature and move it, you can alter the image so that it appears to be walking.\nPhysical interaction with the image reveals it to be an illusion, because things can pass through it. A creature that uses its action to examine the image can determine that it is an illusion with a successful Intelligence (Investigation) check against your spell save DC. If a creature discerns the illusion for what it is, the creature can see through the image.',NULL,NULL,NULL,NULL,_binary ''),(267,'simulacrum','Simulacrum',7,'Illusion','12 hours','Touch','Until dispelled','V, S, M','You shape an illusory duplicate of one beast or humanoid that is within range for the entire casting time of the spell. The duplicate is a creature, partially real and formed from ice or snow, and it can take actions and otherwise be affected as a normal creature. It appears to be the same as the original, but it has half the creature\'s hit point maximum and is formed without any equipment. Otherwise, the illusion uses all the statistics of the creature it duplicates.\nThe simulacrum is friendly to you and creatures you designate. It obeys your spoken commands, moving and acting in accordance with your wishes and acting on your turn in combat. The simulacrum lacks the ability to learn or become more powerful, so it never increases its level or other abilities, nor can it regain expended spell slots.\nIf the simulacrum is damaged, you can repair it in an alchemical laboratory, using rare herbs and minerals worth 100 gp per hit point it regains. The simulacrum lasts until it drops to 0 hit points, at which point it reverts to snow and melts instantly.\nIf you cast this spell again, any currently active duplicates you created with this spell are instantly destroyed.',NULL,NULL,NULL,NULL,_binary ''),(268,'sleep','Sleep',1,'Enchantment','1 action','90 feet','1 minute','V, S, M','This spell sends creatures into a magical slumber. Roll 5d8; the total is how many hit points of creatures this spell can affect. Creatures within 20 feet of a point you choose within range are affected in ascending order of their current hit points (ignoring unconscious creatures).\nStarting with the creature that has the lowest current hit points, each creature affected by this spell falls unconscious until the spell ends, the sleeper takes damage, or someone uses an action to shake or slap the sleeper awake. Subtract each creature\'s hit points from the total before moving on to the creature with the next lowest hit points. A creature\'s hit points must be equal to or less than the remaining total for that creature to be affected.\nUndead and creatures immune to being charmed aren\'t affected by this spell.',NULL,'5d8',NULL,NULL,_binary ''),(269,'sleet-storm','Sleet Storm',3,'Conjuration','1 action','150 feet','Up to 1 minute','V, S, M','Until the spell ends, freezing rain and sleet fall in a 20-foot-tall cylinder with a 40-foot radius centered on a point you choose within range. The area is heavily obscured, and exposed flames in the area are doused.\nThe ground in the area is covered with slick ice, making it difficult terrain. When a creature enters the spell\'s area for the first time on a turn or starts its turn there, it must make a dexterity saving throw. On a failed save, it falls prone.\nIf a creature is concentrating in the spell\'s area, the creature must make a successful constitution saving throw against your spell save DC or lose concentration.',NULL,NULL,NULL,NULL,_binary ''),(270,'slow','Slow',3,'Transmutation','1 action','120 feet','Up to 1 minute','V, S, M','You alter time around up to six creatures of your choice in a 40-foot cube within range. Each target must succeed on a wisdom saving throw or be affected by this spell for the duration.\nAn affected target\'s speed is halved, it takes a -2 penalty to AC and dexterity saving throws, and it can\'t use reactions. On its turn, it can use either an action or a bonus action, not both. Regardless of the creature\'s abilities or magic items, it can\'t make more than one melee or ranged attack during its turn.\nIf the creature attempts to cast a spell with a casting time of 1 action, roll a d20. On an 11 or higher, the spell doesn\'t take effect until the creature\'s next turn, and the creature must use its action on that turn to complete the spell. If it can\'t, the spell is wasted.\nA creature affected by this spell makes another wisdom saving throw at the end of its turn. On a successful save, the effect ends for it.',NULL,NULL,NULL,'WIS',_binary ''),(271,'spare-the-dying','Spare the Dying',0,'Necromancy','1 action','Touch','Instantaneous','V, S','You touch a living creature that has 0 hit points. The creature becomes stable. This spell has no effect on undead or constructs.',NULL,NULL,NULL,NULL,_binary ''),(272,'speak-with-animals','Speak with Animals',1,'Divination','1 action','Self','10 minutes','V, S','You gain the ability to comprehend and verbally communicate with beasts for the duration. The knowledge and awareness of many beasts is limited by their intelligence, but at a minimum, beasts can give you information about nearby locations and monsters, including whatever they can perceive or have perceived within the past day. You might be able to persuade a beast to perform a small favor for you, at the GM\'s discretion.',NULL,NULL,NULL,NULL,_binary ''),(273,'speak-with-dead','Speak with Dead',3,'Necromancy','1 action','10 feet','10 minutes','V, S, M','You grant the semblance of life and intelligence to a corpse of your choice within range, allowing it to answer the questions you pose. The corpse must still have a mouth and can\'t be undead. The spell fails if the corpse was the target of this spell within the last 10 days.\nUntil the spell ends, you can ask the corpse up to five questions. The corpse knows only what it knew in life, including the languages it knew. Answers are usually brief, cryptic, or repetitive, and the corpse is under no compulsion to offer a truthful answer if you are hostile to it or it recognizes you as an enemy. This spell doesn\'t return the creature\'s soul to its body, only its animating spirit. Thus, the corpse can\'t learn new information, doesn\'t comprehend anything that has happened since it died, and can\'t speculate about future events.',NULL,NULL,NULL,NULL,_binary ''),(274,'speak-with-plants','Speak with Plants',3,'Transmutation','1 action','Self','10 minutes','V, S','You imbue plants within 30 feet of you with limited sentience and animation, giving them the ability to communicate with you and follow your simple commands. You can question plants about events in the spell\'s area within the past day, gaining information about creatures that have passed, weather, and other circumstances.\nYou can also turn difficult terrain caused by plant growth (such as thickets and undergrowth) into ordinary terrain that lasts for the duration. Or you can turn ordinary terrain where plants are present into difficult terrain that lasts for the duration, causing vines and branches to hinder pursuers, for example.\nPlants might be able to perform other tasks on your behalf, at the GM\'s discretion. The spell doesn\'t enable plants to uproot themselves and move about, but they can freely move branches, tendrils, and stalks.\nIf a plant creature is in the area, you can communicate with it as if you shared a common language, but you gain no magical ability to influence it.\nThis spell can cause the plants created by the entangle spell to release a restrained creature.',NULL,NULL,NULL,NULL,_binary ''),(275,'spider-climb','Spider Climb',2,'Transmutation','1 action','Touch','Up to 1 hour','V, S, M','Until the spell ends, one willing creature you touch gains the ability to move up, down, and across vertical surfaces and upside down along ceilings, while leaving its hands free. The target also gains a climbing speed equal to its walking speed.',NULL,NULL,NULL,NULL,_binary ''),(276,'spike-growth','Spike Growth',2,'Transmutation','1 action','150 feet','Up to 10 minutes','V, S, M','The ground in a 20-foot radius centered on a point within range twists and sprouts hard spikes and thorns. The area becomes difficult terrain for the duration. When a creature moves into or within the area, it takes 2d4 piercing damage for every 5 feet it travels.\nThe transformation of the ground is camouflaged to look natural. Any creature that can\'t see the area at the time the spell is cast can make a Wisdom (Perception) check against your spell save DC to recognize the terrain as hazardous before entering it.',NULL,NULL,NULL,NULL,_binary ''),(277,'spirit-guardians','Spirit Guardians',3,'Conjuration','1 action','Self','Up to 10 minutes','V, S, M','You call forth spirits to protect you. They flit around you to a distance of 15 feet for the duration. If you are good or neutral, their spectral form appears angelic or fey (your choice). If you are evil, they appear fiendish.\nWhen you cast this spell, you can designate any number of creatures you can see to be unaffected by it. An affected creature\'s speed is halved in the area, and when the creature enters the area for the first time on a turn or starts its turn there, it must make a wisdom saving throw. On a failed save, the creature takes 3d8 radiant damage (if you are good or neutral) or 3d8 necrotic damage (if you are evil). On a successful save, the creature takes half as much damage.',NULL,NULL,NULL,NULL,_binary ''),(278,'spiritual-weapon','Spiritual Weapon',2,'Evocation','1 bonus action','60 feet','1 minute','V, S','You create a floating, spectral weapon within range that lasts for the duration or until you cast this spell again. When you cast the spell, you can make a melee spell attack against a creature within 5 feet of the weapon. On a hit, the target takes force damage equal to 1d8 + your spellcasting ability modifier.\nAs a bonus action on your turn, you can move the weapon up to 20 feet and repeat the attack against a creature within 5 feet of it.\nThe weapon can take whatever form you choose. Clerics of deities who are associated with a particular weapon (as St. Cuthbert is known for his mace and Thor for his hammer) make this spell\'s effect resemble that weapon.','melee','1d8 + MOD','Force',NULL,_binary ''),(279,'stinking-cloud','Stinking Cloud',3,'Conjuration','1 action','90 feet','Up to 1 minute','V, S, M','You create a 20-foot-radius sphere of yellow, nauseating gas centered on a point within range. The cloud spreads around corners, and its area is heavily obscured. The cloud lingers in the air for the duration.\nEach creature that is completely within the cloud at the start of its turn must make a constitution saving throw against poison. On a failed save, the creature spends its action that turn retching and reeling. Creatures that don\'t need to breathe or are immune to poison automatically succeed on this saving throw.\nA moderate wind (at least 10 miles per hour) disperses the cloud after 4 rounds. A strong wind (at least 20 miles per hour) disperses it after 1 round.',NULL,NULL,NULL,'CON',_binary ''),(280,'stone-shape','Stone Shape',4,'Transmutation','1 action','Touch','Instantaneous','V, S, M','You touch a stone object of Medium size or smaller or a section of stone no more than 5 feet in any dimension and form it into any shape that suits your purpose. So, for example, you could shape a large rock into a weapon, idol, or coffer, or make a small passage through a wall, as long as the wall is less than 5 feet thick. You could also shape a stone door or its frame to seal the door shut. The object you create can have up to two hinges and a latch, but finer mechanical detail isn\'t possible.',NULL,NULL,NULL,NULL,_binary ''),(281,'stoneskin','Stoneskin',4,'Abjuration','1 action','Touch','Up to 1 hour','V, S, M','This spell turns the flesh of a willing creature you touch as hard as stone. Until the spell ends, the target has resistance to nonmagical bludgeoning, piercing, and slashing damage.',NULL,NULL,NULL,NULL,_binary ''),(282,'storm-of-vengeance','Storm of Vengeance',9,'Conjuration','1 action','Sight','Up to 1 minute','V, S','A churning storm cloud forms, centered on a point you can see and spreading to a radius of 360 feet. Lightning flashes in the area, thunder booms, and strong winds roar. Each creature under the cloud (no more than 5,000 feet beneath the cloud) when it appears must make a constitution saving throw. On a failed save, a creature takes 2d6 thunder damage and becomes deafened for 5 minutes.\nEach round you maintain concentration on this spell, the storm produces additional effects on your turn.\n***Round 2.*** Acidic rain falls from the cloud. Each creature and object under the cloud takes 1d6 acid damage.\n***Round 3.*** You call six bolts of lightning from the cloud to strike six creatures or objects of your choice beneath the cloud. A given creature or object can\'t be struck by more than one bolt. A struck creature must make a dexterity saving throw. The creature takes 10d6 lightning damage on a failed save, or half as much damage on a successful one.\n***Round 4.*** Hailstones rain down from the cloud. Each creature under the cloud takes 2d6 bludgeoning damage.\n***Round 5-10.*** Gusts and freezing rain assail the area under the cloud. The area becomes difficult terrain and is heavily obscured. Each creature there takes 1d6 cold damage. Ranged weapon attacks in the area are impossible. The wind and rain count as a severe distraction for the purposes of maintaining concentration on spells. Finally, gusts of strong wind (ranging from 20 to 50 miles per hour) automatically disperse fog, mists, and similar phenomena in the area, whether mundane or magical.',NULL,'2d6','Thunder','CON',_binary ''),(283,'suggestion','Suggestion',2,'Enchantment','1 action','30 feet','Up to 8 hours','V, M','You suggest a course of activity (limited to a sentence or two) and magically influence a creature you can see within range that can hear and understand you. Creatures that can\'t be charmed are immune to this effect. The suggestion must be worded in such a manner as to make the course of action sound reasonable. Asking the creature to stab itself, throw itself onto a spear, immolate itself, or do some other obviously harmful act ends the spell.\nThe target must make a wisdom saving throw. On a failed save, it pursues the course of action you described to the best of its ability. The suggested course of action can continue for the entire duration. If the suggested activity can be completed in a shorter time, the spell ends when the subject finishes what it was asked to do.\nYou can also specify conditions that will trigger a special activity during the duration. For example, you might suggest that a knight give her warhorse to the first beggar she meets. If the condition isn\'t met before the spell expires, the activity isn\'t performed.\nIf you or any of your companions damage the target, the spell ends.',NULL,NULL,NULL,'WIS',_binary ''),(284,'sunbeam','Sunbeam',6,'Evocation','1 action','Self','Up to 1 minute','V, S, M','A beam of brilliant light flashes out from your hand in a 5-foot-wide, 60-foot-long line. Each creature in the line must make a constitution saving throw. On a failed save, a creature takes 6d8 radiant damage and is blinded until your next turn. On a successful save, it takes half as much damage and isn\'t blinded by this spell. Undead and oozes have disadvantage on this saving throw.\nYou can create a new line of radiance as your action on any turn until the spell ends.\nFor the duration, a mote of brilliant radiance shines in your hand. It sheds bright light in a 30-foot radius and dim light for an additional 30 feet. This light is sunlight.',NULL,'6d8','Radiant','CON',_binary ''),(285,'sunburst','Sunburst',8,'Evocation','1 action','150 feet','Instantaneous','V, S, M','Brilliant sunlight flashes in a 60-foot radius centered on a point you choose within range. Each creature in that light must make a constitution saving throw. On a failed save, a creature takes 12d6 radiant damage and is blinded for 1 minute. On a successful save, it takes half as much damage and isn\'t blinded by this spell. Undead and oozes have disadvantage on this saving throw.\nA creature blinded by this spell makes another constitution saving throw at the end of each of its turns. On a successful save, it is no longer blinded.\nThis spell dispels any darkness in its area that was created by a spell.',NULL,'12d6','Radiant','CON',_binary ''),(286,'symbol','Symbol',7,'Abjuration','1 minute','Touch','Until dispelled','V, S, M','When you cast this spell, you inscribe a harmful glyph either on a surface (such as a section of floor, a wall, or a table) or within an object that can be closed to conceal the glyph (such as a book, a scroll, or a treasure chest). If you choose a surface, the glyph can cover an area of the surface no larger than 10 feet in diameter. If you choose an object, that object must remain in its place; if the object is moved more than 10 feet from where you cast this spell, the glyph is broken, and the spell ends without being triggered.\nThe glyph is nearly invisible, requiring an Intelligence (Investigation) check against your spell save DC to find it.\nYou decide what triggers the glyph when you cast the spell. For glyphs inscribed on a surface, the most typical triggers include touching or stepping on the glyph, removing another object covering it, approaching within a certain distance of it, or manipulating the object that holds it. For glyphs inscribed within an object, the most common triggers are opening the object, approaching within a certain distance of it, or seeing or reading the glyph.\nYou can further refine the trigger so the spell is activated only under certain circumstances or according to a creature\'s physical characteristics (such as height or weight), or physical kind (for example, the ward could be set to affect hags or shapechangers). You can also specify creatures that don\'t trigger the glyph, such as those who say a certain password.\nWhen you inscribe the glyph, choose one of the options below for its effect. Once triggered, the glyph glows, filling a 60-foot-radius sphere with dim light for 10 minutes, after which time the spell ends. Each creature in the sphere when the glyph activates is targeted by its effect, as is a creature that enters the sphere for the first time on a turn or ends its turn there.\n***Death.*** Each target must make a constitution saving throw, taking 10d 10 necrotic damage on a failed save, or half as much damage on a successful save.\n***Discord.*** Each target must make a constitution saving throw. On a failed save, a target bickers and argues with other creatures for 1 minute. During this time, it is incapable of meaningful communication and has disadvantage on attack rolls and ability checks.\n***Fear.*** Each target must make a wisdom saving throw and becomes frightened for 1 minute on a failed save. While frightened, the target drops whatever it is holding and must move at least 30 feet away from the glyph on each of its turns, if able.\n***Hopelessness.*** Each target must make a charisma saving throw. On a failed save, the target is overwhelmed with despair for 1 minute. During this time, it can\'t attack or target any creature with harmful abilities, spells, or other magical effects.\n***Insanity.*** Each target must make an intelligence saving throw. On a failed save, the target is driven insane for 1 minute. An insane creature can\'t take actions, can\'t understand what other creatures say, can\'t read, and speaks only in gibberish. The GM controls its movement, which is erratic.\n***Pain.*** Each target must make a constitution saving throw and becomes incapacitated with excruciating pain for 1 minute on a failed save.\n***Sleep.*** Each target must make a wisdom saving throw and falls unconscious for 10 minutes on a failed save. A creature awakens if it takes damage or if someone uses an action to shake or slap it awake.\n***Stunning.*** Each target must make a wisdom saving throw and becomes stunned for 1 minute on a failed save.',NULL,NULL,NULL,NULL,_binary ''),(287,'telekinesis','Telekinesis',5,'Transmutation','1 action','60 feet','Up to 10 minutes','V, S','You gain the ability to move or manipulate creatures or objects by thought. When you cast the spell, and as your action each round for the duration, you can exert your will on one creature or object that you can see within range, causing the appropriate effect below. You can affect the same target round after round, or choose a new one at any time. If you switch targets, the prior target is no longer affected by the spell.\n***Creature.*** You can try to move a Huge or smaller creature. Make an ability check with your spellcasting ability contested by the creature\'s Strength check. If you win the contest, you move the creature up to 30 feet in any direction, including upward but not beyond the range of this spell. Until the end of your next turn, the creature is restrained in your telekinetic grip. A creature lifted upward is suspended in mid-air.\nOn subsequent rounds, you can use your action to attempt to maintain your telekinetic grip on the creature by repeating the contest.\n***Object.*** You can try to move an object that weighs up to 1,000 pounds. If the object isn\'t being worn or carried, you automatically move it up to 30 feet in any direction, but not beyond the range of this spell.\nIf the object is worn or carried by a creature, you must make an ability check with your spellcasting ability contested by that creature\'s Strength check. If you succeed, you pull the object away from that creature and can move it up to 30 feet in any direction but not beyond the range of this spell.\nYou can exert fine control on objects with your telekinetic grip, such as manipulating a simple tool, opening a door or a container, stowing or retrieving an item from an open container, or pouring the contents from a vial.',NULL,NULL,NULL,NULL,_binary ''),(288,'telepathic-bond','Telepathic Bond',5,'Divination','1 action','30 feet','1 hour','V, S, M','You forge a telepathic link among up to eight willing creatures of your choice within range, psychically linking each creature to all the others for the duration. Creatures with Intelligence scores of 2 or less aren\'t affected by this spell.\nUntil the spell ends, the targets can communicate telepathically through the bond whether or not they have a common language. The communication is possible over any distance, though it can\'t extend to other planes of existence.',NULL,NULL,NULL,NULL,_binary ''),(289,'teleport','Teleport',7,'Conjuration','1 action','10 feet','Instantaneous','V','This spell instantly transports you and up to eight willing creatures of your choice that you can see within range, or a single object that you can see within range, to a destination you select. If you target an object, it must be able to fit entirely inside a 10-foot cube, and it can\'t be held or carried by an unwilling creature.\nThe destination you choose must be known to you, and it must be on the same plane of existence as you. Your familiarity with the destination determines whether you arrive there successfully. The GM rolls d100 and consults the table.\n| Familiarity | Mishap | Similar Area | Off Target | On Target |\n|---|---|---|---|---|\n| Permanent circle | -- | -- | -- | 01-100 |\n| Associated object | -- | -- | -- | 01-100 |\n| Very familiar | 01-05 | 06-13 | 14-24 | 25-100 |\n| Seen casually | 01-33 | 34-43 | 44-53 | 54-100 |\n| Viewed once | 01-43 | 44-53 | 54-73 | 74-100 |\n| Description | 01-43 | 44-53 | 54-73 | 74-100 |\n| False destination | 01-50 | 51-100 | -- | -- |\n***Familiarity.*** \"Permanent circle\" means a permanent teleportation circle whose sigil sequence you know.\n\"Associated object\" means that you possess an object taken from the desired destination within the last six months, such as a book from a wizard\'s library, bed linen from a royal suite, or a chunk of marble from a lich\'s secret tomb.\n\"Very familiar\" is a place you have been very often, a place you have carefully studied, or a place you can see when you cast the spell.\n\"Seen casually\" is someplace you have seen more than once but with which you aren\'t very familiar.\n\"Viewed once\" is a place you have seen once, possibly using magic.\n\"Description\" is a place whose location and appearance you know through someone else\'s description, perhaps from a map.\n\"False destination\" is a place that doesn\'t exist. Perhaps you tried to scry an enemy\'s sanctum but instead viewed an illusion, or you are attempting to teleport to a familiar location that no longer exists.\n***On Target.*** You and your group (or the target object) appear where you want to.\n***Off Target.*** You and your group (or the target object) appear a random distance away from the destination in a random direction. Distance off target is 1d10 x 1d10 percent of the distance that was to be traveled. For example, if you tried to travel 120 miles, landed off target, and rolled a 5 and 3 on the two d10s, then you would be off target by 15 percent, or 18 miles. The GM determines the direction off target randomly by rolling a d8 and designating 1 as north, 2 as northeast, 3 as east, and so on around the points of the compass.  If you were teleporting to a coastal city and wound up 18 miles out at sea, you could be in trouble.\n***Similar Area.*** You and your group (or the target object) wind up in a different area that\'s visually or thematically similar to the target area. If you are heading for your home laboratory, for example, you might wind up in another wizard\'s laboratory or in an alchemical supply shop that has many of the same tools and implements as your laboratory. Generally, you appear in the closest similar place, but since the spell has no range limit, you could conceivably wind up anywhere on the plane.\n***Mishap.*** The spell\'s unpredictable magic results in a difficult journey. Each teleporting creature (or the target object) takes 3d10 force damage, and the GM rerolls on the table to see where you wind up (multiple mishaps can occur, dealing damage each time).',NULL,NULL,NULL,NULL,_binary ''),(290,'teleportation-circle','Teleportation Circle',5,'Conjuration','1 minute','10 feet','1 round','V, M','As you cast the spell, you draw a 10-foot-diameter circle on the ground inscribed with sigils that link your location to a permanent teleportation circle of your choice whose sigil sequence you know and that is on the same plane of existence as you. A shimmering portal opens within the circle you drew and remains open until the end of your next turn. Any creature that enters the portal instantly appears within 5 feet of the destination circle or in the nearest unoccupied space if that space is occupied.\nMany major temples, guilds, and other important places have permanent teleportation circles inscribed somewhere within their confines. Each such circle includes a unique sigil sequence--a string of magical runes arranged in a particular pattern. When you first gain the ability to cast this spell, you learn the sigil sequences for two destinations on the Material Plane, determined by the GM. You can learn additional sigil sequences during your adventures. You can commit a new sigil sequence to memory after studying it for 1 minute.\nYou can create a permanent teleportation circle by casting this spell in the same location every day for one year. You need not use the circle to teleport when you cast the spell in this way.',NULL,NULL,NULL,NULL,_binary ''),(291,'thaumaturgy','Thaumaturgy',0,'Transmutation','1 action','30 feet','1 minute','V','You manifest a minor wonder, a sign of supernatural power, within range. You create one of the following magical effects within range.\n- Your voice booms up to three times as loud as normal for 1 minute.\n- You cause flames to flicker, brighten, dim, or change color for 1 minute.\n- You cause harmless tremors in the ground for 1 minute.\n- You create an instantaneous sound that originates from a point of your choice within range, such as a rumble of thunder, the cry of a raven, or ominous whispers.\n- You instantaneously cause an unlocked door or window to fly open or slam shut.\n- You alter the appearance of your eyes for 1 minute.\nIf you cast this spell multiple times, you can have up to three of its 1-minute effects active at a time, and you can dismiss such an effect as an action.',NULL,NULL,NULL,NULL,_binary ''),(292,'thunderwave','Thunderwave',1,'Evocation','1 action','Self','Instantaneous','V, S','A wave of thunderous force sweeps out from you. Each creature in a 15-foot cube originating from you must make a constitution saving throw. On a failed save, a creature takes 2d8 thunder damage and is pushed 10 feet away from you. On a successful save, the creature takes half as much damage and isn\'t pushed.\nIn addition, unsecured objects that are completely within the area of effect are automatically pushed 10 feet away from you by the spell\'s effect, and the spell emits a thunderous boom audible out to 300 feet.',NULL,'2d8','Thunder','CON',_binary ''),(293,'time-stop','Time Stop',9,'Transmutation','1 action','Self','Instantaneous','V','You briefly stop the flow of time for everyone but yourself. No time passes for other creatures, while you take 1d4 + 1 turns in a row, during which you can use actions and move as normal.\nThis spell ends if one of the actions you use during this period, or any effects that you create during this period, affects a creature other than you or an object being worn or carried by someone other than you. In addition, the spell ends if you move to a place more than 1,000 feet from the location where you cast it.',NULL,NULL,NULL,NULL,_binary ''),(294,'tiny-hut','Tiny Hut',3,'Evocation','1 minute','Self','8 hours','V, S, M','A 10-foot-radius immobile dome of force springs into existence around and above you and remains stationary for the duration. The spell ends if you leave its area.\nNine creatures of Medium size or smaller can fit inside the dome with you. The spell fails if its area includes a larger creature or more than nine creatures. Creatures and objects within the dome when you cast this spell can move through it freely. All other creatures and objects are barred from passing through it. Spells and other magical effects can\'t extend through the dome or be cast through it. The atmosphere inside the space is comfortable and dry, regardless of the weather outside.\nUntil the spell ends, you can command the interior to become dimly lit or dark. The dome is opaque from the outside, of any color you choose, but it is transparent from the inside.',NULL,NULL,NULL,NULL,_binary ''),(295,'tongues','Tongues',3,'Divination','1 action','Touch','1 hour','V, M','This spell grants the creature you touch the ability to understand any spoken language it hears. Moreover, when the target speaks, any creature that knows at least one language and can hear the target understands what it says.',NULL,NULL,NULL,NULL,_binary ''),(296,'transport-via-plants','Transport via Plants',6,'Conjuration','1 action','10 feet','1 round','V, S','This spell creates a magical link between a Large or larger inanimate plant within range and another plant, at any distance, on the same plane of existence. You must have seen or touched the destination plant at least once before. For the duration, any creature can step into the target plant and exit from the destination plant by using 5 feet of movement.',NULL,NULL,NULL,NULL,_binary ''),(297,'tree-stride','Tree Stride',5,'Conjuration','1 action','Self','Up to 1 minute','V, S','You gain the ability to enter a tree and move from inside it to inside another tree of the same kind within 500 feet. Both trees must be living and at least the same size as you. You must use 5 feet of movement to enter a tree. You instantly know the location of all other trees of the same kind within 500 feet and, as part of the move used to enter the tree, can either pass into one of those trees or step out of the tree you\'re in. You appear in a spot of your choice within 5 feet of the destination tree, using another 5 feet of movement. If you have no movement left, you appear within 5 feet of the tree you entered.\nYou can use this transportation ability once per round for the duration. You must end each turn outside a tree.',NULL,NULL,NULL,NULL,_binary ''),(298,'true-polymorph','True Polymorph',9,'Transmutation','1 action','30 feet','Up to 1 hour','V, S, M','Choose one creature or nonmagical object that you can see within range. You transform the creature into a different creature, the creature into an object, or the object into a creature (the object must be neither worn nor carried by another creature). The transformation lasts for the duration, or until the target drops to 0 hit points or dies. If you concentrate on this spell for the full duration, the transformation becomes permanent.\nShapechangers aren\'t affected by this spell. An unwilling creature can make a wisdom saving throw, and if it succeeds, it isn\'t affected by this spell.\n***Creature into Creature.*** If you turn a creature into another kind of creature, the new form can be any kind you choose whose challenge rating is equal to or less than the target\'s (or its level, if the target doesn\'t have a challenge rating). The target\'s game statistics, including mental ability scores, are replaced by the statistics of the new form. It retains its alignment and personality.\nThe target assumes the hit points of its new form, and when it reverts to its normal form, the creature returns to the number of hit points it had before it transformed. If it reverts as a result of dropping to 0 hit points, any excess damage carries over to its normal form. As long as the excess damage doesn\'t reduce the creature\'s normal form to 0 hit points, it isn\'t knocked unconscious.\nThe creature is limited in the actions it can perform by the nature of its new form, and it can\'t speak, cast spells, or take any other action that requires hands or speech unless its new form is capable of such actions.\nThe target\'s gear melds into the new form. The creature can\'t activate, use, wield, or otherwise benefit from any of its equipment.\n***Object into Creature.*** You can turn an object into any kind of creature, as long as the creature\'s size is no larger than the object\'s size and the creature\'s challenge rating is 9 or lower. The creature is friendly to you and your companions. It acts on each of your turns. You decide what action it takes and how it moves. The GM has the creature\'s statistics and resolves all of its actions and movement.\nIf the spell becomes permanent, you no longer control the creature. It might remain friendly to you, depending on how you have treated it.\n***Creature into Object.*** If you turn a creature into an object, it transforms along with whatever it is wearing and carrying into that form. The creature\'s statistics become those of the object, and the creature has no memory of time spent in this form, after the spell ends and it returns to its normal form.',NULL,NULL,NULL,NULL,_binary ''),(299,'true-resurrection','True Resurrection',9,'Necromancy','1 hour','Touch','Instantaneous','V, S, M','You touch a creature that has been dead for no longer than 200 years and that died for any reason except old age. If the creature\'s soul is free and willing, the creature is restored to life with all its hit points.\nThis spell closes all wounds, neutralizes any poison, cures all diseases, and lifts any curses affecting the creature when it died. The spell replaces damaged or missing organs and limbs.\nThe spell can even provide a new body if the original no longer exists, in which case you must speak the creature\'s name. The creature then appears in an unoccupied space you choose within 10 feet of you.',NULL,NULL,NULL,NULL,_binary ''),(300,'true-seeing','True Seeing',6,'Divination','1 action','Touch','1 hour','V, S, M','This spell gives the willing creature you touch the ability to see things as they actually are. For the duration, the creature has truesight, notices secret doors hidden by magic, and can see into the Ethereal Plane, all out to a range of 120 feet.',NULL,NULL,NULL,NULL,_binary ''),(301,'true-strike','True Strike',0,'Divination','1 action','30 feet','Up to 1 round','S','You extend your hand and point a finger at a target in range. Your magic grants you a brief insight into the target\'s defenses. On your next turn, you gain advantage on your first attack roll against the target, provided that this spell hasn\'t ended.',NULL,NULL,NULL,NULL,_binary ''),(302,'unseen-servant','Unseen Servant',1,'Conjuration','1 action','60 feet','1 hour','V, S, M','This spell creates an invisible, mindless, shapeless force that performs simple tasks at your command until the spell ends. The servant springs into existence in an unoccupied space on the ground within range. It has AC 10, 1 hit point, and a Strength of 2, and it can\'t attack. If it drops to 0 hit points, the spell ends.\nOnce on each of your turns as a bonus action, you can mentally command the servant to move up to 15 feet and interact with an object. The servant can perform simple tasks that a human servant could do, such as fetching things, cleaning, mending, folding clothes, lighting fires, serving food, and pouring wine. Once you give the command, the servant performs the task to the best of its ability until it completes the task, then waits for your next command.\nIf you command the servant to perform a task that would move it more than 60 feet away from you, the spell ends.',NULL,NULL,NULL,NULL,_binary ''),(303,'vampiric-touch','Vampiric Touch',3,'Necromancy','1 action','Self','Up to 1 minute','V, S','The touch of your shadow-wreathed hand can siphon life force from others to heal your wounds. Make a melee spell attack against a creature within your reach. On a hit, the target takes 3d6 necrotic damage, and you regain hit points equal to half the amount of necrotic damage dealt. Until the spell ends, you can make the attack again on each of your turns as an action.','melee','3d6','Necrotic',NULL,_binary ''),(304,'vicious-mockery','Vicious Mockery',0,'Enchantment','1 action','60 feet','Instantaneous','V','You unleash a string of insults laced with subtle enchantments at a creature you can see within range. If the target can hear you (though it need not understand you), it must succeed on a wisdom saving throw or take 1d4 psychic damage and have disadvantage on the next attack roll it makes before the end of its next turn.\nThis spell\'s damage increases by 1d4 when you reach 5th level (2d4), 11th level (3d4), and 17th level (4d4).',NULL,'1d4','Psychic','WIS',_binary ''),(305,'wall-of-fire','Wall of Fire',4,'Evocation','1 action','120 feet','Up to 1 minute','V, S, M','You create a wall of fire on a solid surface within range. You can make the wall up to 60 feet long, 20 feet high, and 1 foot thick, or a ringed wall up to 20 feet in diameter, 20 feet high, and 1 foot thick. The wall is opaque and lasts for the duration.\nWhen the wall appears, each creature within its area must make a Dexterity saving throw. On a failed save, a creature takes 5d8 fire damage, or half as much damage on a successful save.\nOne side of the wall, selected by you when you cast this spell, deals 5d8 fire damage to each creature that ends its turn within 10 feet o f that side or inside the wall. A creature takes the same damage when it enters the wall for the first time on a turn or ends its turn there. The other side of the wall deals no damage.\nThe other side of the wall deals no damage.',NULL,'5d8','Fire','DEX',_binary ''),(306,'wall-of-force','Wall of Force',5,'Evocation','1 action','120 feet','Up to 10 minutes','V, S, M','An invisible wall of force springs into existence at a point you choose within range. The wall appears in any orientation you choose, as a horizontal or vertical barrier or at an angle. It can be free floating or resting on a solid surface. You can form it into a hemispherical dome or a sphere with a radius of up to 10 feet, or you can shape a flat surface made up of ten 10-foot-by-10-foot panels. Each panel must be contiguous with another panel. In any form, the wall is 1/4 inch thick. It lasts for the duration. If the wall cuts through a creature\'s space when it appears, the creature is pushed to one side of the wall (your choice which side).\nNothing can physically pass through the wall. It is immune to all damage and can\'t be dispelled by dispel magic. A disintegrate spell destroys the wall instantly, however. The wall also extends into the Ethereal Plane, blocking ethereal travel through the wall.',NULL,NULL,NULL,NULL,_binary ''),(307,'wall-of-ice','Wall of Ice',6,'Evocation','1 action','120 feet','Up to 10 minutes','V, S, M','You create a wall of ice on a solid surface within range. You can form it into a hemispherical dome or a sphere with a radius of up to 10 feet, or you can shape a flat surface made up of ten 10-foot-square panels. Each panel must be contiguous with another panel. In any form, the wall is 1 foot thick and lasts for the duration.\nIf the wall cuts through a creature\'s space when it appears, the creature within its area is pushed to one side of the wall and must make a dexterity saving throw. On a failed save, the creature takes 10d6 cold damage, or half as much damage on a successful save.\nThe wall is an object that can be damaged and thus breached. It has AC 12 and 30 hit points per 10-foot section, and it is vulnerable to fire damage. Reducing a 10-foot section of wall to 0 hit points destroys it and leaves behind a sheet of frigid air in the space the wall occupied. A creature moving through the sheet of frigid air for the first time on a turn must make a constitution saving throw. That creature takes 5d6 cold damage on a failed save, or half as much damage on a successful one.',NULL,'10d6','Cold','DEX',_binary ''),(308,'wall-of-stone','Wall of Stone',5,'Evocation','1 action','120 feet','Up to 10 minutes','V, S, M','A nonmagical wall of solid stone springs into existence at a point you choose within range. The wall is 6 inches thick and is composed of ten 10-foot-by-10-foot panels. Each panel must be contiguous with at least one other panel. Alternatively, you can create 10-foot-by-20-foot panels that are only 3 inches thick.\nIf the wall cuts through a creature\'s space when it appears, the creature is pushed to one side of the wall (your choice). If a creature would be surrounded on all sides by the wall (or the wall and another solid surface), that creature can make a dexterity saving throw. On a success, it can use its reaction to move up to its speed so that it is no longer enclosed by the wall.\nThe wall can have any shape you desire, though it can\'t occupy the same space as a creature or object. The wall doesn\'t need to be vertical or rest on any firm foundation. It must, however, merge with and be solidly supported by existing stone. Thus, you can use this spell to bridge a chasm or create a ramp.\nIf you create a span greater than 20 feet in length, you must halve the size of each panel to create supports. You can crudely shape the wall to create crenellations, battlements, and so on.\nThe wall is an object made of stone that can be damaged and thus breached. Each panel has AC 15 and 30 hit points per inch of thickness. Reducing a panel to 0 hit points destroys it and might cause connected panels to collapse at the GM\'s discretion.\nIf you maintain your concentration on this spell for its whole duration, the wall becomes permanent and can\'t be dispelled. Otherwise, the wall disappears when the spell ends.',NULL,NULL,NULL,NULL,_binary ''),(309,'wall-of-thorns','Wall of Thorns',6,'Conjuration','1 action','120 feet','Up to 10 minutes','V, S, M','You create a wall of tough, pliable, tangled brush bristling with needle-sharp thorns. The wall appears within range on a solid surface and lasts for the duration. You choose to make the wall up to 60 feet long, 10 feet high, and 5 feet thick or a circle that has a 20-foot diameter and is up to 20 feet high and 5 feet thick. The wall blocks line of sight.\nWhen the wall appears, each creature within its area must make a dexterity saving throw. On a failed save, a creature takes 7d8 piercing damage, or half as much damage on a successful save.\nA creature can move through the wall, albeit slowly and painfully. For every 1 foot a creature moves through the wall, it must spend 4 feet of movement. Furthermore, the first time a creature enters the wall on a turn or ends its turn there, the creature must make a dexterity saving throw. It takes 7d8 slashing damage on a failed save, or half as much damage on a successful one.',NULL,'7d8','Piercing','DEX',_binary ''),(310,'warding-bond','Warding Bond',2,'Abjuration','1 action','Touch','1 hour','V, S, M','This spell wards a willing creature you touch and creates a mystic connection between you and the target until the spell ends. While the target is within 60 feet of you, it gains a +1 bonus to AC and saving throws, and it has resistance to all damage. Also, each time it takes damage, you take the same amount of damage.\nThe spell ends if you drop to 0 hit points or if you and the target become separated by more than 60 feet.\nIt also ends if the spell is cast again on either of the connected creatures. You can also dismiss the spell as an action.',NULL,NULL,NULL,NULL,_binary ''),(311,'water-breathing','Water Breathing',3,'Transmutation','1 action','30 feet','24 hours','V, S, M','This spell gives a maximum of ten willing creatures within range and you can see, the ability to breathe underwater until the end of its term. Affected creatures also retain their normal breathing pattern.',NULL,NULL,NULL,NULL,_binary ''),(312,'water-walk','Water Walk',3,'Transmutation','1 action','30 feet','1 hour','V, S, M','This spell grants the ability to move across any liquid surface--such as water, acid, mud, snow, quicksand, or lava--as if it were harmless solid ground (creatures crossing molten lava can still take damage from the heat). Up to ten willing creatures you can see within range gain this ability for the duration.\nIf you target a creature submerged in a liquid, the spell carries the target to the surface of the liquid at a rate of 60 feet per round.',NULL,NULL,NULL,NULL,_binary ''),(313,'web','Web',2,'Conjuration','1 action','60 feet','Up to 1 hour','V, S, M','You conjure a mass of thick, sticky webbing at a point of your choice within range. The webs fill a 20-foot cube from that point for the duration. The webs are difficult terrain and lightly obscure their area.\nIf the webs aren\'t anchored between two solid masses (such as walls or trees) or layered across a floor, wall, or ceiling, the conjured web collapses on itself, and the spell ends at the start of your next turn. Webs layered over a flat surface have a depth of 5 feet.\nEach creature that starts its turn in the webs or that enters them during its turn must make a dexterity saving throw. On a failed save, the creature is restrained as long as it remains in the webs or until it breaks free.\nA creature restrained by the webs can use its action to make a Strength check against your spell save DC. If it succeeds, it is no longer restrained.\nThe webs are flammable. Any 5-foot cube of webs exposed to fire burns away in 1 round, dealing 2d4 fire damage to any creature that starts its turn in the fire.',NULL,NULL,NULL,NULL,_binary ''),(314,'weird','Weird',9,'Illusion','1 action','120 feet','Up to 1 minute','V, S','Drawing on the deepest fears of a group of creatures, you create illusory creatures in their minds, visible only to them. Each creature in a 30-foot-radius sphere centered on a point of your choice within range must make a wisdom saving throw. On a failed save, a creature becomes frightened for the duration. The illusion calls on the creature\'s deepest fears, manifesting its worst nightmares as an implacable threat. At the start of each of the frightened creature\'s turns, it must succeed on a wisdom saving throw or take 4d10 psychic damage. On a successful save, the spell ends for that creature.',NULL,NULL,NULL,'WIS',_binary ''),(315,'wind-walk','Wind Walk',6,'Transmutation','1 minute','30 feet','8 hours','V, S, M','You and up to ten willing creatures you can see within range assume a gaseous form for the duration, appearing as wisps of cloud. While in this cloud form, a creature has a flying speed of 300 feet and has resistance to damage from nonmagical weapons. The only actions a creature can take in this form are the Dash action or to revert to its normal form. Reverting takes 1 minute, during which time a creature is incapacitated and can\'t move. Until the spell ends, a creature can revert to cloud form, which also requires the 1-minute transformation.\nIf a creature is in cloud form and flying when the effect ends, the creature descends 60 feet per round for 1 minute until it lands, which it does safely. If it can\'t land after 1 minute, the creature falls the remaining distance.',NULL,NULL,NULL,NULL,_binary ''),(316,'wind-wall','Wind Wall',3,'Evocation','1 action','120 feet','Up to 1 minute','V, S, M','A wall of strong wind rises from the ground at a point you choose within range. You can make the wall up to 50 feet long, 15 feet high, and 1 foot thick. You can shape the wall in any way you choose so long as it makes one continuous path along the ground. The wall lasts for the duration.\nWhen the wall appears, each creature within its area must make a strength saving throw. A creature takes 3d8 bludgeoning damage on a failed save, or half as much damage on a successful one.\nThe strong wind keeps fog, smoke, and other gases at bay. Small or smaller flying creatures or objects can\'t pass through the wall. Loose, lightweight materials brought into the wall fly upward. Arrows, bolts, and other ordinary projectiles launched at targets behind the wall are deflected upward and automatically miss. (Boulders hurled by giants or siege engines, and similar projectiles, are unaffected.) Creatures in gaseous form can\'t pass through it.',NULL,'3d8','Bludgeoning','STR',_binary ''),(317,'wish','Wish',9,'Conjuration','1 action','Self','Instantaneous','V','Wish is the mightiest spell a mortal creature can cast. By simply speaking aloud, you can alter the very foundations of reality in accord with your desires.\nThe basic use of this spell is to duplicate any other spell of 8th level or lower. You don\'t need to meet any requirements in that spell, including costly components. The spell simply takes effect.\nAlternatively, you can create one of the following effects of your choice:\n- You create one object of up to 25,000 gp in value that isn\'t a magic item. The object can be no more than 300 feet in any dimension, and it appears in an unoccupied space you can see on the ground.\n- You allow up to twenty creatures that you can see to regain all hit points, and you end all effects on them described in the greater restoration spell.\n- You grant up to ten creatures that you can see resistance to a damage type you choose.\n- You grant up to ten creatures you can see immunity to a single spell or other magical effect for 8 hours. For instance, you could make yourself and all your companions immune to a lich\'s life drain attack.\n- You undo a single recent event by forcing a reroll of any roll made within the last round (including your last turn). Reality reshapes itself to accommodate the new result. For example, a wish spell could undo an opponent\'s successful save, a foe\'s critical hit, or a friend\'s failed save. You can force the reroll to be made with advantage or disadvantage, and you can choose whether to use the reroll or the original roll.\nYou might be able to achieve something beyond the scope of the above examples. State your wish to the GM as precisely as possible. The GM has great latitude in ruling what occurs in such an instance; the greater the wish, the greater the likelihood that something goes wrong. This spell might simply fail, the effect you desire might only be partly achieved, or you might suffer some unforeseen consequence as a result of how you worded the wish. For example, wishing that a villain were dead might propel you forward in time to a period when that villain is no longer alive, effectively removing you from the game. Similarly, wishing for a legendary magic item or artifact might instantly transport you to the presence of the item\'s current owner.\nThe stress of casting this spell to produce any effect other than duplicating another spell weakens you. After enduring that stress, each time you cast a spell until you finish a long rest, you take 1d10 necrotic damage per level of that spell. This damage can\'t be reduced or prevented in any way. In addition, your Strength drops to 3, if it isn\'t 3 or lower already, for 2d4 days. For each of those days that you spend resting and doing nothing more than light activity, your remaining recovery time decreases by 2 days. Finally, there is a 33 percent chance that you are unable to cast wish ever again if you suffer this stress.',NULL,NULL,NULL,NULL,_binary ''),(318,'word-of-recall','Word of Recall',6,'Conjuration','1 action','5 feet','Instantaneous','V','You and up to five willing creatures within 5 feet of you instantly teleport to a previously designated sanctuary. You and any creatures that teleport with you appear in the nearest unoccupied space to the spot you designated when you prepared your sanctuary (see below). If you cast this spell without first preparing a sanctuary, the spell has no effect.\nYou must designate a sanctuary by casting this spell within a location, such as a temple, dedicated to or strongly linked to your deity. If you attempt to cast the spell in this manner in an area that isn\'t dedicated to your deity, the spell has no effect.',NULL,NULL,NULL,NULL,_binary ''),(319,'zone-of-truth','Zone of Truth',2,'Enchantment','1 action','60 feet','10 minutes','V, S','You create a magical zone that guards against deception in a 15-foot-radius sphere centered on a point of your choice within range. Until the spell ends, a creature that enters the spell\'s area for the first time on a turn or starts its turn there must make a Charisma saving throw. On a failed save, a creature can\'t speak a deliberate lie while in the radius. You know whether each creature succeeds or fails on its saving throw.\nAn affected creature is aware of the spell and can thus avoid answering questions to which it would normally respond with a lie. Such a creature can remain evasive in its answers as long as it remains within the boundaries of the truth.',NULL,NULL,NULL,NULL,_binary '');
/*!40000 ALTER TABLE `spells` ENABLE KEYS */;
UNLOCK TABLES;

--
-- Table structure for table `subclass_features`
--

DROP TABLE IF EXISTS `subclass_features`;
/*!40101 SET @saved_cs_client     = @@character_set_client */;
/*!50503 SET character_set_client = utf8mb4 */;
CREATE TABLE `subclass_features` (
  `id` bigint NOT NULL AUTO_INCREMENT,
  `subclass_id` bigint NOT NULL,
  `index_name` varchar(255) COLLATE utf8mb4_unicode_ci DEFAULT NULL,
  `name` varchar(255) COLLATE utf8mb4_unicode_ci DEFAULT NULL,
  `level` int NOT NULL,
  `description` text COLLATE utf8mb4_unicode_ci,
  `api_url` varchar(255) COLLATE utf8mb4_unicode_ci DEFAULT NULL,
  PRIMARY KEY (`id`),
  KEY `idx_subclass_features_level` (`subclass_id`,`level`),
  CONSTRAINT `subclass_features_ibfk_1` FOREIGN KEY (`subclass_id`) REFERENCES `subclasses` (`id`) ON DELETE CASCADE
) ENGINE=InnoDB AUTO_INCREMENT=193 DEFAULT CHARSET=utf8mb4 COLLATE=utf8mb4_unicode_ci;
/*!40101 SET character_set_client = @saved_cs_client */;

--
-- Dumping data for table `subclass_features`
--

LOCK TABLES `subclass_features` WRITE;
/*!40000 ALTER TABLE `subclass_features` DISABLE KEYS */;
INSERT INTO `subclass_features` VALUES (1,4,'dragon-ancestor','Dragon Ancestor',1,'At 1st level, you choose one type of dragon as your ancestor. The damage type associated with each dragon is used by features you gain later.\nYou can speak, read, and write Draconic. Additionally, whenever you make a Charisma check when interacting with dragons, your proficiency bonus is doubled if it applies to the check.','/api/2014/features/dragon-ancestor'),(2,4,'draconic-resilience','Draconic Resilience',1,'As magic flows through your body, it causes physical traits of your dragon ancestors to emerge. At 1st level, your hit point maximum increases by 1 and increases by 1 again whenever you gain a level in this class.\nAdditionally, parts of your skin are covered by a thin sheen of dragon-like scales. When you aren\'t wearing armor, your AC equals 13 + your Dexterity modifier.','/api/2014/features/draconic-resilience'),(3,6,'dark-ones-blessing','Dark One\'s Blessing',1,'Starting at 1st level, when you reduce a hostile creature to 0 hit points, you gain temporary hit points equal to your Charisma modifier + your warlock level (minimum of 1).','/api/2014/features/dark-ones-blessing'),(4,9,'bonus-proficiency','Bonus Proficiency',1,'When you choose this domain at 1st level, you gain proficiency with heavy armor.','/api/2014/features/bonus-proficiency'),(5,9,'disciple-of-life','Disciple of Life',1,'Also starting at 1st level, your healing spells are more effective. Whenever you use a spell of 1st level or higher to restore hit points to a creature, the creature regains additional hit points equal to 2 + the spell\'s level.','/api/2014/features/disciple-of-life'),(6,9,'channel-divinity-preserve-life','Channel Divinity: Preserve Life',2,'Starting at 2nd level, you can use your Channel Divinity to heal the badly injured.\nAs an action, you present your holy symbol and evoke healing energy that can restore a number of hit points equal to five times your cleric level.\nChoose any creatures within 30 feet of you, and divide those hit points among them. This feature can restore a creature to no more than half of its hit point maximum. You can\'t use this feature on an undead or a construct.','/api/2014/features/channel-divinity-preserve-life'),(7,1,'berserker-frenzy','Frenzy',3,'When you rage, you can go into a frenzy. While frenzied you can make a single melee weapon attack as a bonus action on each of your turns after this one. When your rage ends, you suffer one level of exhaustion.',NULL),(8,1,'berserker-mindless-rage','Mindless Rage',6,'You can\'t be charmed or frightened while raging. If you are charmed or frightened when you enter a rage, the effect is suspended for the duration of the rage.',NULL),(9,1,'berserker-intimidating-presence','Intimidating Presence',10,'You can use your action to frighten someone with your menacing presence. Choose one creature within 30 feet. It must succeed on a Wisdom save (DC = 8 + proficiency bonus + Charisma modifier) or be frightened until the end of your next turn.',NULL),(10,1,'berserker-retaliation','Retaliation',14,'When you take damage from a creature within 5 feet, you can use your reaction to make a melee weapon attack against it.',NULL),(11,2,'champion-improved-critical','Improved Critical',3,'Your weapon attacks score a critical hit on a roll of 19 or 20.',NULL),(12,2,'champion-remarkable-athlete','Remarkable Athlete',7,'You can add half your proficiency bonus (rounded up) to any Strength, Dexterity, or Constitution check that doesn\'t already use your proficiency bonus. Also, your jump distance increases by a number of feet equal to your Strength modifier.',NULL),(13,2,'champion-additional-fighting-style','Additional Fighting Style',10,'You can choose a second option from the Fighting Style class feature.',NULL),(14,2,'champion-superior-critical','Superior Critical',15,'Your weapon attacks score a critical hit on a roll of 18–20.',NULL),(15,2,'champion-survivor','Survivor',18,'You attain the pinnacle of resilience in battle. At the start of each of your turns, you regain hit points equal to 5 + your Constitution modifier if you have no more than half of your hit points left. You don\'t gain this benefit if you have 0 hit points.',NULL),(16,3,'devotion-sacred-weapon','Sacred Weapon',3,'As an action, you can imbue one weapon you are holding with positive energy. For 1 minute, add your Charisma modifier to attack rolls with it; it emits bright light (20 ft) and dim light (20 ft more). You can end it early as a bonus action.',NULL),(17,3,'devotion-turn-the-unholy','Turn the Unholy',3,'As an action, each fiend or undead within 30 ft must make a Wisdom save or be turned for 1 minute (frightened and must move away, can\'t take reactions near you).',NULL),(18,3,'devotion-aura-of-devotion','Aura of Devotion',7,'You and friendly creatures within 10 ft (30 ft at level 18) can\'t be charmed while you are conscious.',NULL),(19,3,'devotion-purity-of-spirit','Purity of Spirit',15,'You are always under the protection of the Protection from Evil and Good spell.',NULL),(20,3,'devotion-holy-nimbus','Holy Nimbus',20,'As an action, emanate an aura of sunlight for 1 minute (60-ft radius). Enemies in it take 10 radiant damage at the start of each turn. You have advantage on saves against fiends and undead; they have disadvantage on attacks against you.',NULL),(21,5,'evocation-evocation-savant','Evocation Savant',2,'The gold and time you must spend to copy an evocation spell into your spellbook is halved.',NULL),(22,5,'evocation-sculpt-spells','Sculpt Spells',2,'When you cast an evocation spell that affects other creatures you can see, you can choose a number of them equal to 1 + the spell\'s level to succeed automatically on their saving throw. They take no damage if they would normally take half damage on a success.',NULL),(23,5,'evocation-potent-cantrip','Potent Cantrip',6,'Your damaging cantrips affect even creatures that avoid the brunt of the effect. When a creature succeeds on a saving throw against your cantrip, it takes half damage (if the cantrip normally deals no damage on a success).',NULL),(24,5,'evocation-empowered-evocation','Empowered Evocation',10,'You can add your Intelligence modifier to one damage roll of any wizard evocation spell you cast.',NULL),(25,5,'evocation-overchannel','Overchannel',14,'When you cast a wizard spell of 5th level or lower that deals damage, you can deal maximum damage with that spell. The first time you do so, you suffer no ill effect. If you do so again before finishing a long rest, you take 2d12 necrotic damage per spell level above 1st (no save).',NULL),(26,7,'hunter-hunters-prey','Hunter\'s Prey',3,'Choose one: Colossus Slayer (extra 1d8 once/turn vs. damaged foe), Giant Killer (reaction attack when Large+ creature misses you), or Horde Breaker (extra attack against creature adjacent to first target).',NULL),(27,7,'hunter-defensive-tactics','Defensive Tactics',7,'Choose one: Escape the Horde (opportunity attacks against you have disadvantage), Multiattack Defense (+4 AC against subsequent attacks after being hit), or Steel Will (advantage on saves vs. frightened).',NULL),(28,7,'hunter-multiattack','Multiattack',11,'Choose one: Volley (ranged attack against all creatures within 10 ft of a point) or Whirlwind Attack (melee attack against all creatures within 5 ft of you).',NULL),(29,7,'hunter-superior-hunters-defense','Superior Hunter\'s Defense',15,'Choose one: Evasion (no damage on successful Dex save), Stand Against the Tide (redirect enemy\'s missed attack to another creature), or Uncanny Dodge (use reaction to halve attack damage).',NULL),(30,8,'land-bonus-cantrip','Bonus Cantrip',2,'You learn one additional druid cantrip of your choice.',NULL),(31,8,'land-natural-recovery','Natural Recovery',2,'Once per day during a short rest, you can recover expended spell slots with a total level no higher than half your druid level (rounded up), and none of the slots can be 6th level or higher.',NULL),(32,8,'land-circle-spells','Circle Spells',3,'Your mystical connection to the land infuses you with the ability to cast certain spells. At 3rd, 5th, 7th, and 9th level you gain access to circle spells determined by your chosen land type (Arctic, Coast, Desert, Forest, Grassland, Mountain, Swamp, or Underdark).',NULL),(33,8,'land-lands-stride','Land\'s Stride',6,'Moving through nonmagical difficult terrain costs you no extra movement. You can also pass through nonmagical plants without being slowed by them. You have advantage on saves against plants magically created or manipulated.',NULL),(34,8,'land-natures-ward','Nature\'s Ward',10,'You can\'t be charmed or frightened by elementals or fey, and you are immune to poison and disease.',NULL),(35,8,'land-natures-sanctuary','Nature\'s Sanctuary',14,'Creatures of the natural world (beasts and plants) sense your connection to nature. A beast or plant creature that attacks you must make a Wisdom saving throw (DC = 8 + proficiency bonus + Wisdom modifier). On a failed save, it must choose a different target.',NULL),(36,9,'life-blessed-healer','Blessed Healer',6,'The healing spells you cast on others heal you as well. When you cast a spell of 1st level or higher that restores hit points to another creature, you regain hit points equal to 2 + the spell\'s level.',NULL),(37,9,'life-divine-strike','Divine Strike',8,'Once per turn, when you hit a creature with a weapon attack, you can cause the attack to deal an extra 1d8 radiant damage (2d8 at level 14).',NULL),(38,9,'life-supreme-healing','Supreme Healing',17,'When you would normally roll one or more dice to restore hit points with a spell, you instead use the highest number possible for each die.',NULL),(39,10,'lore-bonus-proficiencies','Bonus Proficiencies',3,'You gain proficiency with three skills of your choice.',NULL),(40,10,'lore-cutting-words','Cutting Words',3,'When a creature you can see within 60 ft makes an attack roll, ability check, or damage roll, you can use your reaction and expend a Bardic Inspiration die to subtract the roll from its total.',NULL),(41,10,'lore-additional-magical-secrets','Additional Magical Secrets',6,'You learn two spells of your choice from any class. These count as bard spells but don\'t count against your spells known.',NULL),(42,10,'lore-peerless-skill','Peerless Skill',14,'When you make an ability check, you can expend one use of Bardic Inspiration to add the die roll to your check. You can do so after rolling the check but before learning if it succeeds or fails.',NULL),(43,11,'openhand-open-hand-technique','Open Hand Technique',3,'Whenever you hit a creature with one of the attacks granted by Flurry of Blows, you can impose one of three effects: knock prone (Dex save), push back 15 ft (Str save), or deny reactions until end of your next turn.',NULL),(44,11,'openhand-wholeness-of-body','Wholeness of Body',6,'You gain the ability to heal yourself. As an action, you regain hit points equal to three times your monk level. You must finish a long rest before you can use this feature again.',NULL),(45,11,'openhand-tranquility','Tranquility',11,'You can enter a special meditation at the end of a long rest that grants you the benefit of a Sanctuary spell until the start of your next rest (Wis save DC = 8 + proficiency bonus + Wisdom modifier).',NULL),(46,11,'openhand-quivering-palm','Quivering Palm',17,'You gain the ability to set up lethal vibrations in someone\'s body. When you hit a creature with an unarmed strike, you can spend 3 ki points to start imperceptible vibrations. These last for a number of days equal to your monk level. As an action, you can end the vibrations, forcing a Con save (DC = ki save DC) or drop to 0 hp, or half the creature\'s HP on success.',NULL),(47,12,'thief-fast-hands','Fast Hands',3,'You can use the bonus action granted by your Cunning Action to make a Dexterity (Sleight of Hand) check, use your thieves\' tools to disarm a trap or open a lock, or take the Use an Object action.',NULL),(48,12,'thief-second-story-work','Second-Story Work',3,'You gain the ability to climb faster than normal; climbing no longer costs you extra movement. Also, when you make a running jump, the distance you cover increases by a number of feet equal to your Dexterity modifier.',NULL),(49,12,'thief-supreme-sneak','Supreme Sneak',9,'You have advantage on a Dexterity (Stealth) check if you move no more than half your speed on the same turn.',NULL),(50,12,'thief-use-magic-device','Use Magic Device',13,'You have learned enough about the workings of magic that you can improvise the use of items even when they are not intended for you. You ignore all class, race, and level requirements on the use of magic items.',NULL),(51,12,'thief-thiefs-reflexes','Thief\'s Reflexes',17,'You have become adept at laying ambushes and quickly escaping danger. You can take two turns during the first round of any combat. You take your first turn at your normal initiative and your second turn at your initiative minus 10.',NULL),(52,13,'totem-spirit-seeker','Spirit Seeker',3,'Yours is a path that seeks attunement with the natural world, giving you a kinship with beasts. You gain the ability to cast Beast Sense and Speak with Animals as rituals.',NULL),(53,13,'totem-warrior-totem-spirit','Totem Spirit',3,'Choose a totem spirit: Bear (resistance to all damage except psychic while raging), Eagle (Dash as bonus action while raging, opportunity attacks against you have disadvantage except from creatures you attack), or Wolf (your allies have advantage on melee attacks against enemies adjacent to you).',NULL),(54,13,'totem-warrior-aspect-of-the-beast','Aspect of the Beast',6,'Choose a totem: Bear (carry twice the normal amount, and weight you can push/drag/lift is doubled), Eagle (see up to 1 mile sharply, dim light doesn\'t impose disadvantage on Perception), or Wolf (track by scent, know which creatures have been in an area within the past day).',NULL),(55,13,'totem-warrior-spirit-walker','Spirit Walker',10,'You can cast the Commune with Nature spell as a ritual.',NULL),(56,13,'totem-warrior-totemic-attunement','Totemic Attunement',14,'Choose a totem: Bear (frightened enemies within 5 ft have disadvantage on attacks not against you), Eagle (fly speed equal to your walking speed while raging), or Wolf (knock a Large or smaller enemy prone when you hit with a melee attack while raging).',NULL),(57,14,'valor-bonus-proficiencies','Bonus Proficiencies',3,'You gain proficiency with medium armor, shields, and martial weapons.',NULL),(58,14,'valor-combat-inspiration','Combat Inspiration',3,'A creature that has a Bardic Inspiration die from you can roll it and add it to a weapon damage roll, or roll it as a reaction when attacked to add it to their AC for that attack.',NULL),(59,14,'valor-extra-attack','Extra Attack',6,'You can attack twice, instead of once, whenever you take the Attack action on your turn.',NULL),(60,14,'valor-battle-magic','Battle Magic',14,'When you use your action to cast a bard spell, you can make one weapon attack as a bonus action.',NULL),(61,15,'knowledge-blessings-of-knowledge','Blessings of Knowledge',1,'You learn two languages of your choice. You also become proficient in your choice of two of the following skills: Arcana, History, Nature, or Religion. Your proficiency bonus is doubled for those skills.',NULL),(62,15,'knowledge-channel-divinity-knowledge-of-the-ages','Channel Divinity: Knowledge of the Ages',2,'As an action, you choose one skill or tool. For 10 minutes, you have proficiency with the chosen skill or tool.',NULL),(63,15,'knowledge-channel-divinity-read-thoughts','Channel Divinity: Read Thoughts',2,'As an action, choose one creature within 60 ft. The creature must make a Wisdom save. On failure, you read its surface thoughts for 1 minute. You can use your action to end this effect and cast Suggestion on the creature (no save).',NULL),(64,15,'knowledge-potent-spellcasting','Potent Spellcasting',8,'You add your Wisdom modifier to the damage you deal with any cleric cantrip.',NULL),(65,15,'knowledge-visions-of-the-past','Visions of the Past',17,'You can call up visions of the recent past related to an object you hold or your immediate surroundings by spending 1 minute in meditation. The DM chooses the details revealed.',NULL),(66,16,'light-warding-flare','Warding Flare',1,'When a creature attacks you or a creature within 30 ft that you can see, you can impose disadvantage on the attack by interposing divine light. You can use this feature a number of times equal to your Wisdom modifier per long rest.',NULL),(67,16,'light-channel-divinity-radiance-of-the-dawn','Channel Divinity: Radiance of the Dawn',2,'As an action, present your holy symbol, dispelling magical darkness within 30 ft. Each hostile creature within 30 ft must make a Constitution save or take 2d10 + cleric level radiant damage (half on success).',NULL),(68,16,'light-improved-flare','Improved Flare',6,'You can use your Warding Flare to protect any creature you can see within 30 ft, not just yourself.',NULL),(69,16,'light-potent-spellcasting','Potent Spellcasting',8,'You add your Wisdom modifier to the damage you deal with any cleric cantrip.',NULL),(70,16,'light-corona-of-light','Corona of Light',17,'As an action, activate an aura of sunlight for 1 minute (60-ft radius bright light, 30-ft dim). Enemies in the bright light have disadvantage on saves against spells that deal fire or radiant damage.',NULL),(71,17,'nature-acolyte-of-nature','Acolyte of Nature',1,'You learn one druid cantrip of your choice. You also gain proficiency in one of: Animal Handling, Nature, or Survival.',NULL),(72,17,'nature-bonus-proficiency','Bonus Proficiency',1,'You gain proficiency with heavy armor.',NULL),(73,17,'nature-channel-divinity-charm-animals-and-plants','Channel Divinity: Charm Animals and Plants',2,'As an action, present your holy symbol and invoke the name of your deity. Each beast or plant creature within 30 ft must make a Wisdom save or be charmed for 1 minute or until it takes damage.',NULL),(74,17,'nature-dampen-elements','Dampen Elements',6,'When you or an ally within 30 ft takes acid, cold, fire, lightning, or thunder damage, you can use your reaction to grant resistance to that instance.',NULL),(75,17,'nature-divine-strike','Divine Strike',8,'Once per turn on a hit, deal an extra 1d8 cold, fire, or lightning damage (your choice when you gain this feature). 2d8 at level 14.',NULL),(76,17,'nature-master-of-nature','Master of Nature',17,'You gain the ability to command animals and plant creatures. While they are charmed by your Charm Animals and Plants feature, you can take a bonus action to verbally direct them.',NULL),(77,18,'tempest-bonus-proficiencies','Bonus Proficiencies',1,'You gain proficiency with martial weapons and heavy armor.',NULL),(78,18,'tempest-wrath-of-the-storm','Wrath of the Storm',1,'When a creature within 5 ft of you hits you with an attack, you can use your reaction to cause it to make a Dex save (DC = 8 + proficiency + Wis mod) or take 2d8 lightning/thunder damage (half on success). Uses = Wisdom modifier per long rest.',NULL),(79,18,'tempest-channel-divinity-destructive-wrath','Channel Divinity: Destructive Wrath',2,'When you roll lightning or thunder damage, you can use Channel Divinity to deal maximum damage instead of rolling.',NULL),(80,18,'tempest-thunderbolt-strike','Thunderbolt Strike',6,'When you deal lightning damage to a Large or smaller creature, you can push it up to 10 feet away.',NULL),(81,18,'tempest-divine-strike','Divine Strike',8,'Once per turn on a hit, deal an extra 1d8 thunder damage (2d8 at level 14).',NULL),(82,18,'tempest-stormborn','Stormborn',17,'You have a flying speed equal to your current walking speed whenever you are not underground or indoors.',NULL),(83,19,'trickery-blessing-of-the-trickster','Blessing of the Trickster',1,'You can use your action to touch a willing creature (not yourself) to give it advantage on Dexterity (Stealth) checks. This lasts 1 hour or until you use the feature again.',NULL),(84,19,'trickery-channel-divinity-invoke-duplicity','Channel Divinity: Invoke Duplicity',2,'As an action, create a perfect illusion of yourself for 1 minute. You can move it up to 30 ft as a bonus action. While within 5 ft of the illusion, you have advantage on attacks against creatures within 5 ft of it; spells you cast can originate from either location.',NULL),(85,19,'trickery-channel-divinity-cloak-of-shadows','Channel Divinity: Cloak of Shadows',6,'As an action, become invisible until the end of your next turn. You become visible if you attack or cast a spell.',NULL),(86,19,'trickery-divine-strike','Divine Strike',8,'Once per turn on a hit, deal an extra 1d8 poison damage (2d8 at level 14).',NULL),(87,19,'trickery-improved-duplicity','Improved Duplicity',17,'You can create up to four duplicates of yourself instead of one with Invoke Duplicity. As a bonus action on your turn, you can move any number of them up to 30 feet total.',NULL),(88,20,'war-bonus-proficiencies','Bonus Proficiencies',1,'You gain proficiency with martial weapons and heavy armor.',NULL),(89,20,'war-war-priest','War Priest',1,'Your god delivers bolts of inspiration to you while you are engaged in battle. When you use the Attack action, you can make one weapon attack as a bonus action. Uses = Wisdom modifier per long rest.',NULL),(90,20,'war-channel-divinity-guided-strike','Channel Divinity: Guided Strike',2,'When you make an attack roll, you can use your Channel Divinity to gain a +10 bonus to the roll. You make this choice after you see the roll, but before the DM says whether the attack hits or misses.',NULL),(91,20,'war-channel-divinity-war-gods-blessing','Channel Divinity: War God\'s Blessing',6,'When another creature within 30 ft of you makes an attack roll, you can use your reaction to grant that creature a +10 bonus to the roll using Channel Divinity.',NULL),(92,20,'war-divine-strike','Divine Strike',8,'Once per turn on a hit, deal an extra 1d8 damage of the same type as the weapon (2d8 at level 14).',NULL),(93,20,'war-avatar-of-battle','Avatar of Battle',17,'You gain resistance to bludgeoning, piercing, and slashing damage from nonmagical weapons.',NULL),(94,21,'moon-combat-wild-shape','Combat Wild Shape',2,'You gain the ability to use Wild Shape as a bonus action. Also, while in a beast form you can use a bonus action to expend one spell slot and regain 1d8 hp per level of the slot expended.',NULL),(95,21,'moon-circle-forms','Circle Forms',2,'The rites of your circle grant you the ability to transform into more dangerous animal forms. You can use Wild Shape to transform into a beast with a challenge rating as high as 1 (goes up as you level: CR 1/3 becomes CR equal to floor(druid level/3)).',NULL),(96,21,'moon-primal-strike','Primal Strike',6,'Your attacks in beast form count as magical for the purpose of overcoming resistance and immunity to nonmagical attacks and damage.',NULL),(97,21,'moon-elemental-wild-shape','Elemental Wild Shape',10,'You can expend two uses of Wild Shape at the same time to transform into an air elemental, an earth elemental, a fire elemental, or a water elemental.',NULL),(98,21,'moon-thousand-forms','Thousand Forms',14,'You have learned to use magic to alter your physical form in more subtle ways. You can cast the Alter Self spell at will.',NULL),(99,22,'battlemaster-combat-superiority','Combat Superiority',3,'You learn three maneuvers of your choice from among those available to the Battle Master archetype. Many maneuvers enhance an attack in some way. You can use only one maneuver per attack. You gain four superiority dice (d8), regained on a short or long rest. Save DC = 8 + proficiency + Str or Dex mod.',NULL),(100,22,'battlemaster-student-of-war','Student of War',3,'You gain proficiency with one type of artisan\'s tools of your choice.',NULL),(101,22,'battlemaster-know-your-enemy','Know Your Enemy',7,'If you spend at least 1 minute observing or interacting with another creature outside combat, you can learn certain information: whether it is your equal, superior, or inferior in Strength, Dexterity, Constitution, AC, current HP, total class levels, and Fighter levels.',NULL),(102,22,'battlemaster-improved-combat-superiority','Improved Combat Superiority',10,'Your superiority dice turn into d10s at 10th level and d12s at 18th level.',NULL),(103,22,'battlemaster-relentless','Relentless',15,'When you roll initiative and have no superiority dice remaining, you regain 1 superiority die.',NULL),(104,23,'ek-spellcasting','Spellcasting',3,'You augment your martial prowess with the ability to cast spells. You learn spells from the wizard list, primarily abjuration and evocation. Intelligence is your spellcasting ability.',NULL),(105,23,'ek-weapon-bond','Weapon Bond',3,'You learn a ritual to create a bond with up to two weapons. You can\'t be disarmed of bonded weapons, and you can summon a bonded weapon to your hand as a bonus action.',NULL),(106,23,'ek-war-magic','War Magic',7,'When you use your action to cast a cantrip, you can make one weapon attack as a bonus action.',NULL),(107,23,'ek-eldritch-strike','Eldritch Strike',10,'When you hit a creature with a weapon attack, you can expend one spell slot to deal an extra 1d6 force damage per spell level and potentially impose disadvantage on its next saving throw against a spell.',NULL),(108,23,'ek-arcane-charge','Arcane Charge',15,'When you use Action Surge, you can teleport up to 30 feet to an unoccupied space you can see, either before or after the additional action.',NULL),(109,23,'ek-improved-war-magic','Improved War Magic',18,'When you use your action to cast a spell, you can make one weapon attack as a bonus action.',NULL),(110,24,'shadow-shadow-arts','Shadow Arts',3,'You can spend 2 ki points to cast Darkness, Darkvision, Pass without Trace, or Silence, without providing material components.',NULL),(111,24,'shadow-shadow-step','Shadow Step',6,'When you are in dim light or darkness, as a bonus action you can teleport up to 60 ft to an unoccupied space you can see that is also in dim light or darkness. You then have advantage on the first melee attack you make before end of this turn.',NULL),(112,24,'shadow-cloak-of-shadows','Cloak of Shadows',11,'When you are in an area of dim light or darkness, you can use your action to become invisible. You remain invisible until you make an attack, cast a spell, or are in bright light.',NULL),(113,24,'shadow-opportunist','Opportunist',17,'When a creature within 5 ft of you is hit by an attack made by a creature other than you, you can use your reaction to make a melee attack against it.',NULL),(114,25,'4e-disciple-of-the-elements','Disciple of the Elements',3,'You learn magical disciplines that harness the power of the four elements. A discipline requires ki to use. You know the Elemental Attunement discipline plus two others of your choice (you learn more at levels 6, 11, 17). Disciplines include: Breath of Winter, Clench of the North Wind, Eternal Mountain Defense, Fangs of the Fire Snake, Fist of Four Thunders, Fist of Unbroken Air, Flames of the Phoenix, Gong of the Summit, Mist Stance, Ride the Wind, River of Hungry Flame, Rush of the Gale Spirits, Shape the Flowing River, Sweeping Cinder Strike, Water Whip, Wave of Rolling Earth.',NULL),(115,26,'ancients-channel-divinity-natures-wrath','Channel Divinity: Nature\'s Wrath',3,'As an action, cause spectral vines to spring up around a creature within 10 ft. It must succeed on a Strength or Dexterity save (your choice) or be restrained until released or it succeeds on a save at end of its turn.',NULL),(116,26,'ancients-channel-divinity-turn-the-faithless','Channel Divinity: Turn the Faithless',3,'As an action, each fey or fiend within 30 ft must make a Wisdom save or be turned for 1 minute. A turned creature is exposed for what it is; a disguised creature\'s disguise is dispelled.',NULL),(117,26,'ancients-aura-of-warding','Aura of Warding',7,'Ancient magic lies so heavily upon you that it forms an eldritch ward. You and friendly creatures within 10 ft (30 ft at level 18) have resistance to damage from spells.',NULL),(118,26,'ancients-undying-sentinel','Undying Sentinel',15,'When you are reduced to 0 hit points and not killed outright, you can choose to drop to 1 hit point instead. You can\'t use this feature again until you finish a long rest. Also, you can\'t be aged magically, though you can still die of old age.',NULL),(119,26,'ancients-elder-champion','Elder Champion',20,'As an action, you assume the form of an ancient force of nature for 1 minute. You regain 10 hp at the start of each turn, you can cast paladin spells as a bonus action, and enemies within 10 ft have disadvantage on saves against your paladin spells and Channel Divinity.',NULL),(120,27,'vengeance-channel-divinity-abjure-enemy','Channel Divinity: Abjure Enemy',3,'As an action, choose one creature within 60 ft. It makes a Wisdom save (fiends/undead have disadvantage). On fail: frightened and speed 0 for 1 minute or until it takes damage. On success: speed halved for the turn.',NULL),(121,27,'vengeance-channel-divinity-vow-of-enmity','Channel Divinity: Vow of Enmity',3,'As a bonus action, utter a vow of enmity against a creature within 10 ft. You gain advantage on attack rolls against it for 1 minute or until it drops to 0 hp or falls unconscious.',NULL),(122,27,'vengeance-relentless-avenger','Relentless Avenger',7,'Your supernatural focus helps you close off escapes. When you hit a creature with an opportunity attack, you can move up to half your speed immediately after the attack as part of the same reaction. This movement doesn\'t provoke opportunity attacks.',NULL),(123,27,'vengeance-soul-of-vengeance','Soul of Vengeance',15,'The authority with which you speak your Vow of Enmity gives you greater power over your foe. When a creature under your Vow of Enmity makes an attack, you can use your reaction to make a melee weapon attack against it if it\'s within range.',NULL),(124,27,'vengeance-avenging-angel','Avenging Angel',20,'You can assume the form of an angelic avenger for 1 hour. You sprout wings (flying speed 60 ft), and enemies within 30 ft who see you must make a Wisdom save (DC = paladin spell save DC) or be frightened for 1 minute.',NULL),(125,28,'beastmaster-ranger-s-companion','Ranger\'s Companion',3,'You gain a beast companion that accompanies you on your adventures. Choose a beast with CR 1/4 or lower. It adds your proficiency bonus to its AC, attacks, and damage. It has hit points equal to its normal maximum or four times your ranger level, whichever is higher. It obeys your commands.',NULL),(126,28,'beastmaster-exceptional-training','Exceptional Training',7,'On any of your turns when your companion doesn\'t attack, you can use a bonus action to command it to take the Dash, Disengage, Dodge, or Help action. The companion\'s attacks count as magical.',NULL),(127,28,'beastmaster-bestial-fury','Bestial Fury',11,'Your companion can make two attacks when you command it to use the Attack action.',NULL),(128,28,'beastmaster-share-spells','Share Spells',15,'When you cast a spell targeting yourself, you can also affect your companion if the companion is within 30 ft.',NULL),(129,29,'assassin-bonus-proficiencies','Bonus Proficiencies',3,'You gain proficiency with the disguise kit and the poisoner\'s kit.',NULL),(130,29,'assassin-assassinate','Assassinate',3,'You are at your deadliest when you get the drop on your enemies. You have advantage on attack rolls against creatures that haven\'t taken a turn in the combat yet. Any hit you score against a surprised creature is a critical hit.',NULL),(131,29,'assassin-infiltration-expertise','Infiltration Expertise',9,'You can unfailingly create false identities for yourself. You must spend 7 days and 25 gp to establish a false identity. You look, sound, and behave as a different person as long as you maintain the disguise.',NULL),(132,29,'assassin-impostor','Impostor',13,'You gain the ability to unerringly mimic another person\'s speech, writing, and behavior. You must spend three hours studying the target, then perfectly imitate their speech, mannerisms, and writing.',NULL),(133,29,'assassin-death-strike','Death Strike',17,'When you attack and hit a creature that is surprised, it must make a Constitution save (DC = 8 + Dex mod + proficiency). On a failure, double the damage of your attack against the creature.',NULL),(134,30,'at-spellcasting','Spellcasting',3,'You augment your roguish abilities with spells. Intelligence is your spellcasting ability. You learn spells from the wizard list, primarily enchantment and illusion.',NULL),(135,30,'at-mage-hand-legerdemain','Mage Hand Legerdemain',3,'When you cast Mage Hand, you can make the spectral hand invisible, and you can use it to stow or retrieve items from a container, use thieves\' tools, or pocket items — all without being noticed if you succeed on a Sleight of Hand check.',NULL),(136,30,'at-magical-ambush','Magical Ambush',9,'If you are hidden from a creature when you cast a spell on it, the creature has disadvantage on any saving throw it makes against the spell this turn.',NULL),(137,30,'at-versatile-trickster','Versatile Trickster',13,'You gain the ability to distract targets with your Mage Hand. As a bonus action, you can designate a creature within 5 ft of the spectral hand to be the target of your Mage Hand Legerdemain. Doing so gives you advantage on attack rolls against that creature until the end of the turn.',NULL),(138,30,'at-spell-thief','Spell Thief',17,'You gain the ability to magically steal the knowledge of how to cast a spell. Immediately after a creature casts a spell that targets you or includes you in its area, you can use your reaction to force the creature to make a saving throw using its spellcasting ability. On fail, you negate the spell\'s effect on you and steal it, preventing the creature from casting it for 8 hours.',NULL),(139,31,'wildmagic-wild-magic-surge','Wild Magic Surge',1,'Starting when you choose this origin at 1st level, your spellcasting can unleash surges of untamed magic. Immediately after you cast a sorcerer spell of 1st level or higher, the DM can have you roll a d20. On a 1, roll on the Wild Magic Surge table.',NULL),(140,31,'wildmagic-tides-of-chaos','Tides of Chaos',1,'You can manipulate the forces of chance and chaos to gain advantage on one attack roll, ability check, or saving throw. Once you do so, you must finish a long rest before you can use the feature again. The DM can also have you roll on the Wild Magic Surge table each time you cast a sorcerer spell until you lose this feature.',NULL),(141,31,'wildmagic-bend-luck','Bend Luck',6,'You have the ability to twist fate using your wild magic. When another creature you can see makes an attack roll, an ability check, or a saving throw, you can use your reaction and spend 2 sorcery points to roll 1d4 and apply the number rolled as a bonus or penalty to the creature\'s roll.',NULL),(142,31,'wildmagic-controlled-chaos','Controlled Chaos',14,'You gain a modicum of control over the surges of your wild magic. Whenever you roll on the Wild Magic Surge table, you can roll twice and use either number.',NULL),(143,31,'wildmagic-spell-bombardment','Spell Bombardment',18,'The harmful energy of your spells intensifies. When you roll damage for a spell and roll the highest number possible on any of the dice, choose one of those dice, roll it again, and add that roll to the damage total.',NULL),(144,32,'archfey-fey-presence','Fey Presence',1,'Your patron bestows upon you the ability to project the fearsome presence of the fey. As an action, force each creature in a 10-ft cube originating from you to make a Wisdom save. On fail, it is charmed or frightened (your choice) until the end of your next turn. Once you use this feature, you can\'t use it again until you finish a short or long rest.',NULL),(145,32,'archfey-misty-escape','Misty Escape',6,'When you take damage, you can use your reaction to turn invisible and teleport up to 60 ft to an unoccupied space you can see. You remain invisible until the start of your next turn or until you attack or cast a spell. Once you use this feature, you can\'t use it again until you finish a short or long rest.',NULL),(146,32,'archfey-beguiling-defenses','Beguiling Defenses',10,'Your patron teaches you the art of subterfuge. You are immune to being charmed. When another creature attempts to charm you, you can use your reaction to attempt to turn the charm back on it.',NULL),(147,32,'archfey-dark-delirium','Dark Delirium',14,'You can plunge a creature into an illusory realm. As an action, choose a creature within 60 ft. It must make a Wisdom save or be charmed or frightened (your choice) for 1 minute or until it takes damage. While affected, it is incapacitated and its speed is 0. Once per short or long rest.',NULL),(148,33,'goo-awakened-mind','Awakened Mind',1,'Your alien knowledge gives you the ability to touch the minds of other creatures. You can communicate telepathically with any creature you can see within 30 ft. The creature doesn\'t need to share a language with you, but it must be able to understand at least one language.',NULL),(149,33,'goo-entropic-ward','Entropic Ward',6,'You learn to magically ward yourself against attack and to turn an enemy\'s failed strike into good luck for yourself. When a creature makes an attack roll against you, you can use your reaction to impose disadvantage on that roll. If the attack misses you, your next attack roll against the creature has advantage. Once per short or long rest.',NULL),(150,33,'goo-thought-shield','Thought Shield',10,'Your thoughts can\'t be read by telepathy or other means unless you allow it. Also, whenever a creature deals psychic damage to you, that creature takes the same amount of damage that you do.',NULL),(151,33,'goo-create-thrall','Create Thrall',14,'You gain the ability to infect a humanoid\'s mind with the alien magic of your patron. You can use your action to touch an incapacitated humanoid. That creature is then charmed by you until a Remove Curse spell is cast on it, the charmed condition is removed in some other way, or you use this feature again.',NULL),(152,34,'abj-abjuration-savant','Abjuration Savant',2,'The gold and time you must spend to copy an abjuration spell into your spellbook is halved.',NULL),(153,34,'abj-arcane-ward','Arcane Ward',2,'When you cast an abjuration spell of 1st level or higher, you can simultaneously use a strand of the spell\'s magic to create a magical ward on yourself. The ward has hit points equal to twice your wizard level + Intelligence modifier. When you take damage, the ward takes the damage first; if reduced to 0 it disappears. You can replenish it by casting abjuration spells.',NULL),(154,34,'abj-projected-ward','Projected Ward',6,'When a creature you can see within 30 ft takes damage, you can use your reaction to cause your Arcane Ward to absorb that damage. If this damage reduces it to 0 hp, the warded creature takes any remaining damage.',NULL),(155,34,'abj-improved-abjuration','Improved Abjuration',10,'When you cast an abjuration spell that requires you to make an ability check as part of casting the spell, you add your proficiency bonus to that ability check.',NULL),(156,34,'abj-spell-resistance','Spell Resistance',14,'You have advantage on saving throws against spells. Furthermore, you have resistance against the damage of spells.',NULL),(157,35,'conj-conjuration-savant','Conjuration Savant',2,'The gold and time you must spend to copy a conjuration spell into your spellbook is halved.',NULL),(158,35,'conj-minor-conjuration','Minor Conjuration',2,'You can use your action to conjure up an inanimate object in your hand or on the ground within 10 ft. It can be no larger than 3 feet on a side and can weigh no more than 10 pounds. The object disappears after 1 hour, or sooner.',NULL),(159,35,'conj-benign-transposition','Benign Transposition',6,'You can use your action to teleport up to 30 ft to an unoccupied space you can see, or swap places with a willing Small or Medium creature within 30 ft. Once used, regain on a long rest or on casting a conjuration spell of 1st level or higher.',NULL),(160,35,'conj-focused-conjuration','Focused Conjuration',10,'While you are concentrating on a conjuration spell, your concentration can\'t be broken as a result of taking damage.',NULL),(161,35,'conj-durable-summons','Durable Summons',14,'Whenever you summon or create a creature with a conjuration spell, it has 30 temporary hit points.',NULL),(162,36,'div-divination-savant','Divination Savant',2,'The gold and time you must spend to copy a divination spell into your spellbook is halved.',NULL),(163,36,'div-portent','Portent',2,'When you finish a long rest, roll two d20s and record the numbers. You can replace any attack roll, saving throw, or ability check made by you or a creature you can see with one of these foretelling rolls. You must choose before the roll, and each roll can be used once. You lose unused portent dice when you finish a long rest.',NULL),(164,36,'div-expert-divination','Expert Divination',6,'Casting divination spells comes so easily to you that it expends only a fraction of your spellcasting efforts. When you cast a divination spell of 2nd level or higher using a spell slot, you regain one expended spell slot; the slot must be of a level lower than the spell you cast and no higher than 5th level.',NULL),(165,36,'div-third-eye','The Third Eye',10,'You can use your action to increase your powers of perception as long as you are not incapacitated. Choose darkvision (60 ft), ethereal sight (see into the Ethereal Plane 60 ft), greater comprehension (read any language), or see invisibility (as per spell). Once a short or long rest.',NULL),(166,36,'div-greater-portent','Greater Portent',14,'The visions in your dreams intensify and paint a more accurate picture in your mind of what is to come. You roll three d20s for your Portent feature rather than two.',NULL),(167,37,'enc-enchantment-savant','Enchantment Savant',2,'The gold and time you must spend to copy an enchantment spell into your spellbook is halved.',NULL),(168,37,'enc-hypnotic-gaze','Hypnotic Gaze',2,'As an action, choose a creature within 5 ft. It must succeed on a Wisdom save or be charmed until the end of your next turn. Each turn you can use a bonus action to extend this for another round. If a target succeeds on its save, it is immune for 24 hours. Once per target per 24 hours (unlimited times per day).',NULL),(169,37,'enc-instinctive-charm','Instinctive Charm',6,'When a creature you can see within 30 ft makes an attack roll against you, you can react to divert the attack. The attacker must make a Wis save or redirect the attack to the nearest other creature. Once immune to being affected by it for 24 hours.',NULL),(170,37,'enc-split-enchantment','Split Enchantment',10,'When you cast an enchantment spell of 1st level or higher that targets only one creature, you can have it target a second creature.',NULL),(171,37,'enc-alter-memories','Alter Memories',14,'You gain the ability to make a creature unaware of your magical influence on it. When you cast an enchantment spell to charm one or more creatures, you can alter one target\'s memory to remove its awareness that you cast a spell; it thinks the spell was a coincidence or benign interaction.',NULL),(172,38,'ill-illusion-savant','Illusion Savant',2,'The gold and time you must spend to copy an illusion spell into your spellbook is halved.',NULL),(173,38,'ill-improved-minor-illusion','Improved Minor Illusion',2,'You learn the Minor Illusion cantrip. When you cast it, you can create both a sound and an image with a single casting.',NULL),(174,38,'ill-malleable-illusions','Malleable Illusions',6,'When you cast an illusion spell that has a duration of 1 minute or longer, you can use your action to change the nature of that illusion (using the spell\'s normal parameters for the illusion), provided that you can see the illusion.',NULL),(175,38,'ill-illusory-self','Illusory Self',10,'You can create an illusory duplicate of yourself as an instant reaction to danger. When a creature makes an attack roll against you, you can use your reaction to interpose the illusory duplicate between the attacker and yourself. The attack automatically misses you, then the illusion dissipates. Once per short or long rest.',NULL),(176,38,'ill-illusory-reality','Illusory Reality',14,'You have learned the secret of weaving shadow magic into your illusions to give them a semi-reality. When you cast an illusion spell of 1st level or higher, you can choose one inanimate, nonmagical object that is part of the illusion and make that object real. The object can\'t deal damage or otherwise harm anyone, and it disappears after 1 minute.',NULL),(177,39,'nec-necromancy-savant','Necromancy Savant',2,'The gold and time you must spend to copy a necromancy spell into your spellbook is halved.',NULL),(178,39,'nec-grim-harvest','Grim Harvest',2,'Once per turn when you kill one or more creatures with a spell, you regain hit points equal to twice the spell\'s level (or three times if it is a necromancy spell). This does not apply if you kill a construct or undead.',NULL),(179,39,'nec-undead-thralls','Undead Thralls',6,'You add the Animate Dead spell to your spellbook. When you cast Animate Dead, you can target one additional corpse or pile of bones. Undead you create have their maximum HP increased by your wizard level, and add your proficiency bonus to weapon damage rolls.',NULL),(180,39,'nec-inured-to-undeath','Inured to Undeath',10,'You have resistance to necrotic damage, and your hit point maximum can\'t be reduced. You have spent so much time dealing with undead that you have become inured to some of their worst effects.',NULL),(181,39,'nec-command-undead','Command Undead',14,'You can use magic to bring undead under your control. As an action, choose an undead you can see within 60 ft. It makes a Charisma save (DC = spell save DC). If it fails, it must obey your commands for 24 hours or until you use this feature again. An undead with Intelligence 8+ repeats the save every hour.',NULL),(182,40,'trans-transmutation-savant','Transmutation Savant',2,'The gold and time you must spend to copy a transmutation spell into your spellbook is halved.',NULL),(183,40,'trans-minor-alchemy','Minor Alchemy',2,'You can temporarily alter the physical properties of one nonmagical object, changing it from one substance into another. You perform a special alchemical procedure for 1 hour; the object must be Small or smaller. Each additional hour you spend extends the duration by 1 hour. Substances: wood, stone, iron, copper, silver.',NULL),(184,40,'trans-transmuters-stone','Transmuter\'s Stone',6,'You can spend 8 hours creating a transmuter\'s stone that stores transmutation magic. You can benefit from it yourself or give it to another creature. The bearer gains one of: darkvision 60 ft, extra 10 ft of speed, proficiency in Constitution saves, resistance to acid/cold/fire/lightning/thunder (choose when creating).',NULL),(185,40,'trans-shapechanger','Shapechanger',10,'You add the Polymorph spell to your spellbook. You can cast it targeting yourself without expending a spell slot. When you do so, you can transform only into a beast whose CR is 1 or lower.',NULL),(186,40,'trans-master-transmuter','Master Transmuter',14,'You can use your action to consume the reserve of transmutation magic in your Transmuter\'s Stone to produce one of four effects: Major Transformation, Panacea (remove all curses, diseases, and poisons; restore HP to max for one creature), Restore Life (cast Raise Dead with no material cost), or Restore Youth (reduce one creature\'s apparent age by 3d10 years).',NULL),(187,6,'dark-ones-own-luck','Dark One\'s Own Luck',6,'Starting at 6th level, you can call on your patron to alter fate in your favor. When you make an ability check or a saving throw, you can use this feature to add a d10 to your roll. You can do so after seeing the initial roll but before any of the roll\'s effects occur. Once you use this feature, you can\'t use it again until you finish a short or long rest.',NULL),(188,6,'fiendish-resilience','Fiendish Resilience',10,'Starting at 10th level, you can choose one damage type when you finish a short or long rest. You gain resistance to that damage type until you choose a different one with this feature. Damage from magical weapons or silver weapons ignores this resistance.',NULL),(189,6,'hurl-through-hell','Hurl Through Hell',14,'Starting at 14th level, when you hit a creature with an attack, you can use this feature to instantly transport the target through the lower planes. The creature disappears and hurtles through a nightmare landscape. At the end of your next turn, the target returns to the space it previously occupied, or the nearest unoccupied space. If the target is not a fiend, it takes 10d10 psychic damage as it reels from its horrific experience. Once you use this feature, you can\'t use it again until you finish a long rest.',NULL),(190,4,'elemental-affinity','Elemental Affinity',6,'Starting at 6th level, when you cast a spell that deals damage of the type associated with your draconic ancestry, add your Charisma modifier to that damage. At the same time, you can spend 1 sorcery point to gain resistance to that damage type for 1 hour.',NULL),(191,4,'dragon-wings','Dragon Wings',14,'At 14th level, you gain the ability to sprout a pair of dragon wings from your back, gaining a flying speed equal to your current speed. You can create these wings as a bonus action on your turn. They last until you dismiss them as a bonus action on your turn. You can\'t manifest your wings while wearing armor unless the armor is made to accommodate them, and clothing not made to accommodate your wings might be destroyed when you manifest them.',NULL),(192,4,'draconic-presence','Draconic Presence',18,'Beginning at 18th level, you can channel the dread presence of your dragon ancestor, causing those around you to become awestruck or frightened. As an action, you can spend 5 sorcery points to draw on this power and exude an aura of awe or fear (your choice) to a distance of 60 feet. For 1 minute or until you lose your concentration (as if you were casting a concentration spell), each hostile creature that starts its turn in this aura must succeed on a Wisdom saving throw or be charmed (if you chose awe) or frightened (if you chose fear) until the aura ends. A creature that succeeds on this saving throw is immune to your aura for 24 hours.',NULL);
/*!40000 ALTER TABLE `subclass_features` ENABLE KEYS */;
UNLOCK TABLES;

--
-- Table structure for table `subclasses`
--

DROP TABLE IF EXISTS `subclasses`;
/*!40101 SET @saved_cs_client     = @@character_set_client */;
/*!50503 SET character_set_client = utf8mb4 */;
CREATE TABLE `subclasses` (
  `id` bigint NOT NULL AUTO_INCREMENT,
  `class_id` bigint NOT NULL,
  `index_name` varchar(255) COLLATE utf8mb4_unicode_ci DEFAULT NULL,
  `name` varchar(255) COLLATE utf8mb4_unicode_ci DEFAULT NULL,
  `description` text COLLATE utf8mb4_unicode_ci,
  `subclass_flavor` text COLLATE utf8mb4_unicode_ci,
  `spellcasting_ability` varchar(255) COLLATE utf8mb4_unicode_ci DEFAULT NULL,
  PRIMARY KEY (`id`),
  UNIQUE KEY `index_name` (`index_name`),
  KEY `idx_subclasses_class` (`class_id`),
  KEY `idx_subclasses_name` (`name`),
  CONSTRAINT `subclasses_ibfk_1` FOREIGN KEY (`class_id`) REFERENCES `classes` (`id`) ON DELETE CASCADE
) ENGINE=InnoDB AUTO_INCREMENT=41 DEFAULT CHARSET=utf8mb4 COLLATE=utf8mb4_unicode_ci;
/*!40101 SET character_set_client = @saved_cs_client */;

--
-- Dumping data for table `subclasses`
--

LOCK TABLES `subclasses` WRITE;
/*!40000 ALTER TABLE `subclasses` DISABLE KEYS */;
INSERT INTO `subclasses` VALUES (1,1,'berserker','Berserker','For some barbarians, rage is a means to an end--that end being violence. The Path of the Berserker is a path of untrammeled fury, slick with blood. As you enter the berserker\'s rage, you thrill in the chaos of battle, heedless of your own health or well-being.','Primal Path',NULL),(2,5,'champion','Champion','The archetypal Champion focuses on the development of raw physical power honed to deadly perfection. Those who model themselves on this archetype combine rigorous training with physical excellence to deal devastating blows.','Martial Archetype',NULL),(3,7,'devotion','Devotion','The Oath of Devotion binds a paladin to the loftiest ideals of justice, virtue, and order. Sometimes called cavaliers, white knights, or holy warriors, these paladins meet the ideal of the knight in shining armor, acting with honor in pursuit of justice and the greater good. They hold themselves to the highest standards of conduct, and some, for better or worse, hold the rest of the world to the same standards. Many who swear this oath are devoted to gods of law and good and use their gods\' tenets as the measure of their devotion. They hold angels--the perfect servants of good--as their ideals, and incorporate images of angelic wings into their helmets or coats of arms.','Sacred Oath',NULL),(4,10,'draconic','Draconic','Your innate magic comes from draconic magic that was mingled with your blood or that of your ancestors. Most often, sorcerers with this origin trace their descent back to a mighty sorcerer of ancient times who made a bargain with a dragon or who might even have claimed a dragon parent. Some of these bloodlines are well established in the world, but most are obscure. Any given sorcerer could be the first of a new bloodline, as a result of a pact or some other exceptional circumstance.','Sorcerous Origin',NULL),(5,12,'evocation','School of Evocation','You focus your study on magic that creates powerful elemental effects such as bitter cold, searing flame, rolling thunder, crackling lightning, and burning acid. Some evokers find employment in military forces, serving as artillery to blast enemy armies from afar. Others use their spectacular power to protect the weak, while some seek their own gain as bandits, adventurers, or aspiring tyrants.','Arcane Tradition',NULL),(6,11,'fiend','Fiend','You have made a pact with a fiend from the lower planes of existence, a being whose aims are evil, even if you strive against those aims. Such beings desire the corruption or destruction of all things, ultimately including you. Fiends powerful enough to forge a pact include demon lords such as Demogorgon, Orcus, Fraz\'Urb-luu, and Baphomet; archdevils such as Asmodeus, Dispater, Mephistopheles, and Belial; pit fiends and balors that are especially mighty; and ultroloths and other lords of the yugoloths.','Otherworldly Patron',NULL),(7,8,'hunter','Hunter','Emulating the Hunter archetype means accepting your place as a bulwark between civilization and the terrors of the wilderness. As you walk the Hunter\'s path, you learn specialized techniques for fighting the threats you face, from rampaging ogres and hordes of orcs to towering giants and terrifying dragons.','Ranger Archetype',NULL),(8,4,'land','Land','The Circle of the Land is made up of mystics and sages who safeguard ancient knowledge and rites through a vast oral tradition. These druids meet within sacred circles of trees or standing stones to whisper primal secrets in Druidic. The circle\'s wisest members preside as the chief priests of communities that hold to the Old Faith and serve as advisors to the rulers of those folk. As a member of this circle, your magic is influenced by the land where you were initiated into the circle\'s mysterious rites.','Druid Circle',NULL),(9,3,'life','Life','The Life domain focuses on the vibrant positive energy--one of the fundamental forces of the universe--that sustains all life. The gods of life promote vitality and health through healing the sick and wounded, caring for those in need, and driving away the forces of death and undeath. Almost any non-evil deity can claim influence over this domain, particularly agricultural deities, sun gods, gods of healing or endurance, and gods of home and community.','Divine Domain',NULL),(10,2,'lore','Lore','Bards of the College of Lore know something about most things, collecting bits of knowledge from sources as diverse as scholarly tomes and peasant tales. Whether singing folk ballads in taverns or elaborate compositions in royal courts, these bards use their gifts to hold audiences spellbound. When the applause dies down, the audience members might find themselves questioning everything they held to be true, from their faith in the priesthood of the local temple to their loyalty to the king. The loyalty of these bards lies in the pursuit of beauty and truth, not in fealty to a monarch or following the tenets of a deity. A noble who keeps such a bard as a herald or advisor knows that the bard would rather be honest than politic. The college\'s members gather in libraries and sometimes in actual colleges, complete with classrooms and dormitories, to share their lore with one another. They also meet at festivals or affairs of state, where they can expose corruption, unravel lies, and poke fun at self-important figures of authority.','Bard College',NULL),(11,6,'open-hand','Open Hand','Monks of the Way of the Open Hand are the ultimate masters of martial arts combat, whether armed or unarmed. They learn techniques to push and trip their opponents, manipulate ki to heal damage to their bodies, and practice advanced meditation that can protect them from harm.','Monastic Tradition',NULL),(12,9,'thief','Thief','You hone your skills in the larcenous arts. Burglars, bandits, cutpurses, and other criminals typically follow this archetype, but so do rogues who prefer to think of themselves as professional treasure seekers, explorers, delvers, and investigators. In addition to improving your agility and stealth, you learn skills useful for delving into ancient ruins, reading unfamiliar languages, and using magic items you normally couldn\'t employ.','Roguish Archetype',NULL),(13,1,'path-of-the-totem-warrior','Path of the Totem Warrior','The Path of the Totem Warrior is a spiritual journey, as the barbarian accepts a spirit animal as guide, protector, and inspiration. In battle, your totem spirit fills you with supernatural might, adding magical fuel to your barbarian rage.','Primal Path',NULL),(14,2,'college-of-valor','College of Valor','Bards of the College of Valor are daring skalds whose tales keep alive the memory of the great heroes of the past and inspire a new generation of heroes. These bards gather in mead halls or around great bonfires to sing the deeds of the mighty.','Bard College',NULL),(15,3,'knowledge-domain','Knowledge Domain','The gods of knowledge value learning and understanding above all. Some teach that knowledge is to be gathered and shared in libraries and universities, or promote the practical knowledge of craft and magic. Deities of knowledge include Oghma and Ioun.','Divine Domain',NULL),(16,3,'light-domain','Light Domain','Gods of light promote the ideals of rebirth and renewal, truth, vigilance, and beauty, often using the symbol of the sun. Deities include Pelor, Lathander, Pholtus, Branchala, and the Silver Flame.','Divine Domain',NULL),(17,3,'nature-domain','Nature Domain','Gods of nature are as varied as the natural world itself, from deities of the sea and storm to those of the harvest, healing, and the wilds. Deities include Silvanus, Obad-Hai, Chauntea, and Uller.','Divine Domain',NULL),(18,3,'tempest-domain','Tempest Domain','Gods whose portfolios include the Tempest domain govern storms, sea, and sky. They include Talos, Umberlee, Kord, Zeboim, and Riswynn.','Divine Domain',NULL),(19,3,'trickery-domain','Trickery Domain','Gods of trickery are mischief-makers and instigators who stand as a constant challenge to the accepted order among both gods and mortals. Deities include Tymora, Beshaba, Olidammara, the Traveler, and Garl Glittergold.','Divine Domain',NULL),(20,3,'war-domain','War Domain','War has many manifestations. It can make heroes of ordinary people. Gods of war watch over warriors and reward great deeds. Deities include Tempus, Hextor, Erythnul, the Halfling pantheon, and Tyr.','Divine Domain',NULL),(21,4,'circle-of-the-moon','Circle of the Moon','Druids of the Circle of the Moon are fierce guardians of the wilds. Their order gathers under the full moon to share news and trade warnings. They master ferocious shapes that can strike terror into the most powerful foes.','Druid Circle',NULL),(22,5,'battle-master','Battle Master','Those who emulate the archetypal Battle Master employ martial techniques passed down through generations. A Battle Master might be a noted warrior-teacher who has taught kings and knights, or a knight who has spent years studying anatomy and sword technique.','Martial Archetype',NULL),(23,5,'eldritch-knight','Eldritch Knight','The archetypal Eldritch Knight combines the martial mastery common to all fighters with a careful study of magic. Eldritch Knights use magical techniques similar to those practiced by wizards. They focus their study on two schools: abjuration and evocation.','Martial Archetype','INT'),(24,6,'way-of-shadow','Way of Shadow','Monks of the Way of Shadow follow a tradition that values stealth and subterfuge. These monks might be called ninjas or shadowdancers, and they serve as spies and assassins.','Monastic Tradition',NULL),(25,6,'way-of-the-four-elements','Way of the Four Elements','You follow a monastic tradition that teaches you to harness the elements. When you focus your ki, you can align yourself with the forces of creation and bend the four elements to your will.','Monastic Tradition',NULL),(26,7,'oath-of-the-ancients','Oath of the Ancients','The Oath of the Ancients is as old as the race of elves and the rituals of the druids. Sometimes called fey knights, green knights, or horned knights, paladins who swear this oath cast their lot with the side of the light in the cosmic struggle against darkness.','Sacred Oath',NULL),(27,7,'oath-of-vengeance','Oath of Vengeance','The Oath of Vengeance is a solemn commitment to punish those who have committed a grievous sin. When evil forces slaughter helpless villagers, when an entire people turns against the will of the gods, the paladins who swear this oath thrust themselves into the harshest conditions.','Sacred Oath',NULL),(28,8,'beast-master','Beast Master','The Beast Master archetype embodies a friendship between the civilized races and the beasts of the world. United in focus, beast and ranger work as one to fight the monstrous foes that threaten civilization and the wilderness alike.','Ranger Archetype',NULL),(29,9,'assassin','Assassin','You focus your training on the grim art of death. Those who adhere to this archetype are diverse: hired killers, spies, bounty hunters, and even specially anointed priests trained to exterminate the enemies of their deity.','Roguish Archetype',NULL),(30,9,'arcane-trickster','Arcane Trickster','Some rogues enhance their fine-honed skills of stealth and agility with magic, learning tricks of enchantment and illusion. These rogues include pickpockets and burglars, but also pranksters, mischief-makers, and a significant number of adventurers.','Roguish Archetype','INT'),(31,10,'wild-magic','Wild Magic','Your innate magic comes from the wild forces of chaos that underlie the order of creation. You might have endured exposure to some form of raw magic, perhaps through a planar portal leading to Limbo or the Elemental Planes.','Sorcerous Origin',NULL),(32,11,'the-archfey','The Archfey','Your patron is a lord or lady of the fey, a creature of legend who holds secrets that were forgotten before the mortal races were born. This being\'s motives are often inscrutable, and sometimes whimsical, and might involve the gathering of mortal allies and pawns.','Otherworldly Patron',NULL),(33,11,'the-great-old-one','The Great Old One','Your patron is a mysterious entity whose nature is utterly foreign to the fabric of reality. It might come from the Far Realm, or it could be one of the elder gods known only in legends. Its desires are unknowable.','Otherworldly Patron',NULL),(34,12,'school-of-abjuration','School of Abjuration','The School of Abjuration emphasizes magic that blocks, banishes, or protects. Detractors of this school call it the best school for cowards. Supporters say that without the abjurers, civilizations would long ago have fallen to ruin.','Arcane Tradition',NULL),(35,12,'school-of-conjuration','School of Conjuration','As a conjurer, you favor spells that produce objects and creatures out of thin air. You can conjure billowing clouds of killing fog or summon creatures from elsewhere to fight on your behalf.','Arcane Tradition',NULL),(36,12,'school-of-divination','School of Divination','The counsel of a diviner is sought by royalty and commoners alike, for all seek a clearer understanding of the past, present, and future. As a diviner, you strive to part the veils of space, time, and consciousness so that you can see clearly.','Arcane Tradition',NULL),(37,12,'school-of-enchantment','School of Enchantment','As a member of the School of Enchantment, you have honed your ability to magically entrance and beguile other people and monsters. Some enchanters are peacemakers who bewitch the violent to lay down their arms and treat others with respect.','Arcane Tradition',NULL),(38,12,'school-of-illusion','School of Illusion','You focus your studies on magic that dazzles the senses, befuddles the mind, and tricks even the wisest folk. Your magic is subtle, but the illusions crafted by your keen mind make the impossible seem real.','Arcane Tradition',NULL),(39,12,'school-of-necromancy','School of Necromancy','The School of Necromancy explores the cosmic forces of life, death, and undeath. As you focus your studies in this tradition, you learn to manipulate the energy that animates all living things.','Arcane Tradition',NULL),(40,12,'school-of-transmutation','School of Transmutation','You are a student of spells that modify energy and matter. To you, the world is not a fixed thing, but eminently mutable, and you delight in being an agent of change. You wield the raw stuff of creation and learn to alter both physical forms and mental qualities.','Arcane Tradition',NULL);
/*!40000 ALTER TABLE `subclasses` ENABLE KEYS */;
UNLOCK TABLES;

--
-- Table structure for table `subrace_ability_bonuses`
--

DROP TABLE IF EXISTS `subrace_ability_bonuses`;
/*!40101 SET @saved_cs_client     = @@character_set_client */;
/*!50503 SET character_set_client = utf8mb4 */;
CREATE TABLE `subrace_ability_bonuses` (
  `subrace_id` bigint NOT NULL,
  `bonus` int DEFAULT NULL,
  `ability` varchar(255) COLLATE utf8mb4_unicode_ci NOT NULL,
  PRIMARY KEY (`subrace_id`,`ability`),
  CONSTRAINT `FK579crlblfrok2loiaf4wm1bti` FOREIGN KEY (`subrace_id`) REFERENCES `subraces` (`id`)
) ENGINE=InnoDB DEFAULT CHARSET=utf8mb4 COLLATE=utf8mb4_unicode_ci;
/*!40101 SET character_set_client = @saved_cs_client */;

--
-- Dumping data for table `subrace_ability_bonuses`
--

LOCK TABLES `subrace_ability_bonuses` WRITE;
/*!40000 ALTER TABLE `subrace_ability_bonuses` DISABLE KEYS */;
INSERT INTO `subrace_ability_bonuses` VALUES (1,1,'int'),(2,1,'wis'),(3,1,'cha'),(4,1,'con'),(5,2,'con'),(5,2,'str'),(6,1,'wis'),(7,1,'cha'),(8,1,'con'),(9,1,'dex');
/*!40000 ALTER TABLE `subrace_ability_bonuses` ENABLE KEYS */;
UNLOCK TABLES;

--
-- Table structure for table `subrace_traits`
--

DROP TABLE IF EXISTS `subrace_traits`;
/*!40101 SET @saved_cs_client     = @@character_set_client */;
/*!50503 SET character_set_client = utf8mb4 */;
CREATE TABLE `subrace_traits` (
  `subrace_id` bigint NOT NULL,
  `trait` text COLLATE utf8mb4_unicode_ci,
  `trait_id` bigint NOT NULL,
  KEY `FKn1vwmw0fn3tu9658yjpm5c9ie` (`subrace_id`),
  KEY `FKo90munyllp8c13e0qt9e0qnd2` (`trait_id`),
  CONSTRAINT `FKn1vwmw0fn3tu9658yjpm5c9ie` FOREIGN KEY (`subrace_id`) REFERENCES `subraces` (`id`),
  CONSTRAINT `FKo90munyllp8c13e0qt9e0qnd2` FOREIGN KEY (`trait_id`) REFERENCES `racial_traits` (`id`)
) ENGINE=InnoDB DEFAULT CHARSET=utf8mb4 COLLATE=utf8mb4_unicode_ci;
/*!40101 SET character_set_client = @saved_cs_client */;

--
-- Dumping data for table `subrace_traits`
--

LOCK TABLES `subrace_traits` WRITE;
/*!40000 ALTER TABLE `subrace_traits` DISABLE KEYS */;
INSERT INTO `subrace_traits` VALUES (1,NULL,22),(1,NULL,23),(1,NULL,24),(2,NULL,25),(3,NULL,26),(4,NULL,27),(4,NULL,28),(5,NULL,29),(6,NULL,22),(6,NULL,30),(6,NULL,31),(7,NULL,32),(7,NULL,33),(7,NULL,34),(7,NULL,35),(8,NULL,36),(9,NULL,37),(9,NULL,38);
/*!40000 ALTER TABLE `subrace_traits` ENABLE KEYS */;
UNLOCK TABLES;

--
-- Table structure for table `subraces`
--

DROP TABLE IF EXISTS `subraces`;
/*!40101 SET @saved_cs_client     = @@character_set_client */;
/*!50503 SET character_set_client = utf8mb4 */;
CREATE TABLE `subraces` (
  `id` bigint NOT NULL AUTO_INCREMENT,
  `description` text COLLATE utf8mb4_unicode_ci,
  `index_name` varchar(255) COLLATE utf8mb4_unicode_ci DEFAULT NULL,
  `name` varchar(255) COLLATE utf8mb4_unicode_ci DEFAULT NULL,
  `race_id` bigint NOT NULL,
  PRIMARY KEY (`id`),
  UNIQUE KEY `UK_dcla2nndxhd7md600fu5gqd5x` (`index_name`),
  KEY `FKgkacr2m5np75moe9fme57naee` (`race_id`),
  CONSTRAINT `FKgkacr2m5np75moe9fme57naee` FOREIGN KEY (`race_id`) REFERENCES `race` (`id`)
) ENGINE=InnoDB AUTO_INCREMENT=10 DEFAULT CHARSET=utf8mb4 COLLATE=utf8mb4_unicode_ci;
/*!40101 SET character_set_client = @saved_cs_client */;

--
-- Dumping data for table `subraces`
--

LOCK TABLES `subraces` WRITE;
/*!40000 ALTER TABLE `subraces` DISABLE KEYS */;
INSERT INTO `subraces` VALUES (1,'As a high elf, you have a keen mind and a mastery of at least the basics of magic. In many fantasy gaming worlds, there are two kinds of high elves. One type is haughty and reclusive, believing themselves to be superior to non-elves and even other elves. The other type is more common and more friendly, and often encountered among humans and other races.','high-elf','High Elf',3),(2,'As a hill dwarf, you have keen senses, deep intuition, and remarkable resilience.','hill-dwarf','Hill Dwarf',2),(3,'As a lightfoot halfling, you can easily hide from notice, even using other people as cover. You\'re inclined to be affable and get along well with others. Lightfoots are more prone to wanderlust than other halflings, and often dwell alongside other races or take up a nomadic life.','lightfoot-halfling','Lightfoot Halfling',7),(4,'As a rock gnome, you have a natural inventiveness and hardiness beyond that of other gnomes.','rock-gnome','Rock Gnome',4),(5,'As a mountain dwarf, you\'re strong and hardy, accustomed to a difficult life in rugged terrain. You\'re probably on the tall side (for a dwarf), and tend toward lighter coloration.','mountain-dwarf','Mountain Dwarf',2),(6,'As a wood elf, you have keen senses and intuition, and your fleet feet carry you quickly and stealthily through your native forests. This category includes the wild elves of Greyhawk, the Kagonesti of Dragonlance, and the Bosmer of the Forgotten Realms. In Faerûn, wood elves (also called wild elves, green elves, or forest elves) are reclusive and distrusted outsiders.','wood-elf','Wood Elf',3),(7,'Descended from an earlier subrace of dark-skinned elves, the drow were banished from the surface world for following the goddess Lolth down the path to evil and corruption. Now they have built their own civilization in the depths of the Underdark, patterned after the Way of Lolth. Also called dark elves, the drow have black skin that resembles polished obsidian and stark white or pale yellow hair.','drow','Dark Elf (Drow)',3),(8,'As a stout halfling, you\'re hardier than average and have some resistance to poison. Some say that stouts have dwarf blood. In the Forgotten Realms, these halflings are called stronghearts, and they\'re most common in the south.','stout-halfling','Stout Halfling',7),(9,'As a forest gnome, you have a natural knack for illusion and inherent quickness and stealth. Forest gnomes are rare and secretive. They gather in hidden communities in sylvan forests, using illusions and trickery to conceal themselves from threats or to mask their escape if endangered.','forest-gnome','Forest Gnome',4);
/*!40000 ALTER TABLE `subraces` ENABLE KEYS */;
UNLOCK TABLES;

--
-- Table structure for table `users`
--

DROP TABLE IF EXISTS `users`;
/*!40101 SET @saved_cs_client     = @@character_set_client */;
/*!50503 SET character_set_client = utf8mb4 */;
CREATE TABLE `users` (
  `id` bigint NOT NULL AUTO_INCREMENT,
  `username` varchar(50) COLLATE utf8mb4_unicode_ci NOT NULL,
  `password` varchar(255) COLLATE utf8mb4_unicode_ci NOT NULL,
  `created_at` datetime NOT NULL,
  `last_login` datetime DEFAULT NULL,
  `active` tinyint(1) NOT NULL DEFAULT '1',
  `role` enum('USER','ADMIN') COLLATE utf8mb4_unicode_ci NOT NULL,
  PRIMARY KEY (`id`),
  UNIQUE KEY `username` (`username`),
  KEY `idx_users_username` (`username`)
) ENGINE=InnoDB AUTO_INCREMENT=3 DEFAULT CHARSET=utf8mb4 COLLATE=utf8mb4_unicode_ci;
/*!40101 SET character_set_client = @saved_cs_client */;

--
-- Dumping data for table `users`
--

LOCK TABLES `users` WRITE;
/*!40000 ALTER TABLE `users` DISABLE KEYS */;
INSERT INTO `users` VALUES (1,'admin','$2a$10$k/rz7b8CmpJNloaLFkzfiOhTHeNNfygrMwhPMyNvvAIrKTy5vmaOq','2026-03-24 11:33:59','2026-04-29 11:01:02',1,'ADMIN'),(2,'Jess','$2a$10$dda01iEpaot2qZbQBKEbnO59k5pGxWnUtB..aVgmTC.Npg9k6lUxO','2026-04-29 09:11:15','2026-04-29 09:11:30',1,'USER');
/*!40000 ALTER TABLE `users` ENABLE KEYS */;
UNLOCK TABLES;

--
-- Temporary view structure for view `v_character_full_info`
--

DROP TABLE IF EXISTS `v_character_full_info`;
/*!50001 DROP VIEW IF EXISTS `v_character_full_info`*/;
SET @saved_cs_client     = @@character_set_client;
/*!50503 SET character_set_client = utf8mb4 */;
/*!50001 CREATE VIEW `v_character_full_info` AS SELECT 
 1 AS `id`,
 1 AS `name`,
 1 AS `level`,
 1 AS `max_hp`,
 1 AS `current_hp`,
 1 AS `proficiency_bonus`,
 1 AS `race_name`,
 1 AS `class_name`,
 1 AS `background_name`,
 1 AS `hit_die`*/;
SET character_set_client = @saved_cs_client;

--
-- Temporary view structure for view `v_character_spells_detail`
--

DROP TABLE IF EXISTS `v_character_spells_detail`;
/*!50001 DROP VIEW IF EXISTS `v_character_spells_detail`*/;
SET @saved_cs_client     = @@character_set_client;
/*!50503 SET character_set_client = utf8mb4 */;
/*!50001 CREATE VIEW `v_character_spells_detail` AS SELECT 
 1 AS `id`,
 1 AS `character_name`,
 1 AS `spell_name`,
 1 AS `spell_level`,
 1 AS `school`,
 1 AS `casting_time`,
 1 AS `prepared`,
 1 AS `learned`,
 1 AS `times_cast`,
 1 AS `spell_source`*/;
SET character_set_client = @saved_cs_client;

--
-- Final view structure for view `v_character_full_info`
--

/*!50001 DROP VIEW IF EXISTS `v_character_full_info`*/;
/*!50001 SET @saved_cs_client          = @@character_set_client */;
/*!50001 SET @saved_cs_results         = @@character_set_results */;
/*!50001 SET @saved_col_connection     = @@collation_connection */;
/*!50001 SET character_set_client      = latin1 */;
/*!50001 SET character_set_results     = latin1 */;
/*!50001 SET collation_connection      = latin1_swedish_ci */;
/*!50001 CREATE ALGORITHM=UNDEFINED */
/*!50013 DEFINER=`root`@`localhost` SQL SECURITY DEFINER */
/*!50001 VIEW `v_character_full_info` AS select `c`.`id` AS `id`,`c`.`name` AS `name`,`c`.`level` AS `level`,`c`.`max_hp` AS `max_hp`,`c`.`current_hp` AS `current_hp`,`c`.`proficiency_bonus` AS `proficiency_bonus`,`r`.`name` AS `race_name`,`cl`.`name` AS `class_name`,`b`.`name` AS `background_name`,`cl`.`hit_die` AS `hit_die` from (((`characters` `c` left join `race` `r` on((`c`.`race_id` = `r`.`id`))) left join `classes` `cl` on((`c`.`class_id` = `cl`.`id`))) left join `backgrounds` `b` on((`c`.`background_id` = `b`.`id`))) */;
/*!50001 SET character_set_client      = @saved_cs_client */;
/*!50001 SET character_set_results     = @saved_cs_results */;
/*!50001 SET collation_connection      = @saved_col_connection */;

--
-- Final view structure for view `v_character_spells_detail`
--

/*!50001 DROP VIEW IF EXISTS `v_character_spells_detail`*/;
/*!50001 SET @saved_cs_client          = @@character_set_client */;
/*!50001 SET @saved_cs_results         = @@character_set_results */;
/*!50001 SET @saved_col_connection     = @@collation_connection */;
/*!50001 SET character_set_client      = latin1 */;
/*!50001 SET character_set_results     = latin1 */;
/*!50001 SET collation_connection      = latin1_swedish_ci */;
/*!50001 CREATE ALGORITHM=UNDEFINED */
/*!50013 DEFINER=`dnd_user`@`%` SQL SECURITY DEFINER */
/*!50001 VIEW `v_character_spells_detail` AS select `cs`.`id` AS `id`,`c`.`name` AS `character_name`,`s`.`name` AS `spell_name`,`s`.`level` AS `spell_level`,`s`.`school` AS `school`,`s`.`casting_time` AS `casting_time`,`cs`.`prepared` AS `prepared`,`cs`.`learned` AS `learned`,`cs`.`times_cast` AS `times_cast`,`cs`.`spell_source` AS `spell_source` from ((`character_spells` `cs` join `characters` `c` on((`cs`.`character_id` = `c`.`id`))) join `spells` `s` on((`cs`.`spell_id` = `s`.`id`))) */;
/*!50001 SET character_set_client      = @saved_cs_client */;
/*!50001 SET character_set_results     = @saved_cs_results */;
/*!50001 SET collation_connection      = @saved_col_connection */;
/*!40103 SET TIME_ZONE=@OLD_TIME_ZONE */;

/*!40101 SET SQL_MODE=@OLD_SQL_MODE */;
/*!40014 SET FOREIGN_KEY_CHECKS=@OLD_FOREIGN_KEY_CHECKS */;
/*!40014 SET UNIQUE_CHECKS=@OLD_UNIQUE_CHECKS */;
/*!40101 SET CHARACTER_SET_CLIENT=@OLD_CHARACTER_SET_CLIENT */;
/*!40101 SET CHARACTER_SET_RESULTS=@OLD_CHARACTER_SET_RESULTS */;
/*!40101 SET COLLATION_CONNECTION=@OLD_COLLATION_CONNECTION */;
/*!40111 SET SQL_NOTES=@OLD_SQL_NOTES */;

-- Dump completed on 2026-04-29 12:06:45
